,子曰·禮茶居(花都三东店),餐饮服务,茶艺馆,茶艺馆.1,广东省,广州市,花都区,113.235858,23.408879
0,Hugo Coffee雨果咖啡,餐饮服务,咖啡厅,咖啡厅,广东省,广州市,花都区,113.234941,23.407145
1,简.relax,餐饮服务,冷饮店,冷饮店,广东省,广州市,花都区,113.236174,23.405004
2,温商号休闲茶吧,餐饮服务,茶艺馆,茶艺馆,广东省,广州市,花都区,113.238509,23.407051
3,欧风麦田(三东店),餐饮服务,糕饼店,糕饼店,广东省,广州市,花都区,113.234285,23.408456
4,芙蓉の茶,餐饮服务,冷饮店,冷饮店,广东省,广州市,花都区,113.239419,23.511224
5,La Camomille聚*创意公社,餐饮服务,咖啡厅,咖啡厅,广东省,广州市,花都区,113.205084,23.492169
6,咩丫茶(唐阁店),餐饮服务,冷饮店,冷饮店,广东省,广州市,白云区,113.241737,23.256811
7,坤记蛋糕坊,餐饮服务,糕饼店,糕饼店,广东省,广州市,白云区,113.241302,23.256536
8,可可糖水,餐饮服务,冷饮店,冷饮店,广东省,广州市,白云区,113.245486,23.238479
9,萌客茶饮,餐饮服务,冷饮店,冷饮店,广东省,广州市,白云区,113.239028,23.334357
10,冰点TiMES,餐饮服务,冷饮店,冷饮店,广东省,广州市,白云区,113.239179,23.335142
11,蜜悦甜品店,餐饮服务,糕饼店,糕饼店,广东省,广州市,白云区,113.229411,23.324406
12,糖趣甜品,餐饮服务,甜品店,甜品店,广东省,广州市,花都区,113.233534,23.342898
13,山海沐茶(东镜旗舰店),餐饮服务,冷饮店,冷饮店,广东省,广州市,花都区,113.230058,23.34004
14,晴天蛋糕烘焙工作室,餐饮服务,糕饼店,糕饼店,广东省,广州市,花都区,113.23544,23.342995
15,TTSQUAT坐阵·士多(花蕾路店),餐饮服务,冷饮店,冷饮店,广东省,广州市,荔湾区,113.23786,23.093606
16,桾城饼家(广州花蕾店),餐饮服务,糕饼店,糕饼店,广东省,广州市,荔湾区,113.237038,23.094151
17,麦奇香(芳村店),餐饮服务,糕饼店,糕饼店,广东省,广州市,荔湾区,113.237217,23.09774
18,彤彤钵仔糕,餐饮服务,甜品店,甜品店,广东省,广州市,荔湾区,113.243373,23.089781
19,达生堂凉茶铺,餐饮服务,冷饮店,冷饮店,广东省,广州市,荔湾区,113.236639,23.093225
20,蓉心园甜品(芳村店),餐饮服务,甜品店,甜品店,广东省,广州市,荔湾区,113.236495,23.097963
21,奥香帝(横滘店),餐饮服务,糕饼店,糕饼店,广东省,广州市,白云区,113.239118,23.173115
22,云南伊佳糕点,餐饮服务,糕饼店,糕饼店,广东省,广州市,白云区,113.2381,23.17085
23,茗壶轩(惠德北路),餐饮服务,茶艺馆,茶艺馆,广东省,广州市,白云区,113.237599,23.173379
24,德康凉茶,餐饮服务,冷饮店,冷饮店,广东省,广州市,白云区,113.239279,23.173057
25,黄氏牛奶甜品专家(同德店),餐饮服务,甜品店,甜品店,广东省,广州市,白云区,113.236625,23.174049
26,化州超记甜品,餐饮服务,甜品店,甜品店,广东省,广州市,番禺区,113.317696,23.013005
27,皇廷佳麦西饼(礼村店),餐饮服务,糕饼店,糕饼店,广东省,广州市,番禺区,113.318023,23.012768
28,绿贝烘焙(礼村店),餐饮服务,糕饼店,糕饼店,广东省,广州市,番禺区,113.317155,23.012989
29,超润甜品,餐饮服务,冷饮店,冷饮店,广东省,广州市,番禺区,113.317749,23.012896
30,超润糖水(洪昌工业路),餐饮服务,甜品店,甜品店,广东省,广州市,番禺区,113.317188,23.012987
31,自然之花烘焙(明珠店),餐饮服务,糕饼店,糕饼店,广东省,广州市,番禺区,113.318308,23.015522
32,棠小一,餐饮服务,冷饮店,冷饮店,广东省,广州市,番禺区,113.317871,23.015356
33,royaltea皇茶(新月明珠花园店),餐饮服务,冷饮店,冷饮店,广东省,广州市,番禺区,113.317877,23.014817
34,JT Coffee,餐饮服务,咖啡厅,咖啡厅,广东省,广州市,番禺区,113.317668,23.015536
35,喜三德(江贝小区店),餐饮服务,甜品店,甜品店,广东省,广州市,海珠区,113.319329,23.092137
36,星巴克臻选(珠影星光城店),餐饮服务,咖啡厅,星巴克咖啡,广东省,广州市,海珠区,113.320821,23.095224
37,一点甜,餐饮服务,甜品店,甜品店,广东省,广州市,海珠区,113.320206,23.092057
38,金之信蛋糕连锁店(墩和店),餐饮服务,糕饼店,糕饼店,广东省,广州市,海珠区,113.318497,23.088223
39,添香饼家(敦和路店),餐饮服务,糕饼店,糕饼店,广东省,广州市,海珠区,113.317809,23.088853
40,面包新语(海珠丽影广场店),餐饮服务,糕饼店,糕饼店,广东省,广州市,海珠区,113.32041,23.095741
41,咕噜咕噜(海珠丽影广场店),餐饮服务,冷饮店,冷饮店,广东省,广州市,海珠区,113.319983,23.095816
42,幸福西饼(艺苑南路店),餐饮服务,糕饼店,糕饼店,广东省,广州市,海珠区,113.320156,23.092127
43,1点点(艺苑南路店),餐饮服务,冷饮店,冷饮店,广东省,广州市,海珠区,113.322989,23.094302
44,可可茶觉,餐饮服务,冷饮店,冷饮店,广东省,广州市,南沙区,113.316399,22.845346
45,茶理斯(南沙榄核店),餐饮服务,冷饮店,冷饮店,广东省,广州市,南沙区,113.337502,22.83577
46,香飘茶,餐饮服务,冷饮店,冷饮店,广东省,广州市,南沙区,113.336571,22.831861
47,广隆蛋挞王(榄核店),餐饮服务,糕饼店,糕饼店,广东省,广州市,南沙区,113.338949,22.838413
48,小希的茶,餐饮服务,冷饮店,冷饮店,广东省,广州市,南沙区,113.343698,22.838891
49,今天To day cake(榄核分店),餐饮服务,糕饼店,糕饼店,广东省,广州市,南沙区,113.341607,22.838025
50,澳泽烘焙(横江店),餐饮服务,糕饼店,糕饼店,广东省,广州市,番禺区,113.31875,22.934594
51,广西祖传凉茶,餐饮服务,冷饮店,冷饮店,广东省,广州市,番禺区,113.318375,22.935014
52,杏枝甜品店,餐饮服务,甜品店,甜品店,广东省,广州市,番禺区,113.318929,22.936563
53,益和烤奶,餐饮服务,冷饮店,冷饮店,广东省,广州市,番禺区,113.318634,22.934318
54,小轩茶,餐饮服务,冷饮店,冷饮店,广东省,广州市,番禺区,113.320924,22.937532
55,茶香司语,餐饮服务,冷饮店,冷饮店,广东省,广州市,番禺区,113.319051,22.936563
56,遇见甜品,餐饮服务,甜品店,甜品店,广东省,广州市,番禺区,113.320104,22.936569
57,品盈轩专业蛋糕店,餐饮服务,糕饼店,糕饼店,广东省,广州市,番禺区,113.332625,22.936768
58,常诚蛋糕名店,餐饮服务,糕饼店,糕饼店,广东省,广州市,花都区,113.293566,23.492985
59,饮得爽魅力茶饮,餐饮服务,冷饮店,冷饮店,广东省,广州市,花都区,113.293099,23.491614
60,十一咖啡吧,餐饮服务,咖啡厅,咖啡厅,广东省,广州市,花都区,113.356786,23.458397
61,益禾堂(花城大街),餐饮服务,甜品店,甜品店,广东省,广州市,花都区,113.293438,23.493176
62,卓玛拉姆主题咖啡店,餐饮服务,咖啡厅,咖啡厅,广东省,广州市,花都区,113.280552,23.5793
63,覃公子蛋糕店,餐饮服务,糕饼店,糕饼店,广东省,广州市,白云区,113.331554,23.335748
64,家园甜品,餐饮服务,甜品店,甜品店,广东省,广州市,白云区,113.30202,23.334952
65,新利饼家(人和西街店),餐饮服务,糕饼店,糕饼店,广东省,广州市,白云区,113.29995,23.33308
66,为食猫,餐饮服务,甜品店,甜品店,广东省,广州市,白云区,113.300487,23.332729
67,向南庄小时光烘培屋,餐饮服务,糕饼店,糕饼店,广东省,广州市,花都区,113.324322,23.422296
68,麦迪娜蛋糕店(广州花都花东店),餐饮服务,糕饼店,糕饼店,广东省,广州市,花都区,113.329081,23.436771
69,水果捞,餐饮服务,冷饮店,冷饮店,广东省,广州市,花都区,113.310957,23.398989
70,泰猴味奶茶店,餐饮服务,冷饮店,冷饮店,广东省,广州市,花都区,113.322384,23.433435
71,不亦茶乎,餐饮服务,冷饮店,冷饮店,广东省,广州市,花都区,113.321028,23.433565
72,菠萝蜜奶茶,餐饮服务,冷饮店,冷饮店,广东省,广州市,天河区,113.319038,23.173588
73,Have fun趣致总动员桌游休闲吧,餐饮服务,休闲餐饮场所,休闲餐饮场所,广东省,广州市,天河区,113.319598,23.173253
74,皇冠新玛莉(梅花园店),餐饮服务,糕饼店,糕饼店,广东省,广州市,天河区,113.320098,23.174321
75,1点点(梅花园),餐饮服务,冷饮店,冷饮店,广东省,广州市,天河区,113.320022,23.17414
76,漫藤咖啡馆(怡新路店),餐饮服务,咖啡厅,咖啡厅,广东省,广州市,白云区,113.321797,23.176078
77,黑龍茶,餐饮服务,冷饮店,冷饮店,广东省,广州市,天河区,113.318484,23.174252
78,美香源西饼屋,餐饮服务,糕饼店,糕饼店,广东省,广州市,天河区,113.31762,23.16982
79,甜橙蛋糕店,餐饮服务,糕饼店,糕饼店,广东省,广州市,天河区,113.318482,23.173843
80,利口福(怡新花园店),餐饮服务,糕饼店,糕饼店,广东省,广州市,白云区,113.322026,23.17547
81,芊语西饼,餐饮服务,糕饼店,糕饼店,广东省,广州市,天河区,113.318355,23.17198
82,茶萃吧(东平地铁口E出口店),餐饮服务,冷饮店,冷饮店,广东省,广州市,白云区,113.317793,23.252564
83,瑞划算,餐饮服务,咖啡厅,咖啡厅,广东省,广州市,白云区,113.31913,23.253117
84,诗玛蛋糕(东平分店),餐饮服务,糕饼店,糕饼店,广东省,广州市,白云区,113.313923,23.252663
85,清新强劲凉茶有限公司,餐饮服务,冷饮店,冷饮店,广东省,广州市,白云区,113.314771,23.253436
86,皇冠新玛莉(东平F店),餐饮服务,糕饼店,糕饼店,广东省,广州市,白云区,113.316896,23.250541
87,东海堂(白云东平地铁店),餐饮服务,糕饼店,糕饼店,广东省,广州市,白云区,113.317877,23.251548
88,佳麦蛋糕(涉外店),餐饮服务,糕饼店,糕饼店,广东省,广州市,白云区,113.364131,23.252287
89,超润糖水,餐饮服务,甜品店,甜品店,广东省,广州市,白云区,113.364617,23.252382
90,白露寻味椰子冰,餐饮服务,甜品店,甜品店,广东省,广州市,白云区,113.364622,23.25327
91,Luckin coffee瑞幸咖啡(小马驹创意园店),餐饮服务,咖啡厅,咖啡厅,广东省,广州市,天河区,113.376786,23.21396
92,圣玛莉(彭城一街),餐饮服务,糕饼店,糕饼店,广东省,广州市,白云区,113.360964,23.291539
93,柠起柠檬茶室,餐饮服务,冷饮店,冷饮店,广东省,广州市,白云区,113.361722,23.291968
94,益禾堂(良田南国商学院校外店),餐饮服务,冷饮店,冷饮店,广东省,广州市,白云区,113.38359,23.340954
95,麦语家园·蛋糕烘焙(黄埔村直营店),餐饮服务,糕饼店,糕饼店,广东省,广州市,海珠区,113.397958,23.092967
96,平安堂凉茶店(黄埔村店),餐饮服务,冷饮店,冷饮店,广东省,广州市,海珠区,113.398225,23.093815
97,强力凉茶(盘石大街),餐饮服务,冷饮店,冷饮店,广东省,广州市,海珠区,113.397889,23.092853
98,尚一面包蛋糕房,餐饮服务,糕饼店,糕饼店,广东省,广州市,海珠区,113.398299,23.093771
99,利口福(黄埔古村店),餐饮服务,糕饼店,糕饼店,广东省,广州市,海珠区,113.398039,23.093432
100,金早绿点(黄埔古村店),餐饮服务,糕饼店,糕饼店,广东省,广州市,海珠区,113.397967,23.093934
101,港缘港式奶茶休闲小吃,餐饮服务,冷饮店,冷饮店,广东省,广州市,海珠区,113.396905,23.091371
102,应许之地,餐饮服务,甜品店,甜品店,广东省,广州市,海珠区,113.400489,23.094818
103,香麦佳,餐饮服务,糕饼店,糕饼店,广东省,广州市,天河区,113.39996,23.169994
104,咪咕咖啡,餐饮服务,咖啡厅,咖啡厅,广东省,广州市,天河区,113.40007,23.174419
105,mona茉那水果茶,餐饮服务,冷饮店,冷饮店,广东省,广州市,天河区,113.400819,23.17141
106,皇茶创客休闲吧(凌塘店),餐饮服务,冷饮店,冷饮店,广东省,广州市,天河区,113.400167,23.168439
107,彩蝶轩(番禺清河店),餐饮服务,糕饼店,糕饼店,广东省,广州市,番禺区,113.397257,22.935634
108,茶理斯(石岗店),餐饮服务,冷饮店,冷饮店,广东省,广州市,番禺区,113.398016,22.937265
109,皇冠·玛莉奥(东怡店),餐饮服务,糕饼店,糕饼店,广东省,广州市,番禺区,113.392763,22.932769
110,海记饼店,餐饮服务,糕饼店,糕饼店,广东省,广州市,番禺区,113.393867,22.93823
111,冰心糖水炖品店·快餐,餐饮服务,冷饮店,冷饮店,广东省,广州市,番禺区,113.398416,22.938307
112,皇冠·玛莉奥(石岗店),餐饮服务,糕饼店,糕饼店,广东省,广州市,番禺区,113.398156,22.936995
113,诗意烧仙草,餐饮服务,冷饮店,冷饮店,广东省,广州市,番禺区,113.398419,22.93697
114,Caidie Bakery采蝶轩(石岗店),餐饮服务,糕饼店,糕饼店,广东省,广州市,番禺区,113.39617,22.938969
115,南筑咖啡NAM ZUK,餐饮服务,茶艺馆,茶艺馆,广东省,广州市,番禺区,113.398433,23.00891
116,胜神堂凉茶(北大街),餐饮服务,冷饮店,冷饮店,广东省,广州市,番禺区,113.395578,23.010047
117,锦康本草凉茶行(南村店),餐饮服务,冷饮店,冷饮店,广东省,广州市,番禺区,113.395342,23.009361
118,超润甜品(南村南山大道店),餐饮服务,甜品店,甜品店,广东省,广州市,番禺区,113.394501,23.008379
119,圣歌绿岛时尚饮品,餐饮服务,冷饮店,冷饮店,广东省,广州市,番禺区,113.394888,23.008709
120,书亦烧仙草(华南理工店),餐饮服务,冷饮店,冷饮店,广东省,广州市,番禺区,113.400102,23.008221
121,啊一柠檬茶(南村南光广场店),餐饮服务,冷饮店,冷饮店,广东省,广州市,番禺区,113.391298,23.007996
122,太子面包店,餐饮服务,糕饼店,糕饼店,广东省,广州市,南沙区,113.38979,22.78266
123,吉豆小吃店,餐饮服务,休闲餐饮场所,休闲餐饮场所,广东省,广州市,南沙区,113.388483,22.783173
124,自由饮吧,餐饮服务,冷饮店,冷饮店,广东省,广州市,南沙区,113.391034,22.780917
125,逗号咖啡店,餐饮服务,咖啡厅,咖啡厅,广东省,广州市,南沙区,113.401283,22.796815
126,珍之堡咖啡(大岗店),餐饮服务,咖啡厅,咖啡厅,广东省,广州市,南沙区,113.400467,22.79496
127,壹茶惊人(潭州店),餐饮服务,冷饮店,冷饮店,广东省,广州市,南沙区,113.385488,22.787426
128,沃茶(大岗店),餐饮服务,冷饮店,冷饮店,广东省,广州市,南沙区,113.387251,22.785847
129,遇茶(潭洲店),餐饮服务,冷饮店,冷饮店,广东省,广州市,南沙区,113.389443,22.783916
130,爽洋洋魅力茶吧,餐饮服务,冷饮店,冷饮店,广东省,广州市,南沙区,113.407833,22.887235
131,茶悦,餐饮服务,冷饮店,冷饮店,广东省,广州市,南沙区,113.383968,22.864959
132,大口九,餐饮服务,茶艺馆,茶艺馆,广东省,广州市,南沙区,113.404556,22.885995
133,堡滋味汉堡·炸鸡(南沙太石店),餐饮服务,冷饮店,冷饮店,广东省,广州市,南沙区,113.402635,22.889717
134,彩贤轩面包店(大简店),餐饮服务,糕饼店,糕饼店,广东省,广州市,南沙区,113.4097,22.868762
135,8090鲜萃茶(太石店),餐饮服务,冷饮店,冷饮店,广东省,广州市,南沙区,113.405295,22.886682
136,谷美陶九简餐·饮品(太石店),餐饮服务,冷饮店,冷饮店,广东省,广州市,南沙区,113.404795,22.886163
137,芝味面包(高平店),餐饮服务,甜品店,甜品店,广东省,广州市,从化区,113.413689,23.707281
138,三笑皇茶,餐饮服务,冷饮店,冷饮店,广东省,广州市,从化区,113.415188,23.670272
139,美点面包,餐饮服务,糕饼店,糕饼店,广东省,广州市,从化区,113.41362,23.668842
140,韬韬面包店,餐饮服务,糕饼店,糕饼店,广东省,广州市,从化区,113.414675,23.669222
141,首茶官奶茶店,餐饮服务,冷饮店,冷饮店,广东省,广州市,从化区,113.414262,23.66874
142,小焙熊烘焙屋,餐饮服务,糕饼店,糕饼店,广东省,广州市,从化区,113.411659,23.666217
143,龙新茶艺,餐饮服务,茶艺馆,茶艺馆,广东省,广州市,从化区,113.414836,23.668516
144,皇冠新玛莉(北兴店),餐饮服务,糕饼店,糕饼店,广东省,广州市,花都区,113.419456,23.425063
145,丽莎烘焙,餐饮服务,糕饼店,糕饼店,广东省,广州市,花都区,113.420037,23.423976
146,预幸茶,餐饮服务,冷饮店,冷饮店,广东省,广州市,白云区,113.403636,23.383296
147,DKJ咖啡茶饮,餐饮服务,咖啡厅,咖啡厅,广东省,广州市,花都区,113.405986,23.430903
148,广州富力空港假日酒店-咖啡厅,餐饮服务,咖啡厅,咖啡厅,广东省,广州市,花都区,113.359245,23.455967
149,米多多烘培,餐饮服务,糕饼店,糕饼店,广东省,广州市,从化区,113.496927,23.479309
150,椰子有约(钟落潭店),餐饮服务,冷饮店,冷饮店,广东省,广州市,白云区,113.407973,23.382667
151,龙廷轩茗茶,餐饮服务,茶艺馆,茶艺馆,广东省,广州市,白云区,113.406733,23.38382
152,HonG Cha鸿味(钟落潭店),餐饮服务,冷饮店,冷饮店,广东省,广州市,白云区,113.406341,23.381866
153,熙茶(棋杆店),餐饮服务,冷饮店,冷饮店,广东省,广州市,从化区,113.506354,23.579826
154,纳盛茶饮,餐饮服务,冷饮店,冷饮店,广东省,广州市,白云区,113.48616,23.310712
155,小村面包工作室,餐饮服务,糕饼店,糕饼店,广东省,广州市,白云区,113.451804,23.328019
156,DKJ咖啡茶饮,餐饮服务,冷饮店,冷饮店,广东省,广州市,白云区,113.451404,23.328015
157,益禾堂(仲恺北门店),餐饮服务,冷饮店,冷饮店,广东省,广州市,白云区,113.448114,23.369191
158,化州超润糖水(东门美食城店),餐饮服务,甜品店,甜品店,广东省,广州市,白云区,113.448167,23.369809
159,私房蛋糕,餐饮服务,糕饼店,糕饼店,广东省,广州市,白云区,113.478052,23.412434
160,DAKOUJIU,餐饮服务,冷饮店,冷饮店,广东省,广州市,白云区,113.478273,23.411288
161,大口九,餐饮服务,冷饮店,冷饮店,广东省,广州市,白云区,113.47823,23.410998
162,一加一美食,餐饮服务,冷饮店,冷饮店,广东省,广州市,白云区,113.478552,23.40992
163,立茶,餐饮服务,冷饮店,冷饮店,广东省,广州市,白云区,113.478401,23.409249
164,TT鲜茶,餐饮服务,冷饮店,冷饮店,广东省,广州市,白云区,113.47875,23.40946
165,茶大大BBT,餐饮服务,冷饮店,冷饮店,广东省,广州市,白云区,113.478222,23.409422
166,星巴克咖啡(广州雪松控股大厦店),餐饮服务,咖啡厅,星巴克咖啡,广东省,广州市,黄埔区,113.478701,23.174139
167,糖本屋,餐饮服务,冷饮店,冷饮店,广东省,广州市,黄埔区,113.483615,23.177015
168,一些柠檬一些茶(罗兰店),餐饮服务,冷饮店,冷饮店,广东省,广州市,黄埔区,113.492477,23.171196
169,益禾堂(广州白云东华职院校内店),餐饮服务,冷饮店,冷饮店,广东省,广州市,白云区,113.470665,23.254877
170,四季原著(东华店),餐饮服务,冷饮店,冷饮店,广东省,广州市,白云区,113.47245,23.254404
171,自由闲(东华学院店),餐饮服务,冷饮店,冷饮店,广东省,广州市,白云区,113.467454,23.254377
172,蜜雪冰城(天河学院店),餐饮服务,冷饮店,冷饮店,广东省,广州市,白云区,113.456852,23.261814
173,锡兰红茶之旅,餐饮服务,冷饮店,冷饮店,广东省,广州市,白云区,113.455948,23.261862
174,社烩饮,餐饮服务,冷饮店,冷饮店,广东省,广州市,白云区,113.45634,23.261845
175,星食茶,餐饮服务,冷饮店,冷饮店,广东省,广州市,白云区,113.456076,23.261877
176,KISS TEA鲜意(广州理工店),餐饮服务,冷饮店,冷饮店,广东省,广州市,白云区,113.456927,23.261757
177,蜜雪冰城(广东理工店),餐饮服务,冷饮店,冷饮店,广东省,广州市,白云区,113.456614,23.261757
178,LOO咔,餐饮服务,冷饮店,冷饮店,广东省,广州市,番禺区,113.469811,23.016899
179,清心堂快餐,餐饮服务,甜品店,甜品店,广东省,广州市,番禺区,113.461378,22.998317
180,一夫茶,餐饮服务,茶艺馆,茶艺馆,广东省,广州市,番禺区,113.460105,22.998761
181,化州超润甜品(潭山店),餐饮服务,甜品店,甜品店,广东省,广州市,番禺区,113.460547,22.99796
182,提香坊蛋糕店(文船店),餐饮服务,糕饼店,糕饼店,广东省,广州市,黄埔区,113.47889,23.094558
183,黄振龙凉茶(双岗店),餐饮服务,冷饮店,冷饮店,广东省,广州市,黄埔区,113.479118,23.09392
184,赛麦园面包店(黄岗店),餐饮服务,糕饼店,糕饼店,广东省,广州市,黄埔区,113.479868,23.094747
185,赛麦园面包店(文船店),餐饮服务,糕饼店,糕饼店,广东省,广州市,黄埔区,113.475029,23.096445
186,黑龍茶,餐饮服务,冷饮店,冷饮店,广东省,广州市,黄埔区,113.478943,23.093864
187,街友特饮,餐饮服务,冷饮店,冷饮店,广东省,广州市,黄埔区,113.480673,23.095428
188,伴山茶园,餐饮服务,茶艺馆,茶艺馆,广东省,广州市,黄埔区,113.479118,23.093925
189,爽爽甜品,餐饮服务,甜品店,甜品店,广东省,广州市,黄埔区,113.480339,23.095461
190,黛言咖啡店,餐饮服务,咖啡厅,咖啡厅,广东省,广州市,黄埔区,113.469112,23.095471
191,三山SANSHAN(黄埔万科中心店),餐饮服务,冷饮店,冷饮店,广东省,广州市,黄埔区,113.469191,23.096115
192,茶香满屋,餐饮服务,茶艺馆,茶艺馆,广东省,广州市,黄埔区,113.47563,23.094953
193,长丰山庄,餐饮服务,休闲餐饮场所,休闲餐饮场所,广东省,广州市,花都区,113.036971,23.452892
194,澳美西饼(文冲店),餐饮服务,糕饼店,糕饼店,广东省,广州市,黄埔区,113.471014,23.106937
195,1点点(文冲石化店),餐饮服务,冷饮店,冷饮店,广东省,广州市,黄埔区,113.468948,23.102961
196,益禾堂(文冲店),餐饮服务,冷饮店,冷饮店,广东省,广州市,黄埔区,113.468675,23.102558
197,西柠御茶,餐饮服务,糕饼店,糕饼店,广东省,广州市,花都区,113.093024,23.407461
198,Hello week休闲吧,餐饮服务,冷饮店,冷饮店,广东省,广州市,花都区,113.091633,23.40717
199,孖啡TeaCakeCoffee,餐饮服务,咖啡厅,咖啡厅,广东省,广州市,花都区,113.092863,23.407268
200,Make It Simple,餐饮服务,冷饮店,冷饮店,广东省,广州市,花都区,113.092598,23.407139
201,蜜雪冰城(培正店),餐饮服务,冷饮店,冷饮店,广东省,广州市,花都区,113.092582,23.40753
202,kiss tea鲜意,餐饮服务,冷饮店,冷饮店,广东省,广州市,花都区,113.093179,23.407529
203,孖啡糕点店,餐饮服务,咖啡厅,咖啡厅,广东省,广州市,花都区,113.09276,23.407297
204,大叔的店(培正店),餐饮服务,冷饮店,冷饮店,广东省,广州市,花都区,113.093224,23.40757
205,初见烘焙,餐饮服务,糕饼店,糕饼店,广东省,广州市,花都区,113.094014,23.412091
206,益合堂奶茶店,餐饮服务,冷饮店,冷饮店,广东省,广州市,花都区,113.092972,23.407447
207,徐其修凉茶(培正店),餐饮服务,冷饮店,冷饮店,广东省,广州市,花都区,113.092653,23.407632
208,爱心蛋糕房,餐饮服务,糕饼店,糕饼店,广东省,广州市,花都区,113.092669,23.407599
209,ULIKE音乐吧,餐饮服务,咖啡厅,咖啡厅,广东省,广州市,花都区,113.091806,23.407411
210,华润蛋糕(第三分店),餐饮服务,糕饼店,糕饼店,广东省,广州市,花都区,113.065554,23.256357
211,爱憩甜品,餐饮服务,甜品店,甜品店,广东省,广州市,花都区,113.107728,23.331937
212,聚福茶楼,餐饮服务,茶艺馆,茶艺馆,广东省,广州市,花都区,113.106426,23.334938
213,茗颜茶,餐饮服务,冷饮店,冷饮店,广东省,广州市,花都区,113.106059,23.336352
214,蜜语甜品,餐饮服务,甜品店,甜品店,广东省,广州市,花都区,113.105849,23.33201
215,米可YOYO,餐饮服务,冷饮店,冷饮店,广东省,广州市,花都区,113.107328,23.331771
216,煎饼与茶,餐饮服务,冷饮店,冷饮店,广东省,广州市,花都区,113.106738,23.334963
217,溏心牛奶甜品,餐饮服务,甜品店,甜品店,广东省,广州市,花都区,113.156668,23.466968
218,七西烧仙草(狮岭城市广场店),餐饮服务,冷饮店,冷饮店,广东省,广州市,花都区,113.158202,23.469081
219,赵氏凉茶,餐饮服务,冷饮店,冷饮店,广东省,广州市,花都区,113.147621,23.35286
220,熊茶奶茶,餐饮服务,冷饮店,冷饮店,广东省,广州市,白云区,113.183532,23.334408
221,超润甜品,餐饮服务,甜品店,甜品店,广东省,广州市,花都区,113.14989,23.355299
222,皇轩蛋糕(秀全街店),餐饮服务,糕饼店,糕饼店,广东省,广州市,花都区,113.148902,23.355704
223,神山美之心饼屋,餐饮服务,糕饼店,糕饼店,广东省,广州市,白云区,113.184841,23.332898
224,益禾烤奶(马溪店),餐饮服务,冷饮店,冷饮店,广东省,广州市,花都区,113.148332,23.356052
225,烘焙坊,餐饮服务,糕饼店,糕饼店,广东省,广州市,花都区,113.161732,23.408537
226,名流烘培坊,餐饮服务,糕饼店,糕饼店,广东省,广州市,花都区,113.163166,23.407265
227,壹品茶,餐饮服务,冷饮店,冷饮店,广东省,广州市,花都区,113.164259,23.407918
228,港初烧仙草(大布店),餐饮服务,冷饮店,冷饮店,广东省,广州市,花都区,113.163701,23.40679
229,六月私房烘焙工作室,餐饮服务,糕饼店,糕饼店,广东省,广州市,花都区,113.162206,23.399114
230,达妃雅烘焙公馆,餐饮服务,糕饼店,糕饼店,广东省,广州市,花都区,113.173806,23.428645
231,初茶(石滩店),餐饮服务,冷饮店,冷饮店,广东省,广州市,增城区,113.796702,23.170672
232,好又多阿彩甜品店,餐饮服务,甜品店,甜品店,广东省,广州市,增城区,113.795359,23.170525
233,猪头鱼烘焙,餐饮服务,糕饼店,糕饼店,广东省,广州市,增城区,113.796038,23.170358
234,啊一柠檬茶(石滩店),餐饮服务,冷饮店,冷饮店,广东省,广州市,增城区,113.795665,23.169118
235,乐焙蒂斯,餐饮服务,糕饼店,糕饼店,广东省,广州市,增城区,113.794005,23.174045
236,MOMOCHA(么么茶),餐饮服务,冷饮店,冷饮店,广东省,广州市,增城区,113.795434,23.168275
237,最后防线,餐饮服务,冷饮店,冷饮店,广东省,广州市,增城区,113.792978,23.16911
238,茶理坞,餐饮服务,冷饮店,冷饮店,广东省,广州市,增城区,113.796855,23.170903
239,琉璃净奶茶(石滩店),餐饮服务,冷饮店,冷饮店,广东省,广州市,增城区,113.79307,23.1726
240,红茶馆·茶铺,餐饮服务,冷饮店,冷饮店,广东省,广州市,增城区,113.795388,23.168305
241,元洲茶楼,餐饮服务,茶艺馆,茶艺馆,广东省,广州市,增城区,113.799268,23.170355
242,黄振龙凉茶(立新),餐饮服务,冷饮店,冷饮店,广东省,广州市,增城区,113.790871,23.174057
243,味造,餐饮服务,甜品店,甜品店,广东省,广州市,增城区,113.789738,23.258741
244,阿道奶茶(总店),餐饮服务,冷饮店,冷饮店,广东省,广州市,增城区,113.789531,23.258512
245,小眷村,餐饮服务,甜品店,甜品店,广东省,广州市,增城区,113.788281,23.258442
246,淘淘茶,餐饮服务,冷饮店,冷饮店,广东省,广州市,增城区,113.8163,23.274863
247,麦甜艾斯,餐饮服务,冷饮店,冷饮店,广东省,广州市,增城区,113.778931,23.25507
248,甘茗城饮品店,餐饮服务,冷饮店,冷饮店,广东省,广州市,增城区,113.775685,23.257533
249,一糖烘焙(东汇城店),餐饮服务,糕饼店,糕饼店,广东省,广州市,增城区,113.821941,23.28451
250,半粒糖,餐饮服务,糕饼店,糕饼店,广东省,广州市,增城区,113.821787,23.28385
251,喵趣Meow Cafe(增城万达广场店),餐饮服务,咖啡厅,咖啡厅,广东省,广州市,增城区,113.815303,23.275056
252,广州市从化良口丽湖轩美食农庄,餐饮服务,休闲餐饮场所,休闲餐饮场所,广东省,广州市,从化区,113.796863,23.746603
253,百多乐,餐饮服务,冷饮店,冷饮店,广东省,广州市,增城区,113.783542,23.488597
254,街口友,餐饮服务,冷饮店,冷饮店,广东省,广州市,增城区,113.783124,23.489067
255,闲情饮吧,餐饮服务,糕饼店,糕饼店,广东省,广州市,增城区,113.781947,23.488428
256,左茶屋,餐饮服务,冷饮店,冷饮店,广东省,广州市,增城区,113.783163,23.488826
257,新华饼屋,餐饮服务,糕饼店,糕饼店,广东省,广州市,增城区,113.78349,23.489262
258,文乐甜品屋,餐饮服务,糕饼店,糕饼店,广东省,广州市,增城区,113.783544,23.489982
259,潮尚冰缘,餐饮服务,冷饮店,冷饮店,广东省,广州市,增城区,113.783723,23.489028
260,唐茶,餐饮服务,冷饮店,冷饮店,广东省,广州市,增城区,113.783668,23.488882
261,黑眼睛奶茶小吃,餐饮服务,休闲餐饮场所,休闲餐饮场所,广东省,广州市,增城区,113.783841,23.488887
262,AOMY澳麦居烘焙店(增城派潭店),餐饮服务,糕饼店,糕饼店,广东省,广州市,增城区,113.781046,23.487192
263,米兰提诗(派潭店),餐饮服务,糕饼店,糕饼店,广东省,广州市,增城区,113.778655,23.489316
264,邓老凉茶(大新路),餐饮服务,冷饮店,冷饮店,广东省,广州市,增城区,113.779083,23.486766
265,乐叔柠檬茶(派潭店),餐饮服务,冷饮店,冷饮店,广东省,广州市,增城区,113.779783,23.48639
266,派潭桔荣益禾堂,餐饮服务,冷饮店,冷饮店,广东省,广州市,增城区,113.781965,23.488261
267,绿茶岛,餐饮服务,冷饮店,冷饮店,广东省,广州市,增城区,113.783181,23.488141
268,茶香楼,餐饮服务,茶艺馆,茶艺馆,广东省,广州市,增城区,113.78231,23.488629
269,一心糖水店,餐饮服务,甜品店,甜品店,广东省,广州市,增城区,113.77796,23.486317
270,桃花序,餐饮服务,冷饮店,冷饮店,广东省,广州市,增城区,113.782454,23.488541
271,畅饮吧,餐饮服务,冷饮店,冷饮店,广东省,广州市,增城区,113.785309,23.565565
272,休闲站,餐饮服务,冷饮店,冷饮店,广东省,广州市,增城区,113.775032,23.562298
273,珑纯果茶,餐饮服务,冷饮店,冷饮店,广东省,广州市,增城区,113.774989,23.563115
274,Sure Cafe,餐饮服务,咖啡厅,咖啡厅,广东省,广州市,增城区,113.805139,23.296126
275,军长茶府,餐饮服务,茶艺馆,茶艺馆,广东省,广州市,增城区,113.834528,23.297698
276,澳麦居面包店,餐饮服务,糕饼店,糕饼店,广东省,广州市,增城区,113.802926,23.298668
277,客家佬糖水店,餐饮服务,冷饮店,冷饮店,广东省,广州市,增城区,113.833044,23.295356
278,茶度鲜语,餐饮服务,冷饮店,冷饮店,广东省,广州市,增城区,113.831033,23.294132
279,哪茶,餐饮服务,冷饮店,冷饮店,广东省,广州市,增城区,113.821963,23.299388
280,宏发冰室,餐饮服务,冷饮店,冷饮店,广东省,广州市,增城区,113.789407,23.419632
281,紫罗轩烘焙坊,餐饮服务,糕饼店,糕饼店,广东省,广州市,增城区,113.792591,23.417112
282,街茶奶茶腊圃店,餐饮服务,冷饮店,冷饮店,广东省,广州市,增城区,113.790561,23.41917
283,工农茶楼,餐饮服务,茶艺馆,茶艺馆,广东省,广州市,增城区,113.89317,23.415659
284,aomy澳麦居烘培店(正果店),餐饮服务,糕饼店,糕饼店,广东省,广州市,增城区,113.893688,23.413762
285,麦雅轩蛋糕店,餐饮服务,糕饼店,糕饼店,广东省,广州市,增城区,113.894071,23.413526
286,老街茶馆,餐饮服务,茶艺馆,茶艺馆,广东省,广州市,增城区,113.893717,23.417579
287,茶芝味奶茶,餐饮服务,冷饮店,冷饮店,广东省,广州市,增城区,113.892106,23.410359
288,梦回茶社,餐饮服务,茶艺馆,茶艺馆,广东省,广州市,增城区,113.891863,23.415553
289,龙西蛋糕,餐饮服务,糕饼店,糕饼店,广东省,广州市,增城区,113.894985,23.416305
290,益禾茗茶,餐饮服务,冷饮店,冷饮店,广东省,广州市,增城区,113.892615,23.412259
291,玖枫山夏老街故事馆,餐饮服务,咖啡厅,咖啡厅,广东省,广州市,增城区,113.893762,23.417709
292,啊一柠檬茶(正果店),餐饮服务,冷饮店,冷饮店,广东省,广州市,增城区,113.893099,23.413748
293,绿茶道饮吧,餐饮服务,冷饮店,冷饮店,广东省,广州市,增城区,113.89527,23.416887
294,强效凉茶铺,餐饮服务,冷饮店,冷饮店,广东省,广州市,增城区,113.894113,23.415192
295,尹记传统手工蛋散,餐饮服务,糕饼店,糕饼店,广东省,广州市,增城区,113.892657,23.416792
296,品花茶,餐饮服务,冷饮店,冷饮店,广东省,广州市,增城区,113.89511,23.416582
297,末凌烧仙草,餐饮服务,冷饮店,冷饮店,广东省,广州市,增城区,113.883411,23.243829
298,茶百道,餐饮服务,冷饮店,冷饮店,广东省,广州市,增城区,113.864262,23.242983
299,芋柠鲜茶(华立店),餐饮服务,冷饮店,冷饮店,广东省,广州市,增城区,113.868851,23.242431
300,青格style烘焙,餐饮服务,糕饼店,糕饼店,广东省,广州市,增城区,113.866206,23.237399
301,Luckin coffee瑞幸咖啡,餐饮服务,咖啡厅,咖啡厅,广东省,广州市,增城区,113.863973,23.239183
302,吾饮良品(华立店),餐饮服务,冷饮店,冷饮店,广东省,广州市,增城区,113.865785,23.23786
303,蜜雪冰城(广州增城华立校外店),餐饮服务,冷饮店,冷饮店,广东省,广州市,增城区,113.86553,23.237478
304,茶聊馆,餐饮服务,茶艺馆,茶艺馆,广东省,广州市,增城区,113.845051,23.2783
305,皇上皇酒家中秋月饼批发部,餐饮服务,糕饼店,糕饼店,广东省,广州市,增城区,113.843792,23.284977
306,古茗乐(增城店),餐饮服务,冷饮店,冷饮店,广东省,广州市,增城区,113.860578,23.24439
307,瑞知三秋甜品,餐饮服务,甜品店,甜品店,广东省,广州市,增城区,113.843856,23.29949
308,小确幸手作鲜茶,餐饮服务,冷饮店,冷饮店,广东省,广州市,增城区,113.843329,23.295546
309,麦菲鲜茶(1978电影小镇总店),餐饮服务,冷饮店,冷饮店,广东省,广州市,增城区,113.843643,23.29843
310,SWEETA.Z至尊(1978创意园店),餐饮服务,冷饮店,冷饮店,广东省,广州市,增城区,113.843228,23.295753
311,38号矮房子藏吧,餐饮服务,休闲餐饮场所,休闲餐饮场所,广东省,广州市,增城区,113.843695,23.298093
312,答案茶(文化创意园店),餐饮服务,冷饮店,冷饮店,广东省,广州市,增城区,113.843048,23.295366
313,尚品奶茶,餐饮服务,冷饮店,冷饮店,广东省,广州市,增城区,113.85905,23.185352
314,麦礼坊西饼,餐饮服务,糕饼店,糕饼店,广东省,广州市,增城区,113.85961,23.185128
315,煜尔玛西饼屋,餐饮服务,糕饼店,糕饼店,广东省,广州市,增城区,113.862938,23.184386
316,冠豪蛋糕,餐饮服务,糕饼店,糕饼店,广东省,广州市,增城区,113.85639,23.187319
317,喜甜烘焙坊,餐饮服务,糕饼店,糕饼店,广东省,广州市,增城区,113.856439,23.186745
318,果善茶饮,餐饮服务,冷饮店,冷饮店,广东省,广州市,增城区,113.859315,23.18489
319,林小媛,餐饮服务,冷饮店,冷饮店,广东省,广州市,增城区,113.861406,23.184673
320,MK&T,餐饮服务,冷饮店,冷饮店,广东省,广州市,增城区,113.859113,23.18493
321,绿茶岛奶茶,餐饮服务,冷饮店,冷饮店,广东省,广州市,增城区,113.858919,23.185521
322,兰溪冰室,餐饮服务,冷饮店,冷饮店,广东省,广州市,增城区,113.953465,23.361834
323,熙茶,餐饮服务,冷饮店,冷饮店,广东省,广州市,从化区,113.952866,23.811684
324,旋转咖啡(麦地分店),餐饮服务,咖啡厅,咖啡厅,广东省,广州市,从化区,113.953719,23.893668
325,香甜麦坊,餐饮服务,糕饼店,糕饼店,广东省,广州市,从化区,113.555709,23.563602
326,雅筑甜品,餐饮服务,甜品店,甜品店,广东省,广州市,从化区,113.574277,23.556186
327,Slim Tea水果茶,餐饮服务,冷饮店,冷饮店,广东省,广州市,从化区,113.592056,23.627272
328,宫廷糕点,餐饮服务,糕饼店,糕饼店,广东省,广州市,从化区,113.587287,23.550946
329,大拇指(旺城店),餐饮服务,糕饼店,糕饼店,广东省,广州市,从化区,113.572556,23.556503
330,晨曦鲜奶(沿江路店),餐饮服务,冷饮店,冷饮店,广东省,广州市,从化区,113.592813,23.537666
331,荔景缘茶荘,餐饮服务,茶艺馆,茶艺馆,广东省,广州市,从化区,113.581509,23.5353
332,TC奶茶,餐饮服务,冷饮店,冷饮店,广东省,广州市,从化区,113.545195,23.432226
333,新安服务区焰域咖啡,餐饮服务,咖啡厅,咖啡厅,广东省,广州市,增城区,113.578661,23.376606
334,茶士多,餐饮服务,冷饮店,冷饮店,广东省,广州市,从化区,113.566088,23.503153
335,嘻优记,餐饮服务,冷饮店,冷饮店,广东省,广州市,从化区,113.577647,23.512742
336,四季原著(从化六中店),餐饮服务,冷饮店,冷饮店,广东省,广州市,从化区,113.5871,23.531336
337,乐芙鲜茶,餐饮服务,冷饮店,冷饮店,广东省,广州市,从化区,113.588619,23.530555
338,欧风麦甜(神岗悦心面包店),餐饮服务,糕饼店,糕饼店,广东省,广州市,从化区,113.533247,23.488941
339,冰屋缘茶饮,餐饮服务,冷饮店,冷饮店,广东省,广州市,黄埔区,113.575291,23.276683
340,OTEA茶馆,餐饮服务,茶艺馆,茶艺馆,广东省,广州市,黄埔区,113.57302,23.277289
341,KY茶栈,餐饮服务,休闲餐饮场所,休闲餐饮场所,广东省,广州市,黄埔区,113.57491,23.277365
342,蒸蕊面点坊,餐饮服务,糕饼店,糕饼店,广东省,广州市,黄埔区,113.574797,23.276583
343,简單點,餐饮服务,冷饮店,冷饮店,广东省,广州市,黄埔区,113.584054,23.277333
344,樂叔柠檬茶(中泰店),餐饮服务,冷饮店,冷饮店,广东省,广州市,黄埔区,113.585848,23.274399
345,二十一奶茶店,餐饮服务,冷饮店,冷饮店,广东省,广州市,黄埔区,113.553126,23.326072
346,taste time茶饮·料理,餐饮服务,冷饮店,冷饮店,广东省,广州市,黄埔区,113.553302,23.32512
347,手工吐司(合景店),餐饮服务,糕饼店,糕饼店,广东省,广州市,黄埔区,113.553217,23.324841
348,MEMO食研室,餐饮服务,糕饼店,糕饼店,广东省,广州市,黄埔区,113.551995,23.327831
349,花仙果纯手工甜品,餐饮服务,冷饮店,冷饮店,广东省,广州市,黄埔区,113.554055,23.32559
350,林小九蛋糕DIY工作室,餐饮服务,糕饼店,糕饼店,广东省,广州市,黄埔区,113.549234,23.323206
351,8090鲜萃茶,餐饮服务,冷饮店,冷饮店,广东省,广州市,黄埔区,113.548625,23.323768
352,积顺凉茶鱼窝头分店,餐饮服务,冷饮店,冷饮店,广东省,广州市,南沙区,113.457302,22.852362
353,彩蝶轩(鱼窝头店),餐饮服务,糕饼店,糕饼店,广东省,广州市,南沙区,113.45836,22.851523
354,憨豆先生奶茶(鱼窝头店),餐饮服务,冷饮店,冷饮店,广东省,广州市,南沙区,113.458587,22.851044
355,TEETEA(鱼窝头店),餐饮服务,冷饮店,冷饮店,广东省,广州市,南沙区,113.455649,22.851144
356,谷美陶创意饮品,餐饮服务,冷饮店,冷饮店,广东省,广州市,南沙区,113.455696,22.85175
357,避风塘,餐饮服务,休闲餐饮场所,休闲餐饮场所,广东省,广州市,南沙区,113.482149,22.870596
358,8090鲜萃茶(鱼窝头店),餐饮服务,冷饮店,冷饮店,广东省,广州市,南沙区,113.456936,22.850927
359,大卡司(鱼窝头店),餐饮服务,冷饮店,冷饮店,广东省,广州市,南沙区,113.456085,22.851668
360,鱼窝头98K Tea,餐饮服务,冷饮店,冷饮店,广东省,广州市,南沙区,113.455945,22.8499
361,麦格维多面包工坊,餐饮服务,糕饼店,糕饼店,广东省,广州市,番禺区,113.47568,22.94037
362,全民果汁(亚运城店),餐饮服务,冷饮店,冷饮店,广东省,广州市,番禺区,113.476993,22.941499
363,星巴克(亚运城购物中心店),餐饮服务,咖啡厅,星巴克咖啡,广东省,广州市,番禺区,113.475793,22.941263
364,山海沐茶(亚运广场店),餐饮服务,冷饮店,冷饮店,广东省,广州市,番禺区,113.476936,22.941529
365,叹杯茶,餐饮服务,冷饮店,冷饮店,广东省,广州市,南沙区,113.493792,22.755656
366,横沥茶皇贡茶,餐饮服务,冷饮店,冷饮店,广东省,广州市,南沙区,113.499216,22.756385
367,磨咖啡MO COFFEE(明珠湾店),餐饮服务,咖啡厅,咖啡厅,广东省,广州市,南沙区,113.51336,22.770149
368,梧州凉茶,餐饮服务,茶艺馆,茶艺馆,广东省,广州市,南沙区,113.491304,22.734529
369,茶语(麒麟店),餐饮服务,甜品店,甜品店,广东省,广州市,南沙区,113.495906,22.811591
370,Hit铺,餐饮服务,冷饮店,冷饮店,广东省,广州市,南沙区,113.494139,22.811883
371,11點,餐饮服务,冷饮店,冷饮店,广东省,广州市,南沙区,113.499495,22.759105
372,royaltea皇茶(横沥店),餐饮服务,冷饮店,冷饮店,广东省,广州市,南沙区,113.489309,22.734432
373,纤隐奶茶,餐饮服务,冷饮店,冷饮店,广东省,广州市,南沙区,113.486941,22.733224
374,乐满家蛋糕店,餐饮服务,糕饼店,糕饼店,广东省,广州市,南沙区,113.490928,22.734925
375,恋茶冷饮,餐饮服务,冷饮店,冷饮店,广东省,广州市,南沙区,113.489419,22.73445
376,花意间鲜花烘焙,餐饮服务,糕饼店,糕饼店,广东省,广州市,南沙区,113.490062,22.733141
377,麦香蛋糕屋,餐饮服务,糕饼店,糕饼店,广东省,广州市,南沙区,113.501195,22.807304
378,我的咖啡,餐饮服务,咖啡厅,咖啡厅,广东省,广州市,南沙区,113.491422,22.733596
379,品泉居(横沥店),餐饮服务,糕饼店,糕饼店,广东省,广州市,南沙区,113.491392,22.734759
380,暖兮的蛋糕,餐饮服务,糕饼店,糕饼店,广东省,广州市,南沙区,113.500374,22.807004
381,查茶(奶茶烧烤),餐饮服务,冷饮店,冷饮店,广东省,广州市,从化区,113.655072,23.645081
382,纳思(温泉店),餐饮服务,冷饮店,冷饮店,广东省,广州市,从化区,113.65602,23.645488
383,益禾堂,餐饮服务,冷饮店,冷饮店,广东省,广州市,从化区,113.605916,23.529931
384,益禾堂(南洋理工店),餐饮服务,甜品店,甜品店,广东省,广州市,从化区,113.617002,23.582248
385,蛋挞世界,餐饮服务,甜品店,甜品店,广东省,广州市,从化区,113.621468,23.592001
386,麦琪香西饼蛋糕店,餐饮服务,糕饼店,糕饼店,广东省,广州市,从化区,113.600795,23.53854
387,浓心爷爷·城市广场店,餐饮服务,甜品店,甜品店,广东省,广州市,黄埔区,113.550923,23.102432
388,濃心爺爺(水南村店),餐饮服务,糕饼店,糕饼店,广东省,广州市,增城区,113.554988,23.102248
389,巴黎天使烘焙公馆,餐饮服务,糕饼店,糕饼店,广东省,广州市,增城区,113.55339,23.104103
390,大台北奶茶,餐饮服务,冷饮店,冷饮店,广东省,广州市,黄埔区,113.567644,23.18578
391,伊米蛋糕店,餐饮服务,糕饼店,糕饼店,广东省,广州市,黄埔区,113.56946,23.186359
392,旺阁奶茶皇(桑田横迳店),餐饮服务,冷饮店,冷饮店,广东省,广州市,黄埔区,113.566838,23.185719
393,昼梦咖啡DayDreamCoffee,餐饮服务,咖啡厅,咖啡厅,广东省,广州市,黄埔区,113.538736,23.169924
394,糖馆甜源,餐饮服务,甜品店,甜品店,广东省,广州市,番禺区,113.518578,22.917043
395,蜜桃烘焙,餐饮服务,糕饼店,糕饼店,广东省,广州市,黄埔区,113.568017,23.196537
396,长乐茶馆,餐饮服务,茶艺馆,茶艺馆,广东省,广州市,增城区,113.583642,23.160881
397,欧风麦甜面包蛋糕连锁(永和开发区店),餐饮服务,糕饼店,糕饼店,广东省,广州市,黄埔区,113.565388,23.190657
398,山海沐茶,餐饮服务,冷饮店,冷饮店,广东省,广州市,黄埔区,113.560007,23.197692
399,广州江村糖水,餐饮服务,冷饮店,冷饮店,广东省,广州市,黄埔区,113.566377,23.191453
400,弹茶,餐饮服务,冷饮店,冷饮店,广东省,广州市,黄埔区,113.566266,23.191002
401,路小猫,餐饮服务,冷饮店,冷饮店,广东省,广州市,南沙区,113.558739,22.769231
402,徐其修凉茶(大涌店),餐饮服务,冷饮店,冷饮店,广东省,广州市,南沙区,113.556812,22.769244
403,名苑蛋糕,餐饮服务,糕饼店,糕饼店,广东省,广州市,南沙区,113.556837,22.769002
404,亲亲熊猫,餐饮服务,冷饮店,冷饮店,广东省,广州市,南沙区,113.556741,22.769138
405,好盏喵寿司甜品店,餐饮服务,甜品店,甜品店,广东省,广州市,南沙区,113.556487,22.768554
406,茶寄,餐饮服务,冷饮店,冷饮店,广东省,广州市,南沙区,113.556998,22.768825
407,逸果都市能量主题饮吧,餐饮服务,冷饮店,冷饮店,广东省,广州市,南沙区,113.557379,22.759097
408,熊猫不走生日蛋糕(南沙店),餐饮服务,糕饼店,糕饼店,广东省,广州市,南沙区,113.548018,22.779906
409,兰光精酿鲜啤酒,餐饮服务,休闲餐饮场所,休闲餐饮场所,广东省,广州市,南沙区,113.546068,22.700865
410,茶萌语休闲吧,餐饮服务,冷饮店,冷饮店,广东省,广州市,南沙区,113.549667,22.704977
411,1986鲜果茶,餐饮服务,冷饮店,冷饮店,广东省,广州市,南沙区,113.546565,22.701709
412,敏记茶楼,餐饮服务,茶艺馆,茶艺馆,广东省,广州市,南沙区,113.545437,22.701058
413,彩蝶轩(万顷沙店),餐饮服务,糕饼店,糕饼店,广东省,广州市,南沙区,113.546868,22.701753
414,堂茶,餐饮服务,冷饮店,冷饮店,广东省,广州市,南沙区,113.546209,22.700412
415,积顺凉茶行,餐饮服务,冷饮店,冷饮店,广东省,广州市,南沙区,113.54665,22.703715
416,皇冠·玛莉奥(万顷沙店),餐饮服务,糕饼店,糕饼店,广东省,广州市,南沙区,113.545156,22.703076
417,糖C,餐饮服务,甜品店,甜品店,广东省,广州市,南沙区,113.54666,22.701532
418,赵记传承特色牛奶甜品(万顷沙店),餐饮服务,甜品店,甜品店,广东省,广州市,南沙区,113.546272,22.700797
419,广州市南沙区茶茶里,餐饮服务,冷饮店,冷饮店,广东省,广州市,南沙区,113.543485,22.699324
420,TEE TEA(万顷沙店),餐饮服务,冷饮店,冷饮店,广东省,广州市,南沙区,113.549175,22.704083
421,南沙旧时光(万顷沙店),餐饮服务,咖啡厅,咖啡厅,广东省,广州市,南沙区,113.545914,22.703456
422,为食猫,餐饮服务,冷饮店,冷饮店,广东省,广州市,南沙区,113.549826,22.705349
423,潼潼の店,餐饮服务,糕饼店,糕饼店,广东省,广州市,南沙区,113.547186,22.701885
424,盟盟哒奶茶小吃,餐饮服务,冷饮店,冷饮店,广东省,广州市,南沙区,113.543422,22.699259
425,品华居法式烘焙(南沙旗舰店),餐饮服务,糕饼店,糕饼店,广东省,广州市,南沙区,113.60839,22.764007
426,磨咖啡MO COFFEE(香港中华总商会店),餐饮服务,咖啡厅,咖啡厅,广东省,广州市,南沙区,113.606872,22.769063
427,信裕西饼店,餐饮服务,糕饼店,糕饼店,广东省,广州市,南沙区,113.606349,22.645107
428,时来茶室,餐饮服务,冷饮店,冷饮店,广东省,广州市,南沙区,113.606821,22.64566
429,垦茶,餐饮服务,冷饮店,冷饮店,广东省,广州市,南沙区,113.603331,22.647918
430,包道广式点心专门店(新垦店),餐饮服务,糕饼店,糕饼店,广东省,广州市,南沙区,113.605965,22.644609
431,平安堂(康华路店),餐饮服务,冷饮店,冷饮店,广东省,广州市,南沙区,113.607124,22.644895
432,醒茶奶茶店,餐饮服务,冷饮店,冷饮店,广东省,广州市,南沙区,113.607661,22.646458
433,邓老凉茶,餐饮服务,冷饮店,冷饮店,广东省,广州市,南沙区,113.6065,22.645572
434,金麦坊烘焙(新街店),餐饮服务,糕饼店,糕饼店,广东省,广州市,从化区,113.73549,23.719523
435,Cafe D,餐饮服务,咖啡厅,咖啡厅,广东省,广州市,从化区,113.728775,23.700162
436,乐叔柠檬茶,餐饮服务,冷饮店,冷饮店,广东省,广州市,增城区,113.628641,23.333869
437,啊一柠檬茶(福和店),餐饮服务,冷饮店,冷饮店,广东省,广州市,增城区,113.634533,23.358101
438,大台北奶茶,餐饮服务,冷饮店,冷饮店,广东省,广州市,增城区,113.633488,23.358355
439,AOMY澳麦居烘焙店(福和店),餐饮服务,糕饼店,糕饼店,广东省,广州市,增城区,113.634152,23.360008
440,岭南茗点(福和分店),餐饮服务,茶艺馆,茶艺馆,广东省,广州市,增城区,113.633464,23.363673
441,福和美心西饼屋(福和市场店),餐饮服务,糕饼店,糕饼店,广东省,广州市,增城区,113.633244,23.360261
442,冰泺奶茶,餐饮服务,冷饮店,冷饮店,广东省,广州市,增城区,113.661496,23.327156
443,维妮DIY甜品屋(中新店),餐饮服务,甜品店,甜品店,广东省,广州市,增城区,113.613209,23.296195
444,好荟饮,餐饮服务,冷饮店,冷饮店,广东省,广州市,增城区,113.633387,23.358243
445,伊藤家面包厨房,餐饮服务,糕饼店,糕饼店,广东省,广州市,增城区,113.632616,23.35801
446,好又多糖水店,餐饮服务,甜品店,甜品店,广东省,广州市,增城区,113.632423,23.35991
447,黄振龙凉茶(福和),餐饮服务,冷饮店,冷饮店,广东省,广州市,增城区,113.633078,23.359216
448,品味茶楼,餐饮服务,茶艺馆,茶艺馆,广东省,广州市,增城区,113.633531,23.359
449,柠度,餐饮服务,冷饮店,冷饮店,广东省,广州市,增城区,113.633226,23.356827
450,碧园坊面包店,餐饮服务,糕饼店,糕饼店,广东省,广州市,增城区,113.637894,23.164397
451,卡琳达烘焙(广州沙浦店),餐饮服务,糕饼店,糕饼店,广东省,广州市,增城区,113.657404,23.166362
452,猫茶匠(增城店),餐饮服务,冷饮店,冷饮店,广东省,广州市,增城区,113.657397,23.166358
453,御卿贡茶(荔富广场店）,餐饮服务,冷饮店,冷饮店,广东省,广州市,增城区,113.655039,23.168087
454,奶茶猫,餐饮服务,冷饮店,冷饮店,广东省,广州市,增城区,113.613797,23.262536
455,皮克斯咖啡馆,餐饮服务,咖啡厅,咖啡厅,广东省,广州市,增城区,113.659245,23.219008
456,芝芝糖水屋(中新店),餐饮服务,甜品店,甜品店,广东省,广州市,增城区,113.617009,23.287436
457,好运气饮品(香山湖店),餐饮服务,冷饮店,冷饮店,广东省,广州市,增城区,113.615398,23.226559
458,欢聚休闲小站,餐饮服务,休闲餐饮场所,休闲餐饮场所,广东省,广州市,从化区,113.713776,23.579763
459,益禾堂,餐饮服务,冷饮店,冷饮店,广东省,广州市,从化区,113.712359,23.580963
460,糖糖面包坊,餐饮服务,糕饼店,糕饼店,广东省,广州市,从化区,113.71264,23.580628
461,栗子家蛋糕店,餐饮服务,糕饼店,糕饼店,广东省,广州市,从化区,113.679283,23.632574
462,Luckin coffee瑞幸咖啡(广州南方学院店),餐饮服务,咖啡厅,咖啡厅,广东省,广州市,从化区,113.680082,23.630448
463,芬芳奶茶店,餐饮服务,冷饮店,冷饮店,广东省,广州市,增城区,113.743793,23.388549
464,爽茶奶茶店,餐饮服务,冷饮店,冷饮店,广东省,广州市,增城区,113.743881,23.388314
465,唯妮甜品屋(横塱店),餐饮服务,甜品店,甜品店,广东省,广州市,增城区,113.714653,23.273428
466,甜麦味,餐饮服务,糕饼店,糕饼店,广东省,广州市,增城区,113.702129,23.273841
467,澳门莫子猪扒包(朱村店),餐饮服务,冷饮店,冷饮店,广东省,广州市,增城区,113.701268,23.272893
468,Luckin coffee瑞幸咖啡(广州大学松田学院店),餐饮服务,咖啡厅,咖啡厅,广东省,广州市,增城区,113.72756,23.27715
469,啊一柠檬茶(松田店),餐饮服务,冷饮店,冷饮店,广东省,广州市,增城区,113.732306,23.276062
470,比嘉思西饼屋,餐饮服务,糕饼店,糕饼店,广东省,广州市,增城区,113.698645,23.273031
471,吉子蜜,餐饮服务,冷饮店,冷饮店,广东省,广州市,增城区,113.726044,23.277077
472,邓山茶馆,餐饮服务,茶艺馆,茶艺馆,广东省,广州市,增城区,113.741637,23.351355
473,麦堡王(松田店),餐饮服务,冷饮店,冷饮店,广东省,广州市,增城区,113.731769,23.276576
474,伊藤家面包蛋糕炸鸡和汉堡,餐饮服务,糕饼店,糕饼店,广东省,广州市,增城区,113.678811,23.271427
475,西福河茶楼,餐饮服务,茶艺馆,茶艺馆,广东省,广州市,增城区,113.735708,23.218995
476,啊一柠檬茶(朱村店),餐饮服务,冷饮店,冷饮店,广东省,广州市,增城区,113.696975,23.275223
477,广州市增城君顺凉茶店,餐饮服务,冷饮店,冷饮店,广东省,广州市,增城区,113.678534,23.274438
478,星奇异蛋糕屋(新塘店),餐饮服务,糕饼店,糕饼店,广东省,广州市,增城区,113.717964,23.169151
479,惠英糖水店,餐饮服务,甜品店,甜品店,广东省,广州市,增城区,113.718328,23.168589
480,益茶堂(仙村店),餐饮服务,冷饮店,冷饮店,广东省,广州市,增城区,113.71802,23.168894
481,表弟蛋糕,餐饮服务,甜品店,甜品店,广东省,广州市,增城区,113.718735,23.169658
482,包原味,餐饮服务,甜品店,甜品店,广东省,广州市,增城区,113.718336,23.168595
483,兴华饼家,餐饮服务,糕饼店,糕饼店,广东省,广州市,增城区,113.719506,23.167937
484,蓝美点艺术蛋糕店,餐饮服务,糕饼店,糕饼店,广东省,广州市,增城区,113.718611,23.167684
485,得闲饮茶,餐饮服务,冷饮店,冷饮店,广东省,广州市,增城区,113.719428,23.164788
486,顶轩饼屋,餐饮服务,糕饼店,糕饼店,广东省,广州市,增城区,113.7191,23.16647
487,探一茶,餐饮服务,冷饮店,冷饮店,广东省,广州市,增城区,113.719156,23.165189
488,满茶,餐饮服务,冷饮店,冷饮店,广东省,广州市,增城区,113.719242,23.164845
489,啊一柠檬茶(仙村店),餐饮服务,冷饮店,冷饮店,广东省,广州市,增城区,113.71877,23.165412
490,香港仔奶茶,餐饮服务,冷饮店,冷饮店,广东省,广州市,增城区,113.718477,23.168042
491,洪茶馆,餐饮服务,茶艺馆,茶艺馆,广东省,广州市,增城区,113.718949,23.168761
492,1987老舍茶铺,餐饮服务,冷饮店,冷饮店,广东省,广州市,增城区,113.718997,23.162622
493,夏令营花果鲜茶,餐饮服务,冷饮店,冷饮店,广东省,广州市,增城区,113.719401,23.164843
494,香蜜园,餐饮服务,冷饮店,冷饮店,广东省,广州市,增城区,113.717145,23.18367
495,喜田茶铺,餐饮服务,冷饮店,冷饮店,广东省,广州市,增城区,113.715815,23.188032
496,仙村伊莎曼,餐饮服务,糕饼店,糕饼店,广东省,广州市,增城区,113.715658,23.188263
497,甜蜜蜜糖水,餐饮服务,甜品店,甜品店,广东省,广州市,增城区,113.719011,23.165752
498,Brown cake,餐饮服务,糕饼店,糕饼店,广东省,广州市,增城区,113.715192,23.165993
499,初茶(仙村店),餐饮服务,冷饮店,冷饮店,广东省,广州市,增城区,113.721675,23.164782
500,粤点茶舍,餐饮服务,茶艺馆,茶艺馆,广东省,广州市,增城区,113.71917,23.163421
501,壹玖捌玖奶茶店,餐饮服务,冷饮店,冷饮店,广东省,广州市,增城区,113.735924,23.185119
502,老表凉茶,餐饮服务,冷饮店,冷饮店,广东省,广州市,增城区,113.755579,23.204134
503,零下一度奶茶店,餐饮服务,冷饮店,冷饮店,广东省,广州市,增城区,113.756004,23.203895
