,苏宁易购(花都龙珠路店),购物服务,家电电子卖场,苏宁,广东省,广州市,花都区,113.231029,23.397747
0,瀛富国际建材家居采购中心(花都店),购物服务,家居建材市场,家具建材综合市场,广东省,广州市,花都区,113.244059,23.407904
1,大金空调,购物服务,家电电子卖场,家电电子卖场,广东省,广州市,花都区,113.238517,23.407624
2,宏陶陶瓷(三东大道东),购物服务,家居建材市场,建材五金市场,广东省,广州市,花都区,113.244373,23.408487
3,中国联通(花都营业厅),购物服务,家电电子卖场,手机销售,广东省,广州市,花都区,113.22767,23.402325
4,福建花都建成石材批发,购物服务,家居建材市场,建材五金市场,广东省,广州市,花都区,113.23829,23.412387
5,广州市花都区花城梦特装修工程部,购物服务,家居建材市场,家居建材市场,广东省,广州市,花都区,113.237863,23.413073
6,昌盛不锈钢工艺,购物服务,家居建材市场,建材五金市场,广东省,广州市,花都区,113.238664,23.411843
7,顺成家具批发,购物服务,家居建材市场,家具城,广东省,广州市,花都区,113.236145,23.408766
8,美泰·家居广场,购物服务,家居建材市场,家具城,广东省,广州市,花都区,113.231043,23.397769
9,盛隆沙井盖批发部,购物服务,家居建材市场,建材五金市场,广东省,广州市,花都区,113.24036,23.409411
10,金香冮家私,购物服务,家居建材市场,家具城,广东省,广州市,花都区,113.23462,23.409639
11,顺成家具批发广场(三东大道西),购物服务,家居建材市场,家具城,广东省,广州市,花都区,113.236262,23.408731
12,松下电器(G94店),购物服务,家电电子卖场,家电电子卖场,广东省,广州市,花都区,113.242056,23.493955
13,新居乐防蚊纱窗,购物服务,家居建材市场,建材五金市场,广东省,广州市,花都区,113.24151,23.494148
14,福连天红木馆,购物服务,家居建材市场,家具城,广东省,广州市,花都区,113.244056,23.495407
15,华洲科技,购物服务,家电电子卖场,数码电子,广东省,广州市,花都区,113.236803,23.48513
16,绿茵普LED灯专卖店,购物服务,家居建材市场,灯具瓷器市场,广东省,广州市,花都区,113.246231,23.49729
17,联塑管道,购物服务,家居建材市场,建材五金市场,广东省,广州市,花都区,113.235533,23.484116
18,旭峰铝艺,购物服务,家居建材市场,建材五金市场,广东省,广州市,花都区,113.24846,23.494204
19,伟源钢结构工程部,购物服务,家居建材市场,家居建材市场,广东省,广州市,花都区,113.239335,23.483035
20,诚信不锈钢,购物服务,家居建材市场,建材五金市场,广东省,广州市,花都区,113.239705,23.483443
21,锦记建材装饰公司,购物服务,家居建材市场,建材五金市场,广东省,广州市,花都区,113.249157,23.494252
22,东华不锈钢装饰工程,购物服务,家居建材市场,建材五金市场,广东省,广州市,花都区,113.228088,23.488287
23,美的(好宜加专卖店),购物服务,家电电子卖场,家电电子卖场,广东省,广州市,花都区,113.223239,23.466611
24,华邮通信,购物服务,家电电子卖场,手机销售,广东省,广州市,花都区,113.224627,23.467777
25,顺发卷闸装饰工程,购物服务,家居建材市场,建材五金市场,广东省,广州市,花都区,113.233966,23.483232
26,中国联通,购物服务,家电电子卖场,手机销售,广东省,广州市,白云区,113.242357,23.256268
27,康普鑫玻璃仓库,购物服务,家居建材市场,家居建材市场,广东省,广州市,白云区,113.240862,23.252484
28,优腾玻璃,购物服务,家居建材市场,家居建材市场,广东省,广州市,白云区,113.237472,23.250668
29,逸峰玻璃,购物服务,家居建材市场,家居建材市场,广东省,广州市,白云区,113.237373,23.250487
30,宇辰玻璃,购物服务,家居建材市场,建材五金市场,广东省,广州市,白云区,113.239334,23.250694
31,联想电脑监控(唐阁分店),购物服务,家电电子卖场,数码电子,广东省,广州市,白云区,113.237774,23.256159
32,诚怡玻璃,购物服务,家居建材市场,建材五金市场,广东省,广州市,白云区,113.24193,23.254616
33,广州市鑫圃源不干胶材料,购物服务,家居建材市场,建材五金市场,广东省,广州市,白云区,113.23692,23.255271
34,明兴雨阳篷厂(龙塘总部),购物服务,家居建材市场,家居建材市场,广东省,广州市,白云区,113.23693,23.256204
35,粤旺螺丝,购物服务,家居建材市场,建材五金市场,广东省,广州市,白云区,113.237895,23.256188
36,恒盛玻璃,购物服务,家居建材市场,家居建材市场,广东省,广州市,白云区,113.242517,23.25445
37,韩乐电器,购物服务,家电电子卖场,家电电子卖场,广东省,广州市,白云区,113.239285,23.335317
38,顺兴五金店,购物服务,家居建材市场,建材五金市场,广东省,广州市,白云区,113.23829,23.334224
39,卓胜不锈钢门窗工程部,购物服务,家居建材市场,家居建材市场,广东省,广州市,白云区,113.241187,23.335138
40,华润超市(装修中),购物服务,家居建材市场,厨卫市场,广东省,广州市,白云区,113.230316,23.325717
41,鸿运电器,购物服务,家电电子卖场,综合家电商场,广东省,广州市,花都区,113.230874,23.340755
42,永兴五金水暖电器批发部(镜湖大道南),购物服务,家居建材市场,建材五金市场,广东省,广州市,花都区,113.231059,23.343309
43,顺兴五金店,购物服务,家居建材市场,建材五金市场,广东省,广州市,白云区,113.2405,23.339525
44,东镜新旧货大卖场,购物服务,家居建材市场,家具城,广东省,广州市,花都区,113.230698,23.340348
45,蒋记工程部,购物服务,家居建材市场,家居建材市场,广东省,广州市,白云区,113.235682,23.325578
46,东镜国际装饰材料城,购物服务,家居建材市场,家具建材综合市场,广东省,广州市,花都区,113.228124,23.335842
47,金山家具,购物服务,家居建材市场,家具城,广东省,广州市,花都区,113.229228,23.338892
48,白沙英达红木古典家私,购物服务,家居建材市场,家具城,广东省,广州市,花都区,113.230753,23.341207
49,国美电器,购物服务,家电电子卖场,国美,广东省,广州市,荔湾区,113.23404,23.09267
50,新亚洲国际数码电子城,购物服务,家电电子卖场,数码电子,广东省,广州市,荔湾区,113.253127,23.109099
51,金冠燃气技术开发有限公司,购物服务,家居建材市场,厨卫市场,广东省,广州市,荔湾区,113.230678,23.082755
52,展丰傢俬,购物服务,家居建材市场,家具城,广东省,广州市,荔湾区,113.23787,23.093216
53,新创家私,购物服务,家居建材市场,家具城,广东省,广州市,荔湾区,113.237693,23.093177
54,中国移动通信景科通信特约代理点,购物服务,家电电子卖场,手机销售,广东省,广州市,荔湾区,113.237324,23.09432
55,和兴电器,购物服务,家电电子卖场,家电电子卖场,广东省,广州市,白云区,113.23864,23.173412
56,新广联通讯,购物服务,家电电子卖场,手机销售,广东省,广州市,白云区,113.239615,23.173111
57,亿盛办公家俱,购物服务,家居建材市场,家具城,广东省,广州市,白云区,113.23634,23.172846
58,红阳家具(西槎路),购物服务,家居建材市场,家具城,广东省,广州市,白云区,113.236412,23.173113
59,顺发家具,购物服务,家居建材市场,家具城,广东省,广州市,白云区,113.236718,23.173373
60,科宝电子城5期,购物服务,家电电子卖场,家电电子卖场,广东省,广州市,番禺区,113.318084,23.025331
61,六六通讯,购物服务,家电电子卖场,家电电子卖场,广东省,广州市,番禺区,113.317106,23.012882
62,PILOT飞行员电子雾化体验店,购物服务,家电电子卖场,家电电子卖场,广东省,广州市,番禺区,113.318753,23.012226
63,伟业五金店,购物服务,家居建材市场,建材五金市场,广东省,广州市,番禺区,113.317599,23.013565
64,大石家私城E座,购物服务,家居建材市场,家具城,广东省,广州市,番禺区,113.313478,23.019873
65,西联石材,购物服务,家居建材市场,建材五金市场,广东省,广州市,番禺区,113.313682,23.015993
66,杰赛科技股份有限公司,购物服务,家电电子卖场,数码电子,广东省,广州市,海珠区,113.322595,23.096661
67,格力电器(伟宏1店),购物服务,家电电子卖场,家电电子卖场,广东省,广州市,海珠区,113.318601,23.095776
68,奥特朗苏宁（丽影广场店）,购物服务,家电电子卖场,苏宁,广东省,广州市,海珠区,113.319004,23.095942
69,苏宁易购(丽影广场店),购物服务,家电电子卖场,手机销售,广东省,广州市,海珠区,113.31904,23.095788
70,时代数码城,购物服务,家电电子卖场,手机销售,广东省,广州市,海珠区,113.312004,23.090796
71,国美电器(丽影广场店),购物服务,家电电子卖场,国美,广东省,广州市,海珠区,113.321449,23.09581
72,中国电信(丽影广场店),购物服务,家电电子卖场,手机销售,广东省,广州市,海珠区,113.319592,23.095799
73,新港综合城,购物服务,家居建材市场,建材五金市场,广东省,广州市,海珠区,113.327026,23.096598
74,日丰管(中华大道店),购物服务,家居建材市场,建材五金市场,广东省,广州市,南沙区,113.317155,22.847619
75,信诺铜门,购物服务,家居建材市场,建材五金市场,广东省,广州市,南沙区,113.316779,22.847446
76,八沙五金电器商行,购物服务,家居建材市场,家居建材市场,广东省,广州市,南沙区,113.317057,22.847484
77,八达电器,购物服务,家居建材市场,建材五金市场,广东省,广州市,南沙区,113.317066,22.847309
78,北斗建材,购物服务,家居建材市场,建材五金市场,广东省,广州市,南沙区,113.355744,22.889442
79,中国移动,购物服务,家电电子卖场,手机销售,广东省,广州市,南沙区,113.334956,22.831718
80,红牛木门,购物服务,家居建材市场,建材五金市场,广东省,广州市,南沙区,113.339258,22.853546
81,兴记石材工程部,购物服务,家居建材市场,建材五金市场,广东省,广州市,南沙区,113.341424,22.847018
82,威迪诗整体橱柜衣柜,购物服务,家居建材市场,家具城,广东省,广州市,南沙区,113.341307,22.845415
83,中国移动(讯佳通信特约代理点),购物服务,家电电子卖场,手机销售,广东省,广州市,番禺区,113.318401,22.936123
84,强尧电子,购物服务,家电电子卖场,数码电子,广东省,广州市,番禺区,113.318389,22.933853
85,沙头街波记五金交电,购物服务,家居建材市场,建材五金市场,广东省,广州市,番禺区,113.318376,22.935342
86,鸿鑫电脑(中心一街店),购物服务,家电电子卖场,数码电子,广东省,广州市,番禺区,113.320297,22.934864
87,创信不锈钢,购物服务,家居建材市场,建材五金市场,广东省,广州市,番禺区,113.321312,22.930951
88,嘉裕五金店,购物服务,家居建材市场,建材五金市场,广东省,广州市,番禺区,113.320256,22.93657
89,海信空调厂家直销点,购物服务,家电电子卖场,家电电子卖场,广东省,广州市,番禺区,113.3272,22.940536
90,志高空调,购物服务,家电电子卖场,家电电子卖场,广东省,广州市,番禺区,113.327317,22.940462
91,宋学士儿童桌椅家具,购物服务,家居建材市场,家具城,广东省,广州市,番禺区,113.329987,22.937744
92,番禺儿童家具城,购物服务,家居建材市场,家具城,广东省,广州市,番禺区,113.330322,22.937469
93,美的(大板工业区二街店),购物服务,家电电子卖场,家电电子卖场,广东省,广州市,番禺区,113.327317,22.940504
94,凯兰家具,购物服务,家居建材市场,家具城,广东省,广州市,花都区,113.316358,23.476043
95,欢棣凯通讯店,购物服务,家电电子卖场,家电电子卖场,广东省,广州市,花都区,113.293151,23.491969
96,中国移动(营业店),购物服务,家电电子卖场,手机销售,广东省,广州市,花都区,113.295393,23.548935
97,唐华家电,购物服务,家电电子卖场,家电电子卖场,广东省,广州市,花都区,113.294959,23.549967
98,翔宇通讯,购物服务,家电电子卖场,手机销售,广东省,广州市,花都区,113.295341,23.548937
99,德盛禧建材经营部,购物服务,家居建材市场,建材五金市场,广东省,广州市,花都区,113.298268,23.551036
100,钢玉建材,购物服务,家居建材市场,家居建材市场,广东省,广州市,花都区,113.296665,23.549735
101,通安五金水电商行,购物服务,家居建材市场,建材五金市场,广东省,广州市,花都区,113.296229,23.550125
102,永发五金部,购物服务,家居建材市场,建材五金市场,广东省,广州市,花都区,113.294554,23.54975
103,温馨居窗帘,购物服务,家居建材市场,布艺市场,广东省,广州市,花都区,113.296079,23.549365
104,昌盛沙石经营部,购物服务,家居建材市场,家居建材市场,广东省,广州市,花都区,113.295863,23.546592
105,五金日杂店,购物服务,家居建材市场,建材五金市场,广东省,广州市,花都区,113.294892,23.549472
106,华业五金水电,购物服务,家居建材市场,建材五金市场,广东省,广州市,花都区,113.29655,23.549636
107,e米科技,购物服务,家电电子卖场,数码电子,广东省,广州市,花都区,113.293923,23.546504
108,俊兴陶瓷店,购物服务,家居建材市场,建材五金市场,广东省,广州市,花都区,113.293853,23.548698
109,恒和陶瓷批发部,购物服务,家居建材市场,建材五金市场,广东省,广州市,花都区,113.294211,23.548201
110,志盛门业不锈钢装饰,购物服务,家居建材市场,建材五金市场,广东省,广州市,花都区,113.29392,23.546495
111,荣兴五金水电商店,购物服务,家居建材市场,家居建材市场,广东省,广州市,白云区,113.328257,23.332244
112,联塑管道,购物服务,家居建材市场,建材五金市场,广东省,广州市,白云区,113.328195,23.332252
113,丰鑫装饰材料城,购物服务,家居建材市场,建材五金市场,广东省,广州市,白云区,113.297882,23.340199
114,中国电信,购物服务,家电电子卖场,手机销售,广东省,广州市,白云区,113.309482,23.326092
115,金伟连,购物服务,家电电子卖场,家电电子卖场,广东省,广州市,白云区,113.305693,23.335873
116,领康不锈钢,购物服务,家居建材市场,家居建材市场,广东省,广州市,白云区,113.311361,23.32459
117,心发丝印器材,购物服务,家居建材市场,建材五金市场,广东省,广州市,白云区,113.308061,23.327004
118,广州白云机场体验店,购物服务,家电电子卖场,家电电子卖场,广东省,广州市,花都区,113.320241,23.416602
119,弘木阁,购物服务,家居建材市场,家具城,广东省,广州市,花都区,113.323948,23.410124
120,昌盛日杂店,购物服务,家居建材市场,家居建材市场,广东省,广州市,花都区,113.324719,23.41669
121,枫高家具,购物服务,家居建材市场,家居建材市场,广东省,广州市,花都区,113.325194,23.416944
122,苏宁易购(花东镇零售云店),购物服务,家电电子卖场,苏宁,广东省,广州市,花都区,113.32359,23.433885
123,清华通讯,购物服务,家电电子卖场,手机销售,广东省,广州市,花都区,113.340938,23.40017
124,佳家美家居,购物服务,家居建材市场,家具城,广东省,广州市,花都区,113.317343,23.436794
125,天平装饰材料城,购物服务,家居建材市场,家具建材综合市场,广东省,广州市,天河区,113.319402,23.161208
126,卓晟电脑科技,购物服务,家电电子卖场,手机销售,广东省,广州市,天河区,113.31851,23.174518
127,宏德金门,购物服务,家居建材市场,建材五金市场,广东省,广州市,天河区,113.317782,23.166884
128,大众家私电器专卖店,购物服务,家电电子卖场,家电电子卖场,广东省,广州市,白云区,113.318231,23.253124
129,长兴五金批发,购物服务,家居建材市场,建材五金市场,广东省,广州市,白云区,113.318429,23.252979
130,龙归陶瓷城,购物服务,家居建材市场,建材五金市场,广东省,广州市,白云区,113.304283,23.272868
131,富宏智能,购物服务,家电电子卖场,家电电子卖场,广东省,广州市,白云区,113.31784,23.251526
132,瑞发五金水电商行,购物服务,家居建材市场,建材五金市场,广东省,广州市,白云区,113.408822,23.268686
133,粤璋五金店营部,购物服务,家居建材市场,家居建材市场,广东省,广州市,白云区,113.408668,23.269077
134,联塑管道,购物服务,家居建材市场,建材五金市场,广东省,广州市,白云区,113.408971,23.268318
135,广州正广和建材-1号仓库,购物服务,家居建材市场,家居建材市场,广东省,广州市,白云区,113.400247,23.27193
136,粤璋五金水电经营部,购物服务,家居建材市场,家居建材市场,广东省,广州市,白云区,113.405113,23.272357
137,雅羽钢材,购物服务,家居建材市场,家居建材市场,广东省,广州市,白云区,113.403362,23.273155
138,铭邦门窗,购物服务,家居建材市场,建材五金市场,广东省,广州市,白云区,113.405394,23.271463
139,杰兴通信,购物服务,家电电子卖场,家电电子卖场,广东省,广州市,白云区,113.364745,23.252412
140,骉马展柜家具,购物服务,家居建材市场,家具城,广东省,广州市,白云区,113.397148,23.334665
141,高端整木定制,购物服务,家居建材市场,家居建材市场,广东省,广州市,白云区,113.399877,23.337386
142,易尚家具,购物服务,家居建材市场,家具城,广东省,广州市,白云区,113.404327,23.336763
143,意戈整木全屋定制,购物服务,家居建材市场,家居建材市场,广东省,广州市,白云区,113.407246,23.336123
144,奈斯电器,购物服务,家电电子卖场,家电电子卖场,广东省,广州市,白云区,113.390163,23.340331
145,建波玻璃工程部,购物服务,家居建材市场,家居建材市场,广东省,广州市,白云区,113.388422,23.329795
146,美尚家具,购物服务,家居建材市场,家居建材市场,广东省,广州市,白云区,113.391327,23.340464
147,广州吉尔利沙发厂,购物服务,家居建材市场,家具城,广东省,广州市,白云区,113.412347,23.335834
148,背三盛塑胶制品厂,购物服务,家电电子卖场,手机销售,广东省,广州市,白云区,113.392199,23.341714
149,联塑管道,购物服务,家居建材市场,建材五金市场,广东省,广州市,白云区,113.388266,23.329936
150,中国移动,购物服务,家电电子卖场,手机销售,广东省,广州市,海珠区,113.397697,23.092762
151,长江家电百货,购物服务,家电电子卖场,综合家电商场,广东省,广州市,海珠区,113.397892,23.092785
152,穗城五金水电商行,购物服务,家居建材市场,建材五金市场,广东省,广州市,海珠区,113.397694,23.092727
153,港澳通讯,购物服务,家电电子卖场,数码电子,广东省,广州市,海珠区,113.397967,23.092992
154,吉盛伟邦,购物服务,家居建材市场,家具城,广东省,广州市,海珠区,113.367622,23.097208
155,天宇通讯,购物服务,家电电子卖场,手机销售,广东省,广州市,海珠区,113.398066,23.093416
156,顺景卡类超市,购物服务,家电电子卖场,手机销售,广东省,广州市,海珠区,113.397959,23.091912
157,vvo手机店,购物服务,家电电子卖场,家电电子卖场,广东省,广州市,海珠区,113.396179,23.092698
158,华南通讯,购物服务,家电电子卖场,手机销售,广东省,广州市,天河区,113.397672,23.172191
159,雄发工程部,购物服务,家居建材市场,家居建材市场,广东省,广州市,天河区,113.397072,23.173622
160,中国电信(清河东路营业厅),购物服务,家电电子卖场,手机销售,广东省,广州市,番禺区,113.377706,22.935393
161,司米(永旺梦乐城),购物服务,家居建材市场,厨卫市场,广东省,广州市,番禺区,113.388085,22.937162
162,不锈钢铝合金雨棚阁楼,购物服务,家居建材市场,家居建材市场,广东省,广州市,番禺区,113.397912,23.014266
163,五福临门,购物服务,家居建材市场,家居建材市场,广东省,广州市,番禺区,113.397373,23.014176
164,广州市顺洲玻璃厂,购物服务,家居建材市场,建材五金市场,广东省,广州市,番禺区,113.3979,23.01497
165,美的厨卫专卖店,购物服务,家居建材市场,厨卫市场,广东省,广州市,南沙区,113.390039,22.78427
166,豪庭窗帘(增沙分店),购物服务,家居建材市场,布艺市场,广东省,广州市,南沙区,113.395862,22.766805
167,新益力家具厂,购物服务,家居建材市场,家居建材市场,广东省,广州市,南沙区,113.395947,22.780725
168,尚乐居家具,购物服务,家居建材市场,家具城,广东省,广州市,南沙区,113.40105,22.763358
169,尚木家具厂,购物服务,家居建材市场,家居建材市场,广东省,广州市,南沙区,113.401729,22.764895
170,裕豪通讯,购物服务,家电电子卖场,家电电子卖场,广东省,广州市,南沙区,113.389814,22.781404
171,源创家具,购物服务,家居建材市场,家居建材市场,广东省,广州市,南沙区,113.38894,22.773241
172,专业扇灰,购物服务,家居建材市场,家居建材市场,广东省,广州市,南沙区,113.391399,22.780313
173,鸿达五金交电商行,购物服务,家居建材市场,家居建材市场,广东省,广州市,南沙区,113.391039,22.780441
174,波少通信,购物服务,家电电子卖场,家电电子卖场,广东省,广州市,南沙区,113.38815,22.780302
175,得信家电,购物服务,家电电子卖场,手机销售,广东省,广州市,南沙区,113.38997,22.784215
176,华顺五金交电,购物服务,家居建材市场,建材五金市场,广东省,广州市,南沙区,113.388208,22.775742
177,荣生家电,购物服务,家电电子卖场,综合家电商场,广东省,广州市,南沙区,113.390483,22.784627
178,富昌盛石材批发,购物服务,家居建材市场,建材五金市场,广东省,广州市,南沙区,113.388273,22.846702
179,广州市广宏铁器工程,购物服务,家居建材市场,建材五金市场,广东省,广州市,南沙区,113.387274,22.848127
180,大洪布料店,购物服务,家居建材市场,布艺市场,广东省,广州市,南沙区,113.387381,22.847747
181,云浮建业石材,购物服务,家居建材市场,家居建材市场,广东省,广州市,南沙区,113.38839,22.846258
182,绍兴钢材,购物服务,家居建材市场,建材五金市场,广东省,广州市,南沙区,113.386461,22.856887
183,锌板透光瓦,购物服务,家居建材市场,建材五金市场,广东省,广州市,南沙区,113.387185,22.849045
184,八达电器,购物服务,家居建材市场,建材五金市场,广东省,广州市,南沙区,113.387275,22.848208
185,联塑管道,购物服务,家居建材市场,建材五金市场,广东省,广州市,南沙区,113.387198,22.848426
186,晶铭斯玻璃,购物服务,家居建材市场,建材五金市场,广东省,广州市,南沙区,113.386405,22.855796
187,新壹华五金,购物服务,家居建材市场,建材五金市场,广东省,广州市,南沙区,113.3873,22.848054
188,广隆五金钉线,购物服务,家居建材市场,建材五金市场,广东省,广州市,南沙区,113.385871,22.857064
189,绍兴角铁,购物服务,家居建材市场,建材五金市场,广东省,广州市,南沙区,113.38658,22.856712
190,红群木艺,购物服务,家居建材市场,建材五金市场,广东省,广州市,从化区,113.421449,23.584217
191,创辉石材,购物服务,家居建材市场,建材五金市场,广东省,广州市,从化区,113.401213,23.607156
192,博美门窗加工店,购物服务,家居建材市场,家居建材市场,广东省,广州市,从化区,113.432473,23.610928
193,邓记石材鳌头总店,购物服务,家居建材市场,家居建材市场,广东省,广州市,从化区,113.431561,23.611119
194,青岛欧派经典电器,购物服务,家居建材市场,家居建材市场,广东省,广州市,从化区,113.431131,23.612245
195,欢记石材,购物服务,家居建材市场,建材五金市场,广东省,广州市,从化区,113.431529,23.611152
196,美梦床上用品厂,购物服务,家居建材市场,布艺市场,广东省,广州市,从化区,113.435416,23.610175
197,虹奕居窗帘,购物服务,家居建材市场,布艺市场,广东省,广州市,从化区,113.431371,23.612447
198,顺璟石材,购物服务,家居建材市场,建材五金市场,广东省,广州市,从化区,113.431164,23.612177
199,白兔村明仔不锈钢装饰工程部,购物服务,家居建材市场,建材五金市场,广东省,广州市,从化区,113.435049,23.610467
200,不锈钢门窗工程部,购物服务,家居建材市场,家居建材市场,广东省,广州市,从化区,113.40221,23.645104
201,至美橱卫电器,购物服务,家电电子卖场,家电电子卖场,广东省,广州市,从化区,113.411303,23.666085
202,顺理意家具城,购物服务,家居建材市场,家具城,广东省,广州市,从化区,113.414768,23.642747
203,红木家私,购物服务,家居建材市场,家具城,广东省,广州市,从化区,113.413058,23.667292
204,汇茗居家具,购物服务,家居建材市场,家具城,广东省,广州市,从化区,113.415241,23.668096
205,华记石材,购物服务,家居建材市场,家居建材市场,广东省,广州市,花都区,113.401882,23.423732
206,三社电器,购物服务,家电电子卖场,家电电子卖场,广东省,广州市,花都区,113.412209,23.408578
207,鑫鑫钢材经营部,购物服务,家居建材市场,建材五金市场,广东省,广州市,花都区,113.411155,23.408587
208,博威不锈钢工程部,购物服务,家居建材市场,建材五金市场,广东省,广州市,花都区,113.410767,23.406638
209,美的全系列产品,购物服务,家电电子卖场,家电电子卖场,广东省,广州市,花都区,113.410324,23.402451
210,豪庭不锈钢门窗工程,购物服务,家居建材市场,家居建材市场,广东省,广州市,花都区,113.412496,23.409104
211,金利卷闸门,购物服务,家居建材市场,建材五金市场,广东省,广州市,花都区,113.412004,23.408522
212,广州立心家具,购物服务,家居建材市场,家居建材市场,广东省,广州市,花都区,113.413072,23.414936
213,云浮祥兴石材,购物服务,家居建材市场,建材五金市场,广东省,广州市,花都区,113.411628,23.407292
214,莘田添记五金店,购物服务,家居建材市场,建材五金市场,广东省,广州市,花都区,113.411365,23.406749
215,文杰装饰工程部,购物服务,家居建材市场,建材五金市场,广东省,广州市,花都区,113.411949,23.407846
216,朝阳不锈钢工程部,购物服务,家居建材市场,建材五金市场,广东省,广州市,花都区,113.410079,23.40309
217,明兴电缆,购物服务,家居建材市场,家居建材市场,广东省,广州市,花都区,113.410476,23.403132
218,盛辉五金水电经营部,购物服务,家居建材市场,家居建材市场,广东省,广州市,花都区,113.412103,23.408637
219,三联电器,购物服务,家电电子卖场,手机销售,广东省,广州市,花都区,113.410225,23.40234
220,伊美嘉衣柜,购物服务,家居建材市场,家居建材市场,广东省,广州市,花都区,113.412623,23.421463
221,冬森电器,购物服务,家电电子卖场,家电电子卖场,广东省,广州市,花都区,113.358786,23.455659
222,苹果手机店,购物服务,家电电子卖场,家电电子卖场,广东省,广州市,花都区,113.359351,23.457048
223,球记日杂文具店,购物服务,家居建材市场,建材五金市场,广东省,广州市,从化区,113.493505,23.482634
224,宏图铁艺,购物服务,家居建材市场,家居建材市场,广东省,广州市,从化区,113.494804,23.481618
225,球记五金,购物服务,家居建材市场,建材五金市场,广东省,广州市,从化区,113.494739,23.481393
226,联塑管道,购物服务,家居建材市场,建材五金市场,广东省,广州市,从化区,113.494758,23.481391
227,莲塘五金店,购物服务,家居建材市场,建材五金市场,广东省,广州市,从化区,113.495466,23.480774
228,环球彩色不锈钢,购物服务,家居建材市场,建材五金市场,广东省,广州市,从化区,113.495455,23.481001
229,香港·世威艺术壁材,购物服务,家居建材市场,建材五金市场,广东省,广州市,从化区,113.501529,23.474088
230,青岛欧派时尚电器,购物服务,家居建材市场,厨卫市场,广东省,广州市,从化区,113.497076,23.46272
231,昌源玻璃,购物服务,家居建材市场,家居建材市场,广东省,广州市,从化区,113.499765,23.467849
232,振业石材装饰,购物服务,家居建材市场,建材五金市场,广东省,广州市,从化区,113.499816,23.467817
233,鸿兴石材装饰,购物服务,家居建材市场,建材五金市场,广东省,广州市,从化区,113.499931,23.46767
234,邓彩建材店,购物服务,家居建材市场,建材五金市场,广东省,广州市,从化区,113.505827,23.470455
235,进口砖,购物服务,家居建材市场,建材五金市场,广东省,广州市,从化区,113.498115,23.464904
236,伊莉莎白瓷砖(广从南路店),购物服务,家居建材市场,建材五金市场,广东省,广州市,从化区,113.498075,23.464822
237,汇江石材装饰工程部,购物服务,家居建材市场,建材五金市场,广东省,广州市,从化区,113.498614,23.465863
238,长城石材,购物服务,家居建材市场,灯具瓷器市场,广东省,广州市,从化区,113.496851,23.462296
239,鸿翔建材,购物服务,家居建材市场,建材五金市场,广东省,广州市,从化区,113.484201,23.583466
240,好运建材,购物服务,家居建材市场,建材五金市场,广东省,广州市,从化区,113.482942,23.583563
241,鑫广隆钢材有限公司,购物服务,家居建材市场,建材五金市场,广东省,广州市,从化区,113.487551,23.582836
242,好运建材店,购物服务,家居建材市场,建材五金市场,广东省,广州市,从化区,113.488693,23.582624
243,永鸿木业,购物服务,家居建材市场,建材五金市场,广东省,广州市,从化区,113.489032,23.582564
244,锦颖记五金加工店,购物服务,家居建材市场,建材五金市场,广东省,广州市,从化区,113.489174,23.582537
245,权兴白铁环保设备工程,购物服务,家居建材市场,建材五金市场,广东省,广州市,从化区,113.489336,23.582508
246,隆兴建材,购物服务,家居建材市场,建材五金市场,广东省,广州市,从化区,113.488982,23.582572
247,广州业众建材经营部,购物服务,家居建材市场,建材五金市场,广东省,广州市,从化区,113.488762,23.582518
248,俊杰建材店,购物服务,家居建材市场,家居建材市场,广东省,广州市,从化区,113.489154,23.582475
249,能诚建材店,购物服务,家居建材市场,建材五金市场,广东省,广州市,从化区,113.483556,23.583588
250,鑫广隆淼佳装饰材料,购物服务,家居建材市场,建材五金市场,广东省,广州市,从化区,113.487218,23.582898
251,鸿發建材,购物服务,家居建材市场,建材五金市场,广东省,广州市,从化区,113.487008,23.582937
252,洲洪石材,购物服务,家居建材市场,建材五金市场,广东省,广州市,从化区,113.487766,23.582795
253,起重机械电动葫芦,购物服务,家居建材市场,家居建材市场,广东省,广州市,从化区,113.489909,23.582403
254,兴晖建材店,购物服务,家居建材市场,建材五金市场,广东省,广州市,从化区,113.488947,23.582437
255,升宝建材,购物服务,家居建材市场,建材五金市场,广东省,广州市,从化区,113.490269,23.582181
256,锋盛胶瓦搭棚,购物服务,家居建材市场,建材五金市场,广东省,广州市,从化区,113.491247,23.582046
257,化城老刘建材店,购物服务,家居建材市场,建材五金市场,广东省,广州市,从化区,113.49123,23.582167
258,顺发建材韶钢经销处,购物服务,家居建材市场,建材五金市场,广东省,广州市,从化区,113.489835,23.582417
259,港轩家具,购物服务,家居建材市场,家具城,广东省,广州市,从化区,113.498901,23.580781
260,英德水泥批发,购物服务,家居建材市场,建材五金市场,广东省,广州市,从化区,113.471066,23.586429
261,合兴二手建材购销部,购物服务,家居建材市场,建材五金市场,广东省,广州市,从化区,113.490508,23.582338
262,罗秋五金建材综合店,购物服务,家居建材市场,建材五金市场,广东省,广州市,从化区,113.490642,23.582088
263,君意豪华门剪折中心,购物服务,家居建材市场,建材五金市场,广东省,广州市,从化区,113.492419,23.581838
264,新兴钢结构工程部,购物服务,家居建材市场,建材五金市场,广东省,广州市,白云区,113.457163,23.324576
265,丰采塑料,购物服务,家居建材市场,建材五金市场,广东省,广州市,白云区,113.45659,23.324848
266,居家窗帘,购物服务,家居建材市场,布艺市场,广东省,广州市,黄埔区,113.499468,23.342608
267,广州和邦丰晟木业,购物服务,家居建材市场,建材五金市场,广东省,广州市,白云区,113.453183,23.325486
268,3D时尚彩装,购物服务,家居建材市场,建材五金市场,广东省,广州市,白云区,113.450059,23.332086
269,联塑管道,购物服务,家居建材市场,建材五金市场,广东省,广州市,白云区,113.478512,23.413122
270,视贝照明,购物服务,家居建材市场,灯具瓷器市场,广东省,广州市,白云区,113.478122,23.413243
271,明兴电缆,购物服务,家居建材市场,家居建材市场,广东省,广州市,白云区,113.478989,23.412958
272,白云山钟落潭琪麟五金店,购物服务,家居建材市场,建材五金市场,广东省,广州市,白云区,113.47895,23.412926
273,顺兴五金,购物服务,家居建材市场,建材五金市场,广东省,广州市,白云区,113.478313,23.413299
274,昌盛不锈钢工程部,购物服务,家居建材市场,家居建材市场,广东省,广州市,白云区,113.478662,23.411742
275,长鑫五金,购物服务,家居建材市场,建材五金市场,广东省,广州市,白云区,113.479438,23.412712
276,永安不锈钢工程部,购物服务,家居建材市场,建材五金市场,广东省,广州市,白云区,113.477071,23.414088
277,和记不锈钢门防盗网扶手铝合金门窗钢塑门,购物服务,家居建材市场,家居建材市场,广东省,广州市,白云区,113.477241,23.413265
278,广州市梓豪不锈钢经营部,购物服务,家居建材市场,建材五金市场,广东省,广州市,白云区,113.47807,23.415923
279,聚成钢结构工程部,购物服务,家居建材市场,建材五金市场,广东省,广州市,白云区,113.473881,23.418646
280,广汇运输材料,购物服务,家居建材市场,灯具瓷器市场,广东省,广州市,白云区,113.485872,23.414993
281,浩源数码通讯经营部,购物服务,家电电子卖场,家电电子卖场,广东省,广州市,白云区,113.468883,23.416616
282,健民建材店,购物服务,家居建材市场,建材五金市场,广东省,广州市,白云区,113.47387,23.419296
283,广州创维工厂旗舰店,购物服务,家电电子卖场,数码电子,广东省,广州市,黄埔区,113.481089,23.173151
284,手机购票,购物服务,家电电子卖场,家电电子卖场,广东省,广州市,黄埔区,113.481259,23.175744
285,创维,购物服务,家电电子卖场,综合家电商场,广东省,广州市,黄埔区,113.480407,23.170964
286,防汛挡水板,购物服务,家居建材市场,家居建材市场,广东省,广州市,黄埔区,113.47405,23.177059
287,启扬五金机电,购物服务,家居建材市场,建材五金市场,广东省,广州市,白云区,113.467174,23.254079
288,君临电器,购物服务,家电电子卖场,数码电子,广东省,广州市,黄埔区,113.481392,23.238954
289,兴年家具店,购物服务,家居建材市场,家具城,广东省,广州市,白云区,113.461519,23.261644
290,穗丰布艺,购物服务,家居建材市场,建材五金市场,广东省,广州市,白云区,113.461187,23.261472
291,沙石建材销售,购物服务,家居建材市场,家居建材市场,广东省,广州市,白云区,113.479067,23.269086
292,永发装饰家具店,购物服务,家居建材市场,家居建材市场,广东省,广州市,白云区,113.463204,23.261852
293,皇太子缅甸柚木地板家居,购物服务,家居建材市场,家居建材市场,广东省,广州市,白云区,113.469587,23.266823
294,羽雅钢材,购物服务,家居建材市场,建材五金市场,广东省,广州市,白云区,113.462346,23.261777
295,穗源五金,购物服务,家居建材市场,建材五金市场,广东省,广州市,白云区,113.461648,23.261238
296,喜福金门,购物服务,家居建材市场,家居建材市场,广东省,广州市,白云区,113.486684,23.269068
297,明兴五金商行,购物服务,家居建材市场,建材五金市场,广东省,广州市,白云区,113.486445,23.269405
298,中盛陶瓷,购物服务,家居建材市场,建材五金市场,广东省,广州市,白云区,113.46085,23.261553
299,雨虹防水,购物服务,家居建材市场,建材五金市场,广东省,广州市,白云区,113.46021,23.26143
300,联塑管道,购物服务,家居建材市场,建材五金市场,广东省,广州市,白云区,113.486322,23.269423
301,德安密防水材料,购物服务,家居建材市场,家居建材市场,广东省,广州市,白云区,113.459432,23.261278
302,穗丰穗文五金店,购物服务,家居建材市场,建材五金市场,广东省,广州市,白云区,113.460554,23.261081
303,新居不锈钢装饰工程部,购物服务,家居建材市场,建材五金市场,广东省,广州市,白云区,113.460078,23.261419
304,英发不锈钢铝合金工程部,购物服务,家居建材市场,建材五金市场,广东省,广州市,白云区,113.458907,23.261349
305,恒发五金水电(穗丰农贸综合市场店),购物服务,家居建材市场,建材五金市场,广东省,广州市,白云区,113.461067,23.261234
306,名牌生活电器,购物服务,家电电子卖场,家电电子卖场,广东省,广州市,番禺区,113.469915,23.016415
307,裕志家具厂,购物服务,家居建材市场,家具城,广东省,广州市,番禺区,113.469379,23.018112
308,英杰门业装饰,购物服务,家居建材市场,家居建材市场,广东省,广州市,番禺区,113.46935,23.013998
309,白铁通风,购物服务,家居建材市场,建材五金市场,广东省,广州市,番禺区,113.468856,23.011701
310,化龙门业(暂停营业),购物服务,家居建材市场,建材五金市场,广东省,广州市,番禺区,113.469651,23.017213
311,海垿建材,购物服务,家居建材市场,家居建材市场,广东省,广州市,番禺区,113.468698,23.011971
312,踔誉钢材店,购物服务,家居建材市场,家居建材市场,广东省,广州市,番禺区,113.468586,23.011394
313,广州菱伴电子设备有限公司,购物服务,家电电子卖场,数码电子,广东省,广州市,番禺区,113.467593,23.010413
314,君新布艺,购物服务,家居建材市场,布艺市场,广东省,广州市,黄埔区,113.479111,23.093897
315,双沙格力空调专卖店,购物服务,家电电子卖场,数码电子,广东省,广州市,黄埔区,113.479385,23.093693
316,骏灏日杂店,购物服务,家居建材市场,家居建材市场,广东省,广州市,从化区,113.476608,23.657063
317,爱家福门业,购物服务,家居建材市场,建材五金市场,广东省,广州市,从化区,113.47656,23.656722
318,民乐新宜居家具城,购物服务,家居建材市场,家具城,广东省,广州市,从化区,113.471283,23.657768
319,长丰通讯,购物服务,家电电子卖场,手机销售,广东省,广州市,从化区,113.472831,23.657117
320,Hisense,购物服务,家电电子卖场,家电电子卖场,广东省,广州市,从化区,113.471331,23.657415
321,美亮瓷砖店,购物服务,家居建材市场,家居建材市场,广东省,广州市,从化区,113.473356,23.657104
322,民乐国添电器,购物服务,家电电子卖场,家电电子卖场,广东省,广州市,从化区,113.470439,23.657929
323,明兴电缆,购物服务,家居建材市场,家居建材市场,广东省,广州市,从化区,113.471871,23.6576
324,奥菲娜家居,购物服务,家居建材市场,家居建材市场,广东省,广州市,从化区,113.471312,23.657796
325,惠民家私,购物服务,家居建材市场,家具城,广东省,广州市,从化区,113.464043,23.657549
326,东城不锈钢工程部,购物服务,家居建材市场,建材五金市场,广东省,广州市,从化区,113.465412,23.657607
327,民乐万隆五金,购物服务,家居建材市场,建材五金市场,广东省,广州市,从化区,113.471771,23.657664
328,宝源不锈钢工程,购物服务,家居建材市场,建材五金市场,广东省,广州市,从化区,113.464199,23.657542
329,江南名居陶瓷,购物服务,家居建材市场,家居建材市场,广东省,广州市,从化区,113.464461,23.657534
330,明意石材,购物服务,家居建材市场,建材五金市场,广东省,广州市,从化区,113.464357,23.657577
331,港安五金商店,购物服务,家居建材市场,家居建材市场,广东省,广州市,花都区,113.023934,23.421191
332,兴记水泥店,购物服务,家居建材市场,家居建材市场,广东省,广州市,花都区,113.024871,23.420773
333,苏宁易购,购物服务,家电电子卖场,家电电子卖场,广东省,广州市,花都区,112.96295,23.434972
334,兄弟辉煌门窗,购物服务,家居建材市场,建材五金市场,广东省,广州市,花都区,112.961913,23.435385
335,华达通讯(华贵路店),购物服务,家电电子卖场,手机销售,广东省,广州市,花都区,113.082286,23.384866
336,均大厨具,购物服务,家居建材市场,厨卫市场,广东省,广州市,花都区,113.092822,23.407277
337,宝体建材,购物服务,家居建材市场,家居建材市场,广东省,广州市,花都区,113.088023,23.400282
338,顺德家私批发城,购物服务,家居建材市场,家具城,广东省,广州市,花都区,113.079143,23.387436
339,中国电信(赤坭营业厅),购物服务,家电电子卖场,手机销售,广东省,广州市,花都区,113.078338,23.386526
340,嘉宝电器,购物服务,家电电子卖场,家电电子卖场,广东省,广州市,花都区,113.071478,23.318779
341,金华家私,购物服务,家居建材市场,家具城,广东省,广州市,花都区,113.106311,23.337706
342,美的空调(新源专卖店),购物服务,家电电子卖场,家电电子卖场,广东省,广州市,花都区,113.106609,23.334016
343,中国移动,购物服务,家电电子卖场,手机销售,广东省,广州市,花都区,113.105884,23.33779
344,广州市德隆铝业,购物服务,家居建材市场,建材五金市场,广东省,广州市,花都区,113.072582,23.316357
345,BENSON橱柜衣柜,购物服务,家居建材市场,家居建材市场,广东省,广州市,花都区,113.098473,23.328654
346,名居家私城,购物服务,家居建材市场,家具城,广东省,广州市,花都区,113.103853,23.334636
347,森源彩瓦建材,购物服务,家居建材市场,建材五金市场,广东省,广州市,花都区,113.098118,23.330122
348,特维城邦全屋整装,购物服务,家居建材市场,家居建材市场,广东省,广州市,花都区,113.09866,23.326721
349,科耐特集成吊顶墙饰,购物服务,家居建材市场,家居建材市场,广东省,广州市,花都区,113.098752,23.326609
350,名居家具商场,购物服务,家居建材市场,家具城,广东省,广州市,花都区,113.104019,23.3346
351,扬名五金交电商行,购物服务,家居建材市场,建材五金市场,广东省,广州市,花都区,113.164281,23.481346
352,永高管道,购物服务,家居建材市场,家居建材市场,广东省,广州市,花都区,113.15157,23.346951
353,林河海岺电脑配件商行,购物服务,家电电子卖场,家电电子卖场,广东省,广州市,白云区,113.17949,23.3334
354,中国联通,购物服务,家电电子卖场,手机销售,广东省,广州市,花都区,113.147989,23.356245
355,鹰之印工具,购物服务,家居建材市场,家居建材市场,广东省,广州市,花都区,113.147592,23.347195
356,欣杭五金店,购物服务,家居建材市场,建材五金市场,广东省,广州市,花都区,113.147663,23.347244
357,精益交电店,购物服务,家居建材市场,家居建材市场,广东省,广州市,白云区,113.178554,23.333592
358,强力巨彩,购物服务,家电电子卖场,家电电子卖场,广东省,广州市,白云区,113.182359,23.332788
359,欧派家居集团欧铂尼装甲门研发基地,购物服务,家居建材市场,家居建材市场,广东省,广州市,白云区,113.174964,23.335817
360,小陈新旧货家私电器厨具,购物服务,家居建材市场,厨卫市场,广东省,广州市,花都区,113.162961,23.408628
361,天顺通讯,购物服务,家电电子卖场,手机销售,广东省,广州市,花都区,113.162027,23.408199
362,忘忧电脑,购物服务,家电电子卖场,家电电子卖场,广东省,广州市,花都区,113.161462,23.407261
363,大布京东手机店,购物服务,家电电子卖场,手机销售,广东省,广州市,花都区,113.162394,23.408193
364,联塑管道,购物服务,家居建材市场,建材五金市场,广东省,广州市,花都区,113.161281,23.408822
365,广州欢腾电子科技,购物服务,家电电子卖场,数码电子,广东省,广州市,花都区,113.164043,23.408987
366,苹果零售店,购物服务,家电电子卖场,手机销售,广东省,广州市,花都区,113.163043,23.407212
367,全铝家具体验馆,购物服务,家居建材市场,家具城,广东省,广州市,花都区,113.15786,23.404043
368,OPPO授权专卖店,购物服务,家电电子卖场,手机销售,广东省,广州市,花都区,113.163128,23.407108
369,创景五金,购物服务,家居建材市场,建材五金市场,广东省,广州市,花都区,113.166691,23.411028
370,苏宁易购(石滩镇精选店),购物服务,家电电子卖场,苏宁,广东省,广州市,增城区,113.790731,23.174227
371,顺德家具城,购物服务,家居建材市场,家具城,广东省,广州市,增城区,113.79553,23.171387
372,顺德家具批发广场,购物服务,家居建材市场,家具城,广东省,广州市,增城区,113.795116,23.171113
373,天虹家私城,购物服务,家居建材市场,家具城,广东省,广州市,增城区,113.795718,23.170145
374,海信专卖店,购物服务,家电电子卖场,家电电子卖场,广东省,广州市,增城区,113.795425,23.170993
375,家家窗帘店,购物服务,家居建材市场,布艺市场,广东省,广州市,增城区,113.790491,23.258843
376,林鑫家具订制,购物服务,家居建材市场,家居建材市场,广东省,广州市,增城区,113.790337,23.258933
377,坚利五金机电,购物服务,家居建材市场,建材五金市场,广东省,广州市,增城区,113.79074,23.25889
378,四季春硅藻泥,购物服务,家居建材市场,建材五金市场,广东省,广州市,增城区,113.789998,23.258466
379,华为手机(合汇城店),购物服务,家电电子卖场,家电电子卖场,广东省,广州市,增城区,113.811013,23.26091
380,大金空调专卖店,购物服务,家电电子卖场,家电电子卖场,广东省,广州市,增城区,113.822564,23.276937
381,苏宁易购(中新直营店),购物服务,家电电子卖场,家电电子卖场,广东省,广州市,增城区,113.81086,23.261141
382,飞利浦hue体验馆,购物服务,家居建材市场,灯具瓷器市场,广东省,广州市,增城区,113.811013,23.26091
383,格力电器(宏格1店),购物服务,家电电子卖场,家电电子卖场,广东省,广州市,增城区,113.832554,23.284762
384,吉祥三宝,购物服务,家居建材市场,家居建材市场,广东省,广州市,从化区,113.818734,23.620412
385,东鹏钻石洁具,购物服务,家居建材市场,家居建材市场,广东省,广州市,从化区,113.792767,23.745161
386,百家窗帘,购物服务,家居建材市场,布艺市场,广东省,广州市,从化区,113.783526,23.74377
387,天龙名门,购物服务,家居建材市场,建材五金市场,广东省,广州市,从化区,113.785979,23.743765
388,华美窗帘,购物服务,家居建材市场,布艺市场,广东省,广州市,增城区,113.782295,23.487831
389,派潭权记商店,购物服务,家电电子卖场,综合家电商场,广东省,广州市,增城区,113.782932,23.488756
390,中国移动(派潭服营厅),购物服务,家电电子卖场,手机销售,广东省,广州市,增城区,113.780508,23.487134
391,特惠电器,购物服务,家电电子卖场,家电电子卖场,广东省,广州市,增城区,113.782675,23.488617
392,永强电器商行,购物服务,家电电子卖场,综合家电商场,广东省,广州市,增城区,113.783377,23.489157
393,联想,购物服务,家电电子卖场,数码电子,广东省,广州市,增城区,113.783609,23.488163
394,美的专卖店,购物服务,家电电子卖场,数码电子,广东省,广州市,增城区,113.782725,23.488681
395,百乐电脑店,购物服务,家电电子卖场,数码电子,广东省,广州市,增城区,113.783101,23.488081
396,飞仔五金店,购物服务,家居建材市场,建材五金市场,广东省,广州市,增城区,113.773581,23.564885
397,高一派窗帘布艺,购物服务,家居建材市场,布艺市场,广东省,广州市,增城区,113.780595,23.552476
398,腾龙铁艺,购物服务,家居建材市场,家居建材市场,广东省,广州市,增城区,113.773249,23.565021
399,凤铝铝材,购物服务,家居建材市场,建材五金市场,广东省,广州市,增城区,113.77459,23.559521
400,广州市增城坚基建材批发经营部,购物服务,家居建材市场,建材五金市场,广东省,广州市,增城区,113.778106,23.555689
401,佳岚锦集,购物服务,家居建材市场,布艺市场,广东省,广州市,增城区,113.759809,23.569343
402,亚伟商城,购物服务,家电电子卖场,家电电子卖场,广东省,广州市,增城区,113.823042,23.303065
403,中国移动(城丰服营厅),购物服务,家电电子卖场,手机销售,广东省,广州市,增城区,113.830786,23.293357
404,广华电器专卖店,购物服务,家电电子卖场,家电电子卖场,广东省,广州市,增城区,113.831299,23.295008
405,富鹏家具,购物服务,家居建材市场,家具城,广东省,广州市,增城区,113.831201,23.296655
406,新潮窗帘布艺,购物服务,家居建材市场,布艺市场,广东省,广州市,增城区,113.828214,23.293285
407,贺建陶瓷,购物服务,家居建材市场,灯具瓷器市场,广东省,广州市,增城区,113.815738,23.312809
408,瑜毅沙发店,购物服务,家居建材市场,家具城,广东省,广州市,增城区,113.794289,23.416955
409,心宜堂红木家具,购物服务,家居建材市场,家具城,广东省,广州市,增城区,113.792212,23.411458
410,格力(朝阳北路店),购物服务,家电电子卖场,家电电子卖场,广东省,广州市,增城区,113.792964,23.415876
411,空调王国,购物服务,家电电子卖场,家电电子卖场,广东省,广州市,增城区,113.792874,23.415774
412,峰盛电器家私城,购物服务,家电电子卖场,家电电子卖场,广东省,广州市,增城区,113.792978,23.415905
413,京东家电(朝阳北路店),购物服务,家电电子卖场,家电电子卖场,广东省,广州市,增城区,113.792937,23.415883
414,娟盛手机店,购物服务,家电电子卖场,家电电子卖场,广东省,广州市,增城区,113.792069,23.41657
415,中国移动,购物服务,家电电子卖场,手机销售,广东省,广州市,增城区,113.792489,23.415733
416,华林木业,购物服务,家居建材市场,建材五金市场,广东省,广州市,增城区,113.890306,23.403268
417,中国电信(正果营业厅),购物服务,家电电子卖场,手机销售,广东省,广州市,增城区,113.894762,23.415797
418,喜庭家私城,购物服务,家居建材市场,家具城,广东省,广州市,增城区,113.890529,23.404059
419,冠星达电脑,购物服务,家电电子卖场,数码电子,广东省,广州市,增城区,113.892451,23.411024
420,广发家私城,购物服务,家居建材市场,家具城,广东省,广州市,增城区,113.892898,23.416938
421,慧美电器(正果分店),购物服务,家电电子卖场,综合家电商场,广东省,广州市,增城区,113.892678,23.412335
422,格力电器(全国4S专卖店),购物服务,家电电子卖场,家电电子卖场,广东省,广州市,增城区,113.892654,23.41233
423,志诚电器,购物服务,家电电子卖场,综合家电商场,广东省,广州市,增城区,113.893909,23.414788
424,建筑材料批发零售部,购物服务,家居建材市场,家居建材市场,广东省,广州市,增城区,113.891384,23.408983
425,万选一橱柜,购物服务,家居建材市场,厨卫市场,广东省,广州市,增城区,113.892172,23.410343
426,永发家具综合店,购物服务,家居建材市场,家具城,广东省,广州市,增城区,113.89506,23.416508
427,专惠电器,购物服务,家电电子卖场,家电电子卖场,广东省,广州市,增城区,113.894834,23.416047
428,艾俐缇陶瓷,购物服务,家居建材市场,建材五金市场,广东省,广州市,增城区,113.890593,23.405616
429,壹加壹陶瓷店,购物服务,家居建材市场,建材五金市场,广东省,广州市,增城区,113.890591,23.405626
430,凤铝铝材(正果大道店),购物服务,家居建材市场,建材五金市场,广东省,广州市,增城区,113.891467,23.409242
431,增城区正果慧美格力专卖店,购物服务,家电电子卖场,数码电子,广东省,广州市,增城区,113.893089,23.413218
432,上海阳光太阳能,购物服务,家居建材市场,厨卫市场,广东省,广州市,增城区,113.892434,23.414258
433,文陆集团,购物服务,家电电子卖场,手机销售,广东省,广州市,增城区,113.86599,23.24238
434,北淋联,购物服务,家电电子卖场,数码电子,广东省,广州市,增城区,113.863681,23.243029
435,盈科数码华立店,购物服务,家电电子卖场,手机销售,广东省,广州市,增城区,113.865526,23.237653
436,博皇家居,购物服务,家居建材市场,家居建材市场,广东省,广州市,增城区,113.871489,23.274468
437,毅毅家具,购物服务,家居建材市场,家具城,广东省,广州市,增城区,113.847527,23.307895
438,珠江电缆,购物服务,家居建材市场,家居建材市场,广东省,广州市,增城区,113.843931,23.352881
439,五金水电批发,购物服务,家居建材市场,家居建材市场,广东省,广州市,增城区,113.84385,23.352999
440,龙宇龙天花五金批发总汇,购物服务,家居建材市场,建材五金市场,广东省,广州市,增城区,113.84784,23.309423
441,广州市增城合家欢门业,购物服务,家居建材市场,建材五金市场,广东省,广州市,增城区,113.861606,23.298052
442,生能空气能热水器,购物服务,家居建材市场,家居建材市场,广东省,广州市,增城区,113.847551,23.307045
443,彬哥不锈钢加工部,购物服务,家居建材市场,建材五金市场,广东省,广州市,增城区,113.847579,23.306507
444,鑫诚五金水电经营部,购物服务,家居建材市场,家居建材市场,广东省,广州市,增城区,113.84839,23.303495
445,进泰家具,购物服务,家居建材市场,家居建材市场,广东省,广州市,增城区,113.874725,23.175107
446,知已电讯,购物服务,家电电子卖场,家电电子卖场,广东省,广州市,增城区,113.858684,23.185924
447,中国移动营业厅,购物服务,家电电子卖场,手机销售,广东省,广州市,增城区,113.855268,23.186063
448,美的中央空调,购物服务,家电电子卖场,家电电子卖场,广东省,广州市,增城区,113.858698,23.185449
449,顶好电脑科技,购物服务,家电电子卖场,家电电子卖场,广东省,广州市,增城区,113.856287,23.18554
450,运通家私,购物服务,家居建材市场,家具城,广东省,广州市,增城区,113.855154,23.185813
451,众心科技,购物服务,家电电子卖场,数码电子,广东省,广州市,增城区,113.859195,23.184804
452,明轩布艺店,购物服务,家居建材市场,布艺市场,广东省,广州市,增城区,113.86009,23.184901
453,中国移动鸿程通讯,购物服务,家电电子卖场,手机销售,广东省,广州市,增城区,113.855105,23.186795
454,明兴电缆,购物服务,家居建材市场,家居建材市场,广东省,广州市,从化区,113.87331,23.8911
455,晨光五金,购物服务,家居建材市场,建材五金市场,广东省,广州市,从化区,113.873301,23.891108
456,永盛不锈钢,购物服务,家居建材市场,建材五金市场,广东省,广州市,从化区,113.898866,23.769699
457,中国电信华夏风手机,购物服务,家电电子卖场,手机销售,广东省,广州市,增城区,113.950408,23.40103
458,鸿丰水泥,购物服务,家居建材市场,建材五金市场,广东省,广州市,从化区,113.956967,23.814547
459,百顺不锈钢工程部,购物服务,家居建材市场,建材五金市场,广东省,广州市,从化区,113.956835,23.814448
460,半坡建筑材料店,购物服务,家居建材市场,家居建材市场,广东省,广州市,从化区,113.956182,23.811321
461,明兴电缆,购物服务,家居建材市场,建材五金市场,广东省,广州市,从化区,113.958756,23.815842
462,长盛钢材水泥经营部,购物服务,家居建材市场,建材五金市场,广东省,广州市,从化区,113.954257,23.813074
463,名豪整体家居,购物服务,家居建材市场,家具城,广东省,广州市,从化区,113.952982,23.810802
464,vivo,购物服务,家电电子卖场,手机销售,广东省,广州市,从化区,113.952733,23.81181
465,创能电脑店,购物服务,家电电子卖场,数码电子,广东省,广州市,从化区,113.952441,23.811315
466,权欣石材,购物服务,家居建材市场,家居建材市场,广东省,广州市,从化区,113.952813,23.810718
467,广常兴石材店,购物服务,家居建材市场,建材五金市场,广东省,广州市,从化区,113.952997,23.811099
468,昌盛五金店,购物服务,家居建材市场,建材五金市场,广东省,广州市,从化区,113.952334,23.811164
469,荣享室内装修材料经营部,购物服务,家居建材市场,建材五金市场,广东省,广州市,从化区,113.952957,23.811968
470,广昊天花,购物服务,家居建材市场,家居建材市场,广东省,广州市,从化区,113.951302,23.811329
471,水泥红砖,购物服务,家居建材市场,家居建材市场,广东省,广州市,从化区,113.952083,23.809544
472,中国电信(吕田合作厅店),购物服务,家电电子卖场,手机销售,广东省,广州市,从化区,113.950411,23.808983
473,永盛家电商店,购物服务,家电电子卖场,数码电子,广东省,广州市,从化区,113.951656,23.81034
474,全屋定制,购物服务,家居建材市场,家居建材市场,广东省,广州市,从化区,113.951507,23.809864
475,兴盛树脂瓦批发,购物服务,家居建材市场,建材五金市场,广东省,广州市,从化区,113.951895,23.809364
476,家盛美居,购物服务,家居建材市场,家具建材综合市场,广东省,广州市,从化区,113.566413,23.55855
477,广州勤成建材市场,购物服务,家居建材市场,家居建材市场,广东省,广州市,从化区,113.547407,23.565365
478,苏宁易购(从化街口路店),购物服务,家电电子卖场,苏宁,广东省,广州市,从化区,113.585535,23.547645
479,永和世家,购物服务,家居建材市场,厨卫市场,广东省,广州市,从化区,113.55189,23.564826
480,中国移动从化分公司(装修中),购物服务,家电电子卖场,手机销售,广东省,广州市,从化区,113.585623,23.538063
481,海康威视,购物服务,家电电子卖场,家电电子卖场,广东省,广州市,从化区,113.552443,23.565806
482,防蚊纱窗,购物服务,家居建材市场,家居建材市场,广东省,广州市,从化区,113.551329,23.568156
483,联塑波纹管,购物服务,家居建材市场,建材五金市场,广东省,广州市,从化区,113.555719,23.563722
484,惠洲建材店,购物服务,家居建材市场,家居建材市场,广东省,广州市,从化区,113.560091,23.633807
485,日丰管,购物服务,家居建材市场,建材五金市场,广东省,广州市,从化区,113.549639,23.61841
486,鸣兴五金日杂店,购物服务,家居建材市场,家居建材市场,广东省,广州市,从化区,113.552719,23.615013
487,视贝墙壁开关,购物服务,家居建材市场,建材五金市场,广东省,广州市,从化区,113.568301,23.61316
488,明辉五金店,购物服务,家居建材市场,建材五金市场,广东省,广州市,从化区,113.568284,23.613116
489,西云钢板弹簧,购物服务,家居建材市场,建材五金市场,广东省,广州市,从化区,113.528572,23.618423
490,白云钢板弹簧,购物服务,家居建材市场,建材五金市场,广东省,广州市,从化区,113.528493,23.618405
491,从化城郊兴楚钢材店(韶钢直销),购物服务,家居建材市场,建材五金市场,广东省,广州市,从化区,113.552818,23.613789
492,专业防水,购物服务,家居建材市场,建材五金市场,广东省,广州市,从化区,113.558908,23.561845
493,东喆装饰材料经营部,购物服务,家居建材市场,厨卫市场,广东省,广州市,从化区,113.560348,23.561084
494,永恒石材,购物服务,家居建材市场,建材五金市场,广东省,广州市,从化区,113.559871,23.561342
495,明兴电缆,购物服务,家居建材市场,建材五金市场,广东省,广州市,从化区,113.546111,23.413166
496,恒星不锈钢门窗店,购物服务,家居建材市场,家居建材市场,广东省,广州市,从化区,113.541742,23.411801
497,街口海尔专卖店焕新站,购物服务,家电电子卖场,家电电子卖场,广东省,广州市,从化区,113.543533,23.431542
498,钱东水泥店,购物服务,家居建材市场,家居建材市场,广东省,广州市,从化区,113.546872,23.432544
499,珠江电缆,购物服务,家居建材市场,家居建材市场,广东省,广州市,从化区,113.542923,23.394761
500,能旺五金水电,购物服务,家居建材市场,家居建材市场,广东省,广州市,从化区,113.542986,23.394671
501,时荣五金店,购物服务,家居建材市场,建材五金市场,广东省,广州市,从化区,113.570422,23.435167
502,钱岗水泥店,购物服务,家居建材市场,建材五金市场,广东省,广州市,从化区,113.542276,23.43114
503,日丰管(沙溪大道店),购物服务,家居建材市场,建材五金市场,广东省,广州市,从化区,113.57057,23.435214
504,视贝LED照明,购物服务,家居建材市场,家居建材市场,广东省,广州市,从化区,113.526907,23.417825
505,誉兴五金水电经营部,购物服务,家居建材市场,建材五金市场,广东省,广州市,从化区,113.526932,23.417764
506,有成不锈钢,购物服务,家居建材市场,建材五金市场,广东省,广州市,从化区,113.53111,23.424996
507,大众五金店,购物服务,家居建材市场,建材五金市场,广东省,广州市,从化区,113.527036,23.417582
508,谢岗家具,购物服务,家居建材市场,家具城,广东省,广州市,从化区,113.520876,23.424484
509,大众五金,购物服务,家居建材市场,建材五金市场,广东省,广州市,从化区,113.526376,23.418357
510,亮记五金,购物服务,家居建材市场,建材五金市场,广东省,广州市,从化区,113.557089,23.499752
511,和兴装饰建材,购物服务,家居建材市场,建材五金市场,广东省,广州市,从化区,113.553796,23.498262
512,花园石楼梯广场石,购物服务,家居建材市场,家居建材市场,广东省,广州市,从化区,113.553129,23.497882
513,标吉五金店,购物服务,家居建材市场,建材五金市场,广东省,广州市,从化区,113.556897,23.499604
514,柔华铁艺,购物服务,家居建材市场,建材五金市场,广东省,广州市,从化区,113.552867,23.497681
515,90度跨界科技全屋定制,购物服务,家居建材市场,家居建材市场,广东省,广州市,从化区,113.558042,23.501412
516,汉城铝艺,购物服务,家居建材市场,建材五金市场,广东省,广州市,从化区,113.550993,23.496854
517,广州华柔金属制品铁艺超市,购物服务,家居建材市场,建材五金市场,广东省,广州市,从化区,113.552516,23.497486
518,众信石材,购物服务,家居建材市场,建材五金市场,广东省,广州市,从化区,113.550784,23.496887
519,江于床垫棉胎,购物服务,家居建材市场,家具城,广东省,广州市,从化区,113.547412,23.494128
520,明朗柜橱,购物服务,家居建材市场,家具城,广东省,广州市,从化区,113.544859,23.493253
521,嘉锣仕五金水电商行,购物服务,家居建材市场,建材五金市场,广东省,广州市,从化区,113.546329,23.493376
522,智美家定制,购物服务,家居建材市场,家居建材市场,广东省,广州市,从化区,113.566953,23.503446
523,明兴电缆,购物服务,家居建材市场,建材五金市场,广东省,广州市,从化区,113.546287,23.493342
524,美时家具物管中心,购物服务,家居建材市场,家具城,广东省,广州市,从化区,113.594669,23.52846
525,小裕门窗工程部,购物服务,家居建材市场,建材五金市场,广东省,广州市,从化区,113.54474,23.493175
526,典巢铝艺,购物服务,家居建材市场,建材五金市场,广东省,广州市,从化区,113.565694,23.504147
527,金和建材,购物服务,家居建材市场,家居建材市场,广东省,广州市,黄埔区,113.547694,23.2634
528,乐家嘉门店,购物服务,家居建材市场,家居建材市场,广东省,广州市,黄埔区,113.557939,23.268425
529,中国电信(广信镇龙营业厅),购物服务,家电电子卖场,手机销售,广东省,广州市,黄埔区,113.56804,23.278814
530,广州顺心不锈钢有限公司,购物服务,家居建材市场,建材五金市场,广东省,广州市,黄埔区,113.574956,23.250385
531,海发五金机电商行,购物服务,家居建材市场,建材五金市场,广东省,广州市,黄埔区,113.558179,23.268934
532,中国联通专营店,购物服务,家电电子卖场,手机销售,广东省,广州市,黄埔区,113.582793,23.278766
533,广州晶捷木制品有限公司,购物服务,家居建材市场,建材五金市场,广东省,广州市,黄埔区,113.541097,23.263572
534,联亿发配送中心,购物服务,家居建材市场,建材五金市场,广东省,广州市,黄埔区,113.5777,23.275893
535,晋旺五金机电经营部,购物服务,家居建材市场,建材五金市场,广东省,广州市,黄埔区,113.562864,23.276292
536,广州心在哪宅配家具,购物服务,家居建材市场,家具城,广东省,广州市,黄埔区,113.552404,23.330179
537,凤铝门窗布艺,购物服务,家居建材市场,布艺市场,广东省,广州市,黄埔区,113.552127,23.330179
538,环球高端门窗,购物服务,家居建材市场,建材五金市场,广东省,广州市,黄埔区,113.552717,23.330516
539,钰盾金门,购物服务,家居建材市场,家居建材市场,广东省,广州市,黄埔区,113.551778,23.330339
540,蓝艺装饰材料夹板,购物服务,家居建材市场,建材五金市场,广东省,广州市,黄埔区,113.552632,23.330416
541,紫源窗帘,购物服务,家居建材市场,布艺市场,广东省,广州市,黄埔区,113.551322,23.330887
542,多乐士(腾龙大道店),购物服务,家居建材市场,建材五金市场,广东省,广州市,黄埔区,113.551787,23.330464
543,智业五金机电商行,购物服务,家居建材市场,建材五金市场,广东省,广州市,黄埔区,113.55157,23.330663
544,金源门窗,购物服务,家居建材市场,建材五金市场,广东省,广州市,黄埔区,113.551518,23.330733
545,嘉应州五金店,购物服务,家居建材市场,建材五金市场,广东省,广州市,黄埔区,113.551477,23.330733
546,优机科技,购物服务,家电电子卖场,手机销售,广东省,广州市,黄埔区,113.552246,23.326901
547,富源馆空调专卖,购物服务,家电电子卖场,家电电子卖场,广东省,广州市,黄埔区,113.552874,23.324766
548,腾达五金商行,购物服务,家居建材市场,建材五金市场,广东省,广州市,黄埔区,113.553031,23.32637
549,中国电信(南沙鱼窝头营业厅),购物服务,家电电子卖场,手机销售,广东省,广州市,南沙区,113.458376,22.852515
550,艺志不锈钢工程部,购物服务,家居建材市场,建材五金市场,广东省,广州市,南沙区,113.488014,22.860954
551,滚石机电,购物服务,家居建材市场,建材五金市场,广东省,广州市,南沙区,113.484679,22.86414
552,东旺建材,购物服务,家居建材市场,家居建材市场,广东省,广州市,南沙区,113.490966,22.857825
553,志升建材,购物服务,家居建材市场,家居建材市场,广东省,广州市,南沙区,113.491133,22.857592
554,荣记钢材店,购物服务,家居建材市场,家居建材市场,广东省,广州市,南沙区,113.485451,22.864162
555,华腃威建材,购物服务,家居建材市场,建材五金市场,广东省,广州市,南沙区,113.491256,22.857847
556,两阳建材经营部,购物服务,家居建材市场,建材五金市场,广东省,广州市,南沙区,113.486181,22.861907
557,荣记建材店,购物服务,家居建材市场,建材五金市场,广东省,广州市,南沙区,113.485464,22.864204
558,环保石材,购物服务,家居建材市场,建材五金市场,广东省,广州市,南沙区,113.48349,22.866704
559,联合科技,购物服务,家电电子卖场,数码电子,广东省,广州市,番禺区,113.485239,22.954831
560,纱窗防护网,购物服务,家居建材市场,家居建材市场,广东省,广州市,番禺区,113.476265,22.939329
561,专业手机配件,购物服务,家电电子卖场,家电电子卖场,广东省,广州市,番禺区,113.475154,22.941302
562,龙翔锁业,购物服务,家居建材市场,家居建材市场,广东省,广州市,番禺区,113.476139,22.939564
563,丽景窗帘,购物服务,家居建材市场,布艺市场,广东省,广州市,番禺区,113.476045,22.939634
564,金力五金,购物服务,家居建材市场,建材五金市场,广东省,广州市,番禺区,113.47632,22.939687
565,欧迈窗帘门窗,购物服务,家居建材市场,建材五金市场,广东省,广州市,番禺区,113.476024,22.939662
566,鼎智环保建材,购物服务,家居建材市场,家居建材市场,广东省,广州市,南沙区,113.48524,22.775873
567,双虹防水,购物服务,家居建材市场,建材五金市场,广东省,广州市,南沙区,113.485272,22.775795
568,潮原水泥制品厂直销中心,购物服务,家居建材市场,建材五金市场,广东省,广州市,南沙区,113.485311,22.775886
569,海螺水泥销售办事处,购物服务,家居建材市场,建材五金市场,广东省,广州市,南沙区,113.486937,22.775416
570,广州双磊建材贸易有限公司,购物服务,家居建材市场,建材五金市场,广东省,广州市,南沙区,113.486856,22.775386
571,广州市方圆建筑材料有限公司,购物服务,家居建材市场,建材五金市场,广东省,广州市,南沙区,113.48607,22.776341
572,荣华建筑机械经营部,购物服务,家居建材市场,家居建材市场,广东省,广州市,南沙区,113.469591,22.78078
573,千翁沙井盖·水泥制品直销中心,购物服务,家居建材市场,建材五金市场,广东省,广州市,南沙区,113.486633,22.776037
574,中国电信,购物服务,家电电子卖场,手机销售,广东省,广州市,南沙区,113.493668,22.755995
575,钻石洁具,购物服务,家居建材市场,厨卫市场,广东省,广州市,南沙区,113.496557,22.77182
576,广州宝富建筑劳务有限公司,购物服务,家居建材市场,建材五金市场,广东省,广州市,南沙区,113.496441,22.771782
577,正泰电器配电箱配电柜,购物服务,家电电子卖场,家电电子卖场,广东省,广州市,南沙区,113.498516,22.758329
578,佳样华工厂店,购物服务,家居建材市场,家具城,广东省,广州市,南沙区,113.499741,22.757906
579,百美齐全屋家具定制,购物服务,家居建材市场,家具城,广东省,广州市,南沙区,113.499744,22.757936
580,安壹建筑机械五金总汇,购物服务,家居建材市场,家居建材市场,广东省,广州市,南沙区,113.497524,22.758463
581,铁山钢材钢板型材,购物服务,家居建材市场,建材五金市场,广东省,广州市,南沙区,113.497611,22.758503
582,致远五金机电超市,购物服务,家居建材市场,家居建材市场,广东省,广州市,南沙区,113.498309,22.758425
583,佛山照明,购物服务,家居建材市场,灯具瓷器市场,广东省,广州市,南沙区,113.499016,22.758139
584,凡华铝天花,购物服务,家居建材市场,家居建材市场,广东省,广州市,南沙区,113.499174,22.758278
585,广州凝盾五金,购物服务,家居建材市场,建材五金市场,广东省,广州市,南沙区,113.496815,22.758764
586,中国移动,购物服务,家电电子卖场,手机销售,广东省,广州市,南沙区,113.499447,22.75639
587,兴顺五金店,购物服务,家居建材市场,建材五金市场,广东省,广州市,南沙区,113.501697,22.766125
588,业电动工具,购物服务,家居建材市场,家居建材市场,广东省,广州市,南沙区,113.499119,22.758387
589,聚齐豪装饰材料城,购物服务,家居建材市场,家居建材市场,广东省,广州市,南沙区,113.497942,22.758197
590,视贝照明,购物服务,家居建材市场,家居建材市场,广东省,广州市,南沙区,113.499172,22.756303
591,金指数 万谐五金机电,购物服务,家居建材市场,建材五金市场,广东省,广州市,南沙区,113.499192,22.758418
592,广州市亿鑫五金水电材料批发部,购物服务,家居建材市场,建材五金市场,广东省,广州市,南沙区,113.496851,22.758576
593,聚齐豪装饰材料批发市场,购物服务,家居建材市场,建材五金市场,广东省,广州市,南沙区,113.499275,22.758302
594,华佼石材,购物服务,家居建材市场,家居建材市场,广东省,广州市,南沙区,113.498992,22.755664
595,新记五金,购物服务,家居建材市场,建材五金市场,广东省,广州市,南沙区,113.49899,22.758438
596,日丰管(富盛路店),购物服务,家居建材市场,建材五金市场,广东省,广州市,南沙区,113.499372,22.758225
597,恒辉工程部,购物服务,家居建材市场,建材五金市场,广东省,广州市,南沙区,113.497103,22.753117
598,湘粤通信,购物服务,家电电子卖场,手机销售,广东省,广州市,南沙区,113.499474,22.756372
599,广州市永佳厨具日用品批发部,购物服务,家居建材市场,厨卫市场,广东省,广州市,南沙区,113.498468,22.758477
600,广东聚园建材五金有限公司,购物服务,家居建材市场,建材五金市场,广东省,广州市,南沙区,113.497397,22.758198
601,简乐集成墙面,购物服务,家居建材市场,建材五金市场,广东省,广州市,南沙区,113.499918,22.758393
602,不锈钢水塔塑料水塔,购物服务,家居建材市场,家居建材市场,广东省,广州市,南沙区,113.497801,22.753458
603,舒美布业,购物服务,家居建材市场,布艺市场,广东省,广州市,从化区,113.650832,23.64585
604,旺阁通讯特约代理点,购物服务,家电电子卖场,手机销售,广东省,广州市,从化区,113.655949,23.6445
605,健鹏科技,购物服务,家电电子卖场,数码电子,广东省,广州市,从化区,113.654517,23.644098
606,恒基全屋整装,购物服务,家居建材市场,家居建材市场,广东省,广州市,从化区,113.656256,23.645317
607,兴业门窗,购物服务,家居建材市场,建材五金市场,广东省,广州市,从化区,113.66444,23.716011
608,视贝安全插座,购物服务,家居建材市场,家居建材市场,广东省,广州市,从化区,113.66423,23.709861
609,石岭五金,购物服务,家居建材市场,建材五金市场,广东省,广州市,从化区,113.66448,23.709799
610,强仔五金,购物服务,家居建材市场,建材五金市场,广东省,广州市,从化区,113.664425,23.709817
611,钢筋加工零售,购物服务,家居建材市场,家居建材市场,广东省,广州市,从化区,113.634344,23.61665
612,方其纹钢材销售部,购物服务,家居建材市场,建材五金市场,广东省,广州市,从化区,113.63153,23.613906
613,祺晟·门窗(从化店),购物服务,家居建材市场,建材五金市场,广东省,广州市,从化区,113.633918,23.616595
614,福建腾龙石业,购物服务,家居建材市场,建材五金市场,广东省,广州市,从化区,113.632948,23.615278
615,得威建材经营部,购物服务,家居建材市场,家居建材市场,广东省,广州市,从化区,113.601918,23.613934
616,日丰管(南沙大道店),购物服务,家居建材市场,建材五金市场,广东省,广州市,南沙区,113.473535,22.805523
617,红树湾家具博览中心,购物服务,家居建材市场,家具城,广东省,广州市,从化区,113.603085,23.524062
618,林楠木作,购物服务,家居建材市场,家具城,广东省,广州市,从化区,113.619766,23.479707
619,苏宁易购(下罗村零售云店),购物服务,家电电子卖场,苏宁,广东省,广州市,从化区,113.60363,23.523547
620,舒理居家(-从化店),购物服务,家居建材市场,家具城,广东省,广州市,从化区,113.613734,23.512486
621,政辉家具,购物服务,家居建材市场,家具城,广东省,广州市,从化区,113.626772,23.524375
622,全智石材家居,购物服务,家居建材市场,家居建材市场,广东省,广州市,从化区,113.640768,23.521208
623,坐浮荣锋石材,购物服务,家居建材市场,建材五金市场,广东省,广州市,从化区,113.635278,23.522368
624,恒博家具,购物服务,家居建材市场,家具城,广东省,广州市,从化区,113.626385,23.525019
625,明兴电缆,购物服务,家居建材市场,家居建材市场,广东省,广州市,从化区,113.637048,23.568814
626,法拉利建筑装饰材料部,购物服务,家居建材市场,家居建材市场,广东省,广州市,从化区,113.649058,23.575556
627,日丰管,购物服务,家居建材市场,建材五金市场,广东省,广州市,从化区,113.650008,23.575557
628,煜荣五金,购物服务,家居建材市场,建材五金市场,广东省,广州市,从化区,113.649318,23.57543
629,华安不锈钢工程部,购物服务,家居建材市场,建材五金市场,广东省,广州市,从化区,113.652674,23.577712
630,乐升五金,购物服务,家居建材市场,建材五金市场,广东省,广州市,黄埔区,113.558987,23.093635
631,宏达无缝钢管厂,购物服务,家居建材市场,建材五金市场,广东省,广州市,黄埔区,113.554066,23.090244
632,光辉家居(南岗店),购物服务,家居建材市场,家具城,广东省,广州市,黄埔区,113.551855,23.106797
633,龙梅铝材纱窗纱门,购物服务,家居建材市场,家居建材市场,广东省,广州市,黄埔区,113.557843,23.09581
634,龙美铝材,购物服务,家居建材市场,建材五金市场,广东省,广州市,黄埔区,113.557841,23.095815
635,联想(广州区域分拨中心店),购物服务,家电电子卖场,数码电子,广东省,广州市,黄埔区,113.556156,23.091186
636,同兴五金材料店黄埔总经销,购物服务,家居建材市场,建材五金市场,广东省,广州市,黄埔区,113.557858,23.095785
637,广州众星彩钢板有限公司,购物服务,家居建材市场,建材五金市场,广东省,广州市,增城区,113.56091,23.102789
638,志宏水泥店,购物服务,家居建材市场,家居建材市场,广东省,广州市,黄埔区,113.551426,23.174233
639,时尚电器,购物服务,家电电子卖场,家电电子卖场,广东省,广州市,增城区,113.588513,23.180925
640,信业五金机电经营部,购物服务,家居建材市场,建材五金市场,广东省,广州市,黄埔区,113.565414,23.191217
641,中国移动(腾飞特约代理点),购物服务,家电电子卖场,手机销售,广东省,广州市,黄埔区,113.530068,23.135215
642,格力,购物服务,家电电子卖场,家电电子卖场,广东省,广州市,黄埔区,113.565571,23.185493
643,AUX奥克斯空调(小奥直卖店),购物服务,家电电子卖场,家电电子卖场,广东省,广州市,黄埔区,113.566459,23.184541
644,金来斯,购物服务,家居建材市场,家居建材市场,广东省,广州市,番禺区,113.543507,22.912327
645,满记电动工具店,购物服务,家居建材市场,建材五金市场,广东省,广州市,番禺区,113.543537,22.912938
646,汉记五金店,购物服务,家居建材市场,建材五金市场,广东省,广州市,番禺区,113.543679,22.91232
647,广州市番禺区石楼霍伟强五金店,购物服务,家居建材市场,建材五金市场,广东省,广州市,番禺区,113.54347,22.913301
648,汉东盈聚钢丝绳,购物服务,家居建材市场,建材五金市场,广东省,广州市,番禺区,113.554759,22.898552
649,兴发陶瓷洁具,购物服务,家居建材市场,建材五金市场,广东省,广州市,番禺区,113.521839,22.913302
650,金记脚手架,购物服务,家居建材市场,建材五金市场,广东省,广州市,番禺区,113.5339,22.906544
651,创新联合物资,购物服务,家居建材市场,建材五金市场,广东省,广州市,番禺区,113.554806,22.898121
652,广州市番禺区石楼钊仔钢丝绳店,购物服务,家居建材市场,建材五金市场,广东省,广州市,番禺区,113.554803,22.898203
653,恒丰门业,购物服务,家居建材市场,建材五金市场,广东省,广州市,黄埔区,113.559938,23.186619
654,明智电脑(桑田四路店),购物服务,家电电子卖场,数码电子,广东省,广州市,黄埔区,113.567113,23.185901
655,全山棕床垫,购物服务,家居建材市场,家具城,广东省,广州市,南沙区,113.553977,22.772502
656,跃进电脑,购物服务,家电电子卖场,数码电子,广东省,广州市,南沙区,113.556763,22.769092
657,安居家具,购物服务,家居建材市场,家具城,广东省,广州市,南沙区,113.554072,22.772403
658,小朱天花装饰服务店,购物服务,家居建材市场,建材五金市场,广东省,广州市,南沙区,113.555813,22.76978
659,永之森家具展厅,购物服务,家居建材市场,家具城,广东省,广州市,南沙区,113.556456,22.819547
660,格致石材,购物服务,家居建材市场,建材五金市场,广东省,广州市,南沙区,113.556868,22.818989
661,揭阳群峰石材有限公司,购物服务,家居建材市场,灯具瓷器市场,广东省,广州市,南沙区,113.556488,22.818753
662,永安家私,购物服务,家居建材市场,家具城,广东省,广州市,南沙区,113.54563,22.700903
663,方愿信息,购物服务,家电电子卖场,手机销售,广东省,广州市,南沙区,113.54986,22.707352
664,中国电信(万顷营业厅),购物服务,家电电子卖场,手机销售,广东省,广州市,南沙区,113.550131,22.707847
665,新伟邦实木家具,购物服务,家居建材市场,家具城,广东省,广州市,南沙区,113.544883,22.699651
666,强力巨彩,购物服务,家电电子卖场,家电电子卖场,广东省,广州市,南沙区,113.548448,22.70377
667,强力巨彩,购物服务,家电电子卖场,家电电子卖场,广东省,广州市,南沙区,113.544548,22.699351
668,友诚数码配件,购物服务,家电电子卖场,数码电子,广东省,广州市,南沙区,113.644892,22.687534
669,宇龙通信,购物服务,家电电子卖场,手机销售,广东省,广州市,南沙区,113.645081,22.686962
670,德汇百货,购物服务,家居建材市场,建材五金市场,广东省,广州市,南沙区,113.644681,22.687212
671,佳创手机店,购物服务,家电电子卖场,手机销售,广东省,广州市,南沙区,113.645077,22.686956
672,三力五金劳保,购物服务,家居建材市场,建材五金市场,广东省,广州市,南沙区,113.644098,22.685529
673,三立五金劳保批发,购物服务,家居建材市场,建材五金市场,广东省,广州市,南沙区,113.644097,22.685573
674,中国联通(时尚中域专营店),购物服务,家电电子卖场,手机销售,广东省,广州市,南沙区,113.645087,22.686977
675,钦龙五金劳保批发,购物服务,家居建材市场,建材五金市场,广东省,广州市,南沙区,113.644086,22.685784
676,生辉五金交电,购物服务,家居建材市场,建材五金市场,广东省,广州市,南沙区,113.648244,22.692239
677,猫王夹层防水,购物服务,家居建材市场,家居建材市场,广东省,广州市,南沙区,113.649457,22.602953
678,壁宝墙面防水涂料,购物服务,家居建材市场,家居建材市场,广东省,广州市,南沙区,113.649726,22.603196
679,中国移动(番禺新垦加盟厅),购物服务,家电电子卖场,手机销售,广东省,广州市,南沙区,113.604686,22.646746
680,中国电信(爱修汇天翼合作店),购物服务,家电电子卖场,手机销售,广东省,广州市,南沙区,113.607202,22.644822
681,全网通4G,购物服务,家电电子卖场,家电电子卖场,广东省,广州市,南沙区,113.60626,22.64391
682,智和天翼合作店,购物服务,家电电子卖场,家电电子卖场,广东省,广州市,南沙区,113.606541,22.64538
683,新东源电器,购物服务,家电电子卖场,综合家电商场,广东省,广州市,南沙区,113.604479,22.646848
684,和诚电器,购物服务,家电电子卖场,家电电子卖场,广东省,广州市,南沙区,113.606101,22.64596
685,HY空调冰箱,购物服务,家电电子卖场,家电电子卖场,广东省,广州市,南沙区,113.60594,22.646022
686,中国移动通信,购物服务,家电电子卖场,手机销售,广东省,广州市,从化区,113.733944,23.717437
687,良好电器,购物服务,家电电子卖场,家电电子卖场,广东省,广州市,从化区,113.735138,23.719492
688,虫不理家具城,购物服务,家居建材市场,家具城,广东省,广州市,从化区,113.735606,23.71785
689,飞利来家私城,购物服务,家居建材市场,家具城,广东省,广州市,从化区,113.730805,23.714911
690,家兴建材,购物服务,家居建材市场,建材五金市场,广东省,广州市,从化区,113.730985,23.720718
691,良口天猫优品服务站,购物服务,家电电子卖场,家电电子卖场,广东省,广州市,从化区,113.732877,23.716702
692,松下电器,购物服务,家电电子卖场,家电电子卖场,广东省,广州市,从化区,113.736325,23.720233
693,良口良丰五金建材超市,购物服务,家居建材市场,建材五金市场,广东省,广州市,从化区,113.735749,23.717934
694,美的专卖店,购物服务,家电电子卖场,家电电子卖场,广东省,广州市,从化区,113.734481,23.717989
695,新大雄家具城,购物服务,家居建材市场,家具城,广东省,广州市,从化区,113.731369,23.715402
696,基业五金水电经营部,购物服务,家居建材市场,家居建材市场,广东省,广州市,从化区,113.731802,23.714928
697,领域电脑,购物服务,家电电子卖场,家电电子卖场,广东省,广州市,从化区,113.735245,23.717406
698,鸿图家居门业,购物服务,家居建材市场,建材五金市场,广东省,广州市,从化区,113.730561,23.714352
699,轩业五金商行,购物服务,家居建材市场,建材五金市场,广东省,广州市,从化区,113.73061,23.718509
700,逸盛装修材料店,购物服务,家居建材市场,建材五金市场,广东省,广州市,从化区,113.731444,23.714701
701,盈江通讯,购物服务,家电电子卖场,家电电子卖场,广东省,广州市,从化区,113.734756,23.717527
702,鸿帮建材,购物服务,家居建材市场,建材五金市场,广东省,广州市,从化区,113.736243,23.71818
703,顺成家具城,购物服务,家居建材市场,家具城,广东省,广州市,从化区,113.729765,23.712819
704,华美窗帘,购物服务,家居建材市场,布艺市场,广东省,广州市,从化区,113.735534,23.719907
705,顾家家俬,购物服务,家居建材市场,家居建材市场,广东省,广州市,从化区,113.735111,23.719898
706,公牛银铿五金超市,购物服务,家居建材市场,家居建材市场,广东省,广州市,从化区,113.735885,23.717966
707,良之汇塑胶建材,购物服务,家居建材市场,建材五金市场,广东省,广州市,从化区,113.735954,23.718032
708,梁记不锈钢门窗店,购物服务,家居建材市场,建材五金市场,广东省,广州市,从化区,113.73236,23.7163
709,锋悦建材购销部,购物服务,家居建材市场,家居建材市场,广东省,广州市,从化区,113.738465,23.720611
710,太阳能经销点,购物服务,家居建材市场,厨卫市场,广东省,广州市,从化区,113.730246,23.712812
711,中国移动通信太子音像数码特约代理点,购物服务,家电电子卖场,手机销售,广东省,广州市,从化区,113.735986,23.7199
712,伟锋不锈钢门,购物服务,家居建材市场,建材五金市场,广东省,广州市,从化区,113.732003,23.715899
713,东兴胜不锈钢批发部,购物服务,家居建材市场,建材五金市场,广东省,广州市,从化区,113.729881,23.712904
714,绿源美居装饰,购物服务,家居建材市场,家居建材市场,广东省,广州市,从化区,113.729713,23.712821
715,鹰牌陶瓷,购物服务,家居建材市场,建材五金市场,广东省,广州市,从化区,113.731344,23.715278
716,意美嘉陶瓷,购物服务,家居建材市场,建材五金市场,广东省,广州市,从化区,113.731361,23.715273
717,友谊五金水电,购物服务,家居建材市场,建材五金市场,广东省,广州市,从化区,113.735956,23.718579
718,统一通讯手机维修(指定专营店),购物服务,家电电子卖场,手机销售,广东省,广州市,从化区,113.734666,23.717477
719,云浮兄弟石材,购物服务,家居建材市场,建材五金市场,广东省,广州市,增城区,113.629297,23.333686
720,荣昌五金,购物服务,家居建材市场,建材五金市场,广东省,广州市,增城区,113.629044,23.33387
721,角铁方管,购物服务,家居建材市场,建材五金市场,广东省,广州市,增城区,113.629801,23.341173
722,鑫兴钢材,购物服务,家居建材市场,建材五金市场,广东省,广州市,增城区,113.629744,23.341088
723,鑫广隆钢材(中新店),购物服务,家居建材市场,建材五金市场,广东省,广州市,增城区,113.629712,23.341212
724,福田漆亦威漆,购物服务,家居建材市场,建材五金市场,广东省,广州市,增城区,113.631733,23.321058
725,日丰管,购物服务,家居建材市场,建材五金市场,广东省,广州市,增城区,113.630987,23.321414
726,法登奥全屋定制,购物服务,家居建材市场,家居建材市场,广东省,广州市,增城区,113.633823,23.346993
727,俊朗开关,购物服务,家居建材市场,家居建材市场,广东省,广州市,增城区,113.634171,23.347189
728,兴腾袖阀管厂家,购物服务,家居建材市场,建材五金市场,广东省,广州市,增城区,113.630905,23.320934
729,厨卫电器,购物服务,家电电子卖场,家电电子卖场,广东省,广州市,增城区,113.631059,23.316089
730,银华铝材,购物服务,家居建材市场,建材五金市场,广东省,广州市,增城区,113.63099,23.320454
731,中新三联五金装饰部,购物服务,家居建材市场,建材五金市场,广东省,广州市,增城区,113.63085,23.320608
732,红泗方家具城,购物服务,家居建材市场,家具城,广东省,广州市,增城区,113.635118,23.351485
733,综艺石材,购物服务,家居建材市场,建材五金市场,广东省,广州市,增城区,113.631072,23.321163
734,厨卫电器,购物服务,家电电子卖场,家电电子卖场,广东省,广州市,增城区,113.63114,23.316163
735,前广铝材,购物服务,家居建材市场,建材五金市场,广东省,广州市,增城区,113.630809,23.320314
736,美砖陶瓷,购物服务,家居建材市场,建材五金市场,广东省,广州市,增城区,113.633768,23.346923
737,乾佳五金,购物服务,家居建材市场,建材五金市场,广东省,广州市,增城区,113.634066,23.347179
738,大安村旭昇五金店,购物服务,家居建材市场,建材五金市场,广东省,广州市,增城区,113.605009,23.388126
739,晓英通讯,购物服务,家电电子卖场,手机销售,广东省,广州市,增城区,113.633032,23.359408
740,双孖脚手架,购物服务,家居建材市场,建材五金市场,广东省,广州市,增城区,113.632311,23.315835
741,祥顺五金塑胶批发,购物服务,家居建材市场,建材五金市场,广东省,广州市,增城区,113.631575,23.315674
742,爱居家具,购物服务,家居建材市场,家具城,广东省,广州市,增城区,113.635163,23.355815
743,东田通讯,购物服务,家电电子卖场,家电电子卖场,广东省,广州市,增城区,113.633128,23.359721
744,一业文建材店,购物服务,家居建材市场,建材五金市场,广东省,广州市,增城区,113.635508,23.352843
745,花王水漆,购物服务,家居建材市场,家居建材市场,广东省,广州市,增城区,113.635597,23.354193
746,行丰家私商场,购物服务,家居建材市场,家具城,广东省,广州市,增城区,113.634455,23.358349
747,华服电器,购物服务,家电电子卖场,家电电子卖场,广东省,广州市,增城区,113.634298,23.357786
748,召棠家垫,购物服务,家居建材市场,家居建材市场,广东省,广州市,增城区,113.640761,23.167929
749,OPPO手机店,购物服务,家电电子卖场,家电电子卖场,广东省,广州市,增城区,113.634146,23.183207
750,二板智能注塑机专家,购物服务,家居建材市场,家居建材市场,广东省,广州市,增城区,113.629064,23.16643
751,人人乐五金店,购物服务,家居建材市场,建材五金市场,广东省,广州市,增城区,113.624022,23.243875
752,天宇家具,购物服务,家居建材市场,家具城,广东省,广州市,增城区,113.620986,23.281562
753,金阳纺织,购物服务,家居建材市场,布艺市场,广东省,广州市,增城区,113.655006,23.224916
754,为民不锈钢门业工程部,购物服务,家居建材市场,建材五金市场,广东省,广州市,增城区,113.618202,23.245807
755,陆城建材门市,购物服务,家居建材市场,建材五金市场,广东省,广州市,增城区,113.613484,23.25679
756,美加好电器店,购物服务,家电电子卖场,家电电子卖场,广东省,广州市,从化区,113.7161,23.579019
757,德高瓷砖胶(石坑街店),购物服务,家居建材市场,家居建材市场,广东省,广州市,从化区,113.71688,23.578464
758,凯珍五金机电经营部,购物服务,家居建材市场,建材五金市场,广东省,广州市,从化区,113.716707,23.578546
759,三棵树漆,购物服务,家居建材市场,建材五金市场,广东省,广州市,从化区,113.716906,23.578464
760,商记不锈钢,购物服务,家居建材市场,建材五金市场,广东省,广州市,从化区,113.717226,23.578572
761,邓洋钢筋店,购物服务,家居建材市场,建材五金市场,广东省,广州市,从化区,113.716614,23.578905
762,龙英家具商场,购物服务,家居建材市场,家具城,广东省,广州市,从化区,113.713238,23.580812
763,点匠陶瓷,购物服务,家居建材市场,建材五金市场,广东省,广州市,从化区,113.716799,23.578864
764,朱锋石材,购物服务,家居建材市场,建材五金市场,广东省,广州市,从化区,113.716771,23.578872
765,佳讯通信(荔园街店),购物服务,家电电子卖场,手机销售,广东省,广州市,从化区,113.713448,23.580468
766,天猫优品,购物服务,家电电子卖场,数码电子,广东省,广州市,从化区,113.713899,23.580182
767,家财家具,购物服务,家居建材市场,家具城,广东省,广州市,从化区,113.711241,23.581727
768,兴达炉具商店,购物服务,家居建材市场,厨卫市场,广东省,广州市,从化区,113.713181,23.580216
769,苏宁易购(灌村店),购物服务,家电电子卖场,手机销售,广东省,广州市,从化区,113.712401,23.580952
770,日红五金门窗店,购物服务,家居建材市场,建材五金市场,广东省,广州市,增城区,113.737193,23.384264
771,锦坤瓷砖店,购物服务,家居建材市场,建材五金市场,广东省,广州市,增城区,113.737087,23.384125
772,联塑管道,购物服务,家居建材市场,建材五金市场,广东省,广州市,增城区,113.742577,23.387787
773,锦坤瓷砖店,购物服务,家居建材市场,建材五金市场,广东省,广州市,增城区,113.741874,23.387437
774,欧典罗马柱,购物服务,家居建材市场,建材五金市场,广东省,广州市,增城区,113.743455,23.388065
775,创文家具厂(仓库点),购物服务,家居建材市场,家居建材市场,广东省,广州市,增城区,113.714931,23.493835
776,广州市弘洲家具实业有限公司,购物服务,家居建材市场,家具城,广东省,广州市,增城区,113.710944,23.493782
777,颖兴水电五金,购物服务,家居建材市场,建材五金市场,广东省,广州市,增城区,113.738195,23.487613
778,星辉课桌椅,购物服务,家居建材市场,家居建材市场,广东省,广州市,增城区,113.744089,23.489072
779,罗斯克宁,购物服务,家居建材市场,家居建材市场,广东省,广州市,增城区,113.709686,23.266461
780,金胜源五金店,购物服务,家居建材市场,建材五金市场,广东省,广州市,增城区,113.711471,23.266544
781,聚陶轩建材,购物服务,家居建材市场,建材五金市场,广东省,广州市,增城区,113.709833,23.266513
782,国锋不锈钢经营部,购物服务,家居建材市场,建材五金市场,广东省,广州市,增城区,113.711768,23.266419
783,瑞开福卷闸门经营部,购物服务,家居建材市场,建材五金市场,广东省,广州市,增城区,113.708137,23.26624
784,钢亦美门业(朱村专卖店),购物服务,家居建材市场,建材五金市场,广东省,广州市,增城区,113.708666,23.266102
785,卷闸铁棚,购物服务,家居建材市场,建材五金市场,广东省,广州市,增城区,113.708286,23.266453
786,广源家具,购物服务,家居建材市场,家具城,广东省,广州市,增城区,113.714306,23.273985
787,美之邦家具城,购物服务,家居建材市场,家具城,广东省,广州市,增城区,113.707325,23.273092
788,新元艺术根雕总汇,购物服务,家居建材市场,家具城,广东省,广州市,增城区,113.70749,23.273029
789,格力(广汕公路店),购物服务,家电电子卖场,家电电子卖场,广东省,广州市,增城区,113.702461,23.270393
790,格正净水器,购物服务,家电电子卖场,家电电子卖场,广东省,广州市,增城区,113.725274,23.298756
791,三雄极光,购物服务,家居建材市场,灯具瓷器市场,广东省,广州市,增城区,113.715495,23.27399
792,顺德家具,购物服务,家居建材市场,家具城,广东省,广州市,增城区,113.702412,23.272934
793,国森电器,购物服务,家电电子卖场,家电电子卖场,广东省,广州市,增城区,113.702053,23.273191
794,南岗佬门业,购物服务,家居建材市场,建材五金市场,广东省,广州市,增城区,113.709936,23.273663
795,飞驼不锈钢经营部,购物服务,家居建材市场,家居建材市场,广东省,广州市,增城区,113.712139,23.273893
796,昶信臻品石业,购物服务,家居建材市场,建材五金市场,广东省,广州市,增城区,113.709788,23.273617
797,智斌天花装饰,购物服务,家居建材市场,建材五金市场,广东省,广州市,增城区,113.711196,23.273819
798,云浮钊盛石材,购物服务,家居建材市场,家居建材市场,广东省,广州市,增城区,113.711011,23.273834
799,创伟五金店,购物服务,家居建材市场,建材五金市场,广东省,广州市,增城区,113.716745,23.274051
800,雨虹防水,购物服务,家居建材市场,建材五金市场,广东省,广州市,增城区,113.714977,23.273992
801,成亮通讯店,购物服务,家电电子卖场,家电电子卖场,广东省,广州市,增城区,113.698003,23.272577
802,专业石材,购物服务,家居建材市场,家居建材市场,广东省,广州市,增城区,113.70702,23.272908
803,零典电脑,购物服务,家电电子卖场,数码电子,广东省,广州市,增城区,113.716828,23.171553
804,创誉电脑安防,购物服务,家电电子卖场,数码电子,广东省,广州市,增城区,113.716612,23.172018
805,苏沙电动工具,购物服务,家居建材市场,建材五金市场,广东省,广州市,增城区,113.716871,23.17222
806,大鸿家具展厅,购物服务,家居建材市场,家具城,广东省,广州市,增城区,113.717027,23.171128
807,五金机电商行,购物服务,家居建材市场,家居建材市场,广东省,广州市,增城区,113.716775,23.17195
808,洛阳轴承厂家直销,购物服务,家居建材市场,家居建材市场,广东省,广州市,增城区,113.716558,23.172227
809,东盛专业电动工具,购物服务,家居建材市场,家居建材市场,广东省,广州市,增城区,113.716494,23.173167
810,远诚通讯,购物服务,家电电子卖场,家电电子卖场,广东省,广州市,增城区,113.718924,23.169779
811,威能电器,购物服务,家居建材市场,厨卫市场,广东省,广州市,增城区,113.717243,23.169939
812,品台泥水泥,购物服务,家居建材市场,建材五金市场,广东省,广州市,增城区,113.717036,23.174677
813,波斯工具,购物服务,家居建材市场,家居建材市场,广东省,广州市,增城区,113.717907,23.174916
814,红木家具油漆加工,购物服务,家居建材市场,家居建材市场,广东省,广州市,增城区,113.717466,23.171011
815,新艺家私,购物服务,家居建材市场,家具城,广东省,广州市,增城区,113.718625,23.167546
816,富兴五金商行,购物服务,家居建材市场,建材五金市场,广东省,广州市,增城区,113.716974,23.171987
817,京东家电(仙村一路店),购物服务,家电电子卖场,家电电子卖场,广东省,广州市,增城区,113.717877,23.169252
818,新润成瓷砖,购物服务,家居建材市场,家居建材市场,广东省,广州市,增城区,113.717308,23.17068
819,华宇通讯,购物服务,家电电子卖场,手机销售,广东省,广州市,增城区,113.717795,23.169802
820,广州市增城湘工五金经营部,购物服务,家居建材市场,家居建材市场,广东省,广州市,增城区,113.716576,23.172136
821,威信瓷砖,购物服务,家居建材市场,家居建材市场,广东省,广州市,增城区,113.717272,23.170632
822,誉声电器,购物服务,家电电子卖场,综合家电商场,广东省,广州市,增城区,113.7188,23.169785
823,海螺水泥,购物服务,家居建材市场,建材五金市场,广东省,广州市,增城区,113.716975,23.174658
824,粤讯移动通迅,购物服务,家电电子卖场,家电电子卖场,广东省,广州市,增城区,113.720669,23.169534
825,美的空调,购物服务,家电电子卖场,家电电子卖场,广东省,广州市,增城区,113.717822,23.169381
826,德能空气能,购物服务,家居建材市场,家居建材市场,广东省,广州市,增城区,113.71746,23.17033
827,大鸿家具,购物服务,家居建材市场,家具城,广东省,广州市,增城区,113.714332,23.171284
828,仙荣五金,购物服务,家居建材市场,家居建材市场,广东省,广州市,增城区,113.717,23.171258
829,升锋五金工具汽车铲车配件,购物服务,家居建材市场,建材五金市场,广东省,广州市,增城区,113.717981,23.174981
830,金耐德防水,购物服务,家居建材市场,家居建材市场,广东省,广州市,增城区,113.717352,23.170041
831,汇亚瓷砖,购物服务,家居建材市场,建材五金市场,广东省,广州市,增城区,113.716093,23.173487
832,广厦建材经销部,购物服务,家居建材市场,建材五金市场,广东省,广州市,增城区,113.717015,23.17467
833,伟利门窗,购物服务,家居建材市场,建材五金市场,广东省,广州市,增城区,113.718606,23.175706
834,粤信综合业务代理店,购物服务,家电电子卖场,手机销售,广东省,广州市,增城区,113.720518,23.169865
835,台禄思,购物服务,家电电子卖场,家电电子卖场,广东省,广州市,增城区,113.718447,23.168131
836,洁艺窗帘店,购物服务,家居建材市场,布艺市场,广东省,广州市,增城区,113.719977,23.169732
837,坚美铝材,购物服务,家居建材市场,建材五金市场,广东省,广州市,增城区,113.718585,23.175604
838,新仙窗帘店,购物服务,家居建材市场,布艺市场,广东省,广州市,增城区,113.718192,23.169813
839,仙村智慧家电商店,购物服务,家电电子卖场,数码电子,广东省,广州市,增城区,113.718122,23.1687
840,盈亿通讯,购物服务,家电电子卖场,手机销售,广东省,广州市,增城区,113.718329,23.168525
841,仙村璟迪美的专卖店,购物服务,家电电子卖场,数码电子,广东省,广州市,增城区,113.717791,23.169277
842,永兴窗帘行,购物服务,家居建材市场,布艺市场,广东省,广州市,增城区,113.718759,23.16953
843,金颐布艺窗帘,购物服务,家居建材市场,布艺市场,广东省,广州市,增城区,113.717815,23.169546
844,中国移动粤信商店特约代理点,购物服务,家电电子卖场,数码电子,广东省,广州市,增城区,113.71873,23.166685
845,永皓电器,购物服务,家电电子卖场,家电电子卖场,广东省,广州市,增城区,113.716312,23.168473
846,订做床垫沙发翻新,购物服务,家居建材市场,家居建材市场,广东省,广州市,增城区,113.716876,23.169309
847,荣大意特陶陶瓷,购物服务,家居建材市场,建材五金市场,广东省,广州市,增城区,113.718507,23.176113
848,建美陶瓷,购物服务,家居建材市场,建材五金市场,广东省,广州市,增城区,113.71735,23.170027
849,仙村上境水电五金店,购物服务,家居建材市场,建材五金市场,广东省,广州市,增城区,113.718042,23.16984
850,仙村同盟电脑,购物服务,家电电子卖场,数码电子,广东省,广州市,增城区,113.718758,23.167222
851,佛山吉利钢门,购物服务,家居建材市场,家居建材市场,广东省,广州市,增城区,113.716633,23.168996
852,海尔电器(仙村智慧影音家电商店),购物服务,家电电子卖场,综合家电商场,广东省,广州市,增城区,113.718111,23.168626
853,别墅家装,购物服务,家居建材市场,家居建材市场,广东省,广州市,增城区,113.716308,23.169008
854,广源建材店,购物服务,家居建材市场,建材五金市场,广东省,广州市,增城区,113.716286,23.168903
855,兆驰照明,购物服务,家居建材市场,灯具瓷器市场,广东省,广州市,增城区,113.71615,23.168959
856,龙翔天花装饰,购物服务,家居建材市场,家居建材市场,广东省,广州市,增城区,113.716372,23.16866
857,建荷建材店,购物服务,家居建材市场,建材五金市场,广东省,广州市,增城区,113.718086,23.169392
858,凤铝铝材(仙村一路店),购物服务,家居建材市场,建材五金市场,广东省,广州市,增城区,113.71808,23.169423
859,定文五金店,购物服务,家居建材市场,建材五金市场,广东省,广州市,增城区,113.718064,23.169456
860,容声空气能太空能(仙村总代理),购物服务,家电电子卖场,家电电子卖场,广东省,广州市,增城区,113.716651,23.168963
861,万家门窗店,购物服务,家居建材市场,建材五金市场,广东省,广州市,增城区,113.716415,23.169138
862,朗诗德,购物服务,家电电子卖场,家电电子卖场,广东省,广州市,增城区,113.72023,23.16681
863,vivo(仙村一路店),购物服务,家电电子卖场,手机销售,广东省,广州市,增城区,113.718472,23.167334
864,茶源水泥厂,购物服务,家居建材市场,建材五金市场,广东省,广州市,增城区,113.711951,23.173105
865,丽驰卫浴,购物服务,家居建材市场,厨卫市场,广东省,广州市,增城区,113.71604,23.168115
866,索诺卡全屋定制,购物服务,家居建材市场,家居建材市场,广东省,广州市,增城区,113.718606,23.167598
867,顺诚安全门,购物服务,家居建材市场,家居建材市场,广东省,广州市,增城区,113.715778,23.168186
868,佛山越豪新型屋面瓦,购物服务,家居建材市场,建材五金市场,广东省,广州市,增城区,113.716094,23.168629
869,钢亦美名门(仙村专卖店),购物服务,家居建材市场,家居建材市场,广东省,广州市,增城区,113.716265,23.168353
870,晨阳水漆(运河西路店),购物服务,家居建材市场,家居建材市场,广东省,广州市,增城区,113.715734,23.168111
871,温馨家纺,购物服务,家居建材市场,布艺市场,广东省,广州市,增城区,113.719768,23.167894
872,民心不锈钢工程,购物服务,家居建材市场,建材五金市场,广东省,广州市,增城区,113.715879,23.168332
873,水泥,购物服务,家居建材市场,建材五金市场,广东省,广州市,增城区,113.716849,23.176439
874,茶源建材,购物服务,家居建材市场,家居建材市场,广东省,广州市,增城区,113.712172,23.173161
875,顺威安全门(仙村店),购物服务,家居建材市场,家居建材市场,广东省,广州市,增城区,113.715757,23.168217
876,多乐士(运河西路店),购物服务,家居建材市场,建材五金市场,广东省,广州市,增城区,113.715761,23.168323
877,福鹏五金厂,购物服务,家居建材市场,建材五金市场,广东省,广州市,增城区,113.716177,23.168316
878,宏宇陶瓷(运河西路店),购物服务,家居建材市场,建材五金市场,广东省,广州市,增城区,113.716031,23.168066
879,花生原木门(厂家直营店),购物服务,家居建材市场,家居建材市场,广东省,广州市,增城区,113.715949,23.16795
880,香港金龙门(仙村店),购物服务,家居建材市场,家居建材市场,广东省,广州市,增城区,113.715895,23.167843
881,格力智慧电器,购物服务,家电电子卖场,家电电子卖场,广东省,广州市,增城区,113.719319,23.165148
882,添福门窗,购物服务,家居建材市场,建材五金市场,广东省,广州市,增城区,113.715634,23.167966
883,程进古典红木家具,购物服务,家居建材市场,家具城,广东省,广州市,增城区,113.711871,23.166867
884,达芬奇全屋宅配,购物服务,家居建材市场,家居建材市场,广东省,广州市,增城区,113.717935,23.17956
885,德高防水(广州市增城仙村建荷德高防水专卖店),购物服务,家居建材市场,建材五金市场,广东省,广州市,增城区,113.71847,23.1698
886,家明电器灯饰商店,购物服务,家居建材市场,灯具瓷器市场,广东省,广州市,增城区,113.718915,23.165925
887,钢将军门窗,购物服务,家居建材市场,建材五金市场,广东省,广州市,增城区,113.717856,23.17949
888,欧诺门窗,购物服务,家居建材市场,建材五金市场,广东省,广州市,增城区,113.71792,23.179524
889,凌峰家电专业厨卫店,购物服务,家居建材市场,厨卫市场,广东省,广州市,增城区,113.719217,23.166064
890,中国移动(盈科通讯指定专营店),购物服务,家电电子卖场,手机销售,广东省,广州市,增城区,113.718976,23.16635
891,家明五金电器,购物服务,家居建材市场,灯具瓷器市场,广东省,广州市,增城区,113.718917,23.165943
892,凤铝铝材(运河西路店),购物服务,家居建材市场,建材五金市场,广东省,广州市,增城区,113.714924,23.166984
893,唯美宅配门窗,购物服务,家居建材市场,家居建材市场,广东省,广州市,增城区,113.715131,23.166873
894,大景建材经销部,购物服务,家居建材市场,家居建材市场,广东省,广州市,增城区,113.714006,23.166671
895,首信通讯(仙村一路店),购物服务,家电电子卖场,手机销售,广东省,广州市,增城区,113.719331,23.165221
896,新达五金电器,购物服务,家居建材市场,建材五金市场,广东省,广州市,增城区,113.718914,23.166696
897,博仕门窗,购物服务,家居建材市场,建材五金市场,广东省,广州市,增城区,113.71496,23.166731
898,荣科电脑,购物服务,家电电子卖场,数码电子,广东省,广州市,增城区,113.719333,23.165723
899,视贝电工LED照明,购物服务,家居建材市场,家居建材市场,广东省,广州市,增城区,113.716474,23.165369
900,博宏家具,购物服务,家居建材市场,家具城,广东省,广州市,增城区,113.710221,23.167457
901,花王水漆,购物服务,家居建材市场,建材五金市场,广东省,广州市,增城区,113.713415,23.166609
902,鹰牌陶瓷(运河西路店),购物服务,家居建材市场,建材五金市场,广东省,广州市,增城区,113.714825,23.166512
903,鹏誉电脑监控设备有限公司,购物服务,家电电子卖场,数码电子,广东省,广州市,增城区,113.719908,23.165365
904,德高防水(建设西路店),购物服务,家居建材市场,建材五金市场,广东省,广州市,增城区,113.718456,23.165541
905,金芭堤瓷砖,购物服务,家居建材市场,家居建材市场,广东省,广州市,增城区,113.712538,23.167062
906,海尔专卖店,购物服务,家电电子卖场,综合家电商场,广东省,广州市,增城区,113.719322,23.16525
907,门窗店,购物服务,家居建材市场,家居建材市场,广东省,广州市,增城区,113.712547,23.166746
908,联仙五金店,购物服务,家居建材市场,建材五金市场,广东省,广州市,增城区,113.717117,23.165274
909,仙村威尔斯陶瓷店,购物服务,家居建材市场,灯具瓷器市场,广东省,广州市,增城区,113.712418,23.166759
910,裕添水电五金,购物服务,家居建材市场,建材五金市场,广东省,广州市,增城区,113.713975,23.166517
911,联塑管道,购物服务,家居建材市场,建材五金市场,广东省,广州市,增城区,113.713998,23.166514
912,金斯盾防水瓷砖胶,购物服务,家居建材市场,家居建材市场,广东省,广州市,增城区,113.712165,23.166872
913,润丰水泥(天添店),购物服务,家居建材市场,建材五金市场,广东省,广州市,增城区,113.713641,23.166604
914,景隆门窗,购物服务,家居建材市场,建材五金市场,广东省,广州市,增城区,113.714987,23.166777
915,德芙瓷砖经营部,购物服务,家居建材市场,建材五金市场,广东省,广州市,增城区,113.718952,23.165803
916,五华装饰,购物服务,家居建材市场,建材五金市场,广东省,广州市,增城区,113.717026,23.165239
917,超奕五金家电制冷配件总汇,购物服务,家居建材市场,建材五金市场,广东省,广州市,增城区,113.71643,23.165367
918,长兴红木君艺店,购物服务,家居建材市场,家具城,广东省,广州市,增城区,113.710015,23.166466
919,优雨防水,购物服务,家居建材市场,建材五金市场,广东省,广州市,增城区,113.715075,23.165749
920,大自然,购物服务,家居建材市场,家居建材市场,广东省,广州市,增城区,113.719886,23.165308
921,精智建筑防水,购物服务,家居建材市场,建材五金市场,广东省,广州市,增城区,113.715101,23.165686
922,华安消防器材水暖批发部,购物服务,家居建材市场,家居建材市场,广东省,广州市,增城区,113.712195,23.16714
923,创美门业,购物服务,家居建材市场,建材五金市场,广东省,广州市,增城区,113.711542,23.166855
924,信然水电五金经营部,购物服务,家居建材市场,家居建材市场,广东省,广州市,增城区,113.711115,23.16706
925,容记门窗店,购物服务,家居建材市场,建材五金市场,广东省,广州市,增城区,113.712468,23.166812
926,迅发五金水电,购物服务,家居建材市场,建材五金市场,广东省,广州市,增城区,113.717411,23.16527
927,胜伟家私,购物服务,家居建材市场,家具城,广东省,广州市,增城区,113.718595,23.166774
928,星期7陶瓷,购物服务,家居建材市场,建材五金市场,广东省,广州市,增城区,113.71197,23.166878
929,德高防水,购物服务,家居建材市场,建材五金市场,广东省,广州市,增城区,113.712042,23.166859
930,欧居建材,购物服务,家居建材市场,建材五金市场,广东省,广州市,增城区,113.711964,23.166861
931,法恩莎卫浴(建设西路店),购物服务,家居建材市场,厨卫市场,广东省,广州市,增城区,113.71106,23.167064
932,俊朗,购物服务,家居建材市场,建材五金市场,广东省,广州市,增城区,113.719292,23.166159
933,蓝堡陶瓷,购物服务,家居建材市场,家居建材市场,广东省,广州市,增城区,113.723144,23.164653
934,三喜陶瓷(仙村店),购物服务,家居建材市场,家居建材市场,广东省,广州市,增城区,113.723135,23.164636
935,顺鑫门窗工艺,购物服务,家居建材市场,建材五金市场,广东省,广州市,增城区,113.711485,23.166965
936,新乐电器,购物服务,家电电子卖场,家电电子卖场,广东省,广州市,增城区,113.717183,23.183582
937,新雅石材,购物服务,家居建材市场,建材五金市场,广东省,广州市,增城区,113.717299,23.182972
938,创意念电脑,购物服务,家电电子卖场,数码电子,广东省,广州市,增城区,113.720802,23.164828
939,三米陶瓷,购物服务,家居建材市场,建材五金市场,广东省,广州市,增城区,113.709826,23.166488
940,简豪环保材料全屋整装定制,购物服务,家居建材市场,家居建材市场,广东省,广州市,增城区,113.722505,23.163817
941,粤通建材,购物服务,家居建材市场,家居建材市场,广东省,广州市,增城区,113.709163,23.178268
942,东昇五金店,购物服务,家居建材市场,建材五金市场,广东省,广州市,增城区,113.719031,23.162694
943,视贝墙壁开关,购物服务,家居建材市场,建材五金市场,广东省,广州市,增城区,113.716977,23.184493
944,增城民合农资专业合作社(仙村富民经营部),购物服务,家居建材市场,建材五金市场,广东省,广州市,增城区,113.718912,23.165337
945,东鹏瓷砖,购物服务,家居建材市场,建材五金市场,广东省,广州市,增城区,113.716954,23.184629
946,广州市增城五岭建材经营部,购物服务,家居建材市场,建材五金市场,广东省,广州市,增城区,113.709148,23.179358
947,汇家水电,购物服务,家居建材市场,建材五金市场,广东省,广州市,增城区,113.705401,23.168053
948,广州市增城志麟建材经营部,购物服务,家居建材市场,建材五金市场,广东省,广州市,增城区,113.706519,23.171097
949,诗尼曼家居,购物服务,家居建材市场,家居建材市场,广东省,广州市,增城区,113.716517,23.18625
950,明昌五金电器,购物服务,家居建材市场,建材五金市场,广东省,广州市,增城区,113.71694,23.184586
951,八达电器,购物服务,家居建材市场,建材五金市场,广东省,广州市,增城区,113.70543,23.168217
952,祥源五金店,购物服务,家居建材市场,建材五金市场,广东省,广州市,增城区,113.716763,23.185444
953,亿耀门窗,购物服务,家居建材市场,建材五金市场,广东省,广州市,增城区,113.704223,23.168195
954,旭泰五金,购物服务,家居建材市场,建材五金市场,广东省,广州市,增城区,113.716647,23.185977
955,西南全记室内装修工程部,购物服务,家居建材市场,家居建材市场,广东省,广州市,增城区,113.703423,23.168298
956,标记门窗水电,购物服务,家居建材市场,建材五金市场,广东省,广州市,增城区,113.73197,23.180844
957,贰通五金,购物服务,家居建材市场,建材五金市场,广东省,广州市,增城区,113.703431,23.168239
958,成工管道安装工程店,购物服务,家居建材市场,建材五金市场,广东省,广州市,增城区,113.704217,23.168167
959,八达电器,购物服务,家居建材市场,建材五金市场,广东省,广州市,增城区,113.736263,23.186196
960,建馨床上用品厂,购物服务,家居建材市场,家居建材市场,广东省,广州市,增城区,113.74096,23.185042
961,三振电器,购物服务,家电电子卖场,综合家电商场,广东省,广州市,增城区,113.712119,23.14409
962,广州货架批发,购物服务,家居建材市场,家居建材市场,广东省,广州市,增城区,113.738445,23.191135
963,广州市川鸿特种玻璃有限公司,购物服务,家居建材市场,建材五金市场,广东省,广州市,增城区,113.73896,23.184214
964,广州东工钢材阀门,购物服务,家居建材市场,建材五金市场,广东省,广州市,增城区,113.691618,23.174604
965,长沣纺织,购物服务,家居建材市场,布艺市场,广东省,广州市,增城区,113.693071,23.176207
966,广州长江电缆,购物服务,家居建材市场,家居建材市场,广东省,广州市,增城区,113.686213,23.175302
967,公牛装饰开关,购物服务,家居建材市场,家居建材市场,广东省,广州市,增城区,113.686472,23.166353
968,广州仙村五金钢材机械国际商贸城,购物服务,家居建材市场,建材五金市场,广东省,广州市,增城区,113.69155,23.174999
969,日信电线电缆,购物服务,家居建材市场,家居建材市场,广东省,广州市,增城区,113.730298,23.203231
970,桂隆石材,购物服务,家居建材市场,建材五金市场,广东省,广州市,增城区,113.736979,23.200081
971,欣鑫荣石材加工,购物服务,家居建材市场,建材五金市场,广东省,广州市,增城区,113.736912,23.200769
972,至佳通讯,购物服务,家电电子卖场,手机销售,广东省,广州市,增城区,113.740051,23.199562
973,荔雅石材,购物服务,家居建材市场,建材五金市场,广东省,广州市,增城区,113.738054,23.200651
974,金联石材城,购物服务,家居建材市场,建材五金市场,广东省,广州市,增城区,113.740347,23.201715
975,昌盛五金店,购物服务,家居建材市场,建材五金市场,广东省,广州市,增城区,113.680112,23.166216
976,住人集装箱批发定制,购物服务,家居建材市场,家居建材市场,广东省,广州市,增城区,113.709854,23.211226
977,明达水泥,购物服务,家居建材市场,建材五金市场,广东省,广州市,增城区,113.683031,23.149121
978,颖海石材城,购物服务,家居建材市场,家居建材市场,广东省,广州市,增城区,113.746135,23.20477
979,金水电经销部,购物服务,家居建材市场,家居建材市场,广东省,广州市,增城区,113.74746,23.205411
980,销售水泥砖,购物服务,家居建材市场,家居建材市场,广东省,广州市,增城区,113.687503,23.20425
981,视贝墙壁开关,购物服务,家居建材市场,建材五金市场,广东省,广州市,增城区,113.751022,23.205889
982,少汉辉五金,购物服务,家居建材市场,建材五金市场,广东省,广州市,增城区,113.747361,23.205416
983,正晖门业,购物服务,家居建材市场,建材五金市场,广东省,广州市,增城区,113.756275,23.203735
984,广州铝材厂,购物服务,家居建材市场,建材五金市场,广东省,广州市,增城区,113.740012,23.212368
985,洪记五金,购物服务,家居建材市场,建材五金市场,广东省,广州市,增城区,113.751128,23.206034
986,家家管工程部石滩镇办事处,购物服务,家居建材市场,建材五金市场,广东省,广州市,增城区,113.74751,23.205422
987,鸿昌名门,购物服务,家居建材市场,建材五金市场,广东省,广州市,增城区,113.755099,23.204723
988,政福门业,购物服务,家居建材市场,建材五金市场,广东省,广州市,增城区,113.757857,23.203121
989,银华铝材,购物服务,家居建材市场,建材五金市场,广东省,广州市,增城区,113.758198,23.202927
