,金莎足球场,体育休闲服务,运动场馆,足球场,广东省,广州市,花都区,113.240753,23.404049
0,宾菲杨泳场,体育休闲服务,运动场馆,游泳馆,广东省,广州市,花都区,113.240311,23.404575
1,花都体育中心,体育休闲服务,运动场馆,综合体育馆,广东省,广州市,花都区,113.220008,23.38506
2,SNOOKER桌球俱乐部,体育休闲服务,运动场馆,台球厅,广东省,广州市,花都区,113.22786,23.39934
3,美东羽毛球馆,体育休闲服务,运动场馆,羽毛球场,广东省,广州市,花都区,113.252858,23.41618
4,ATM滑雪俱乐部中心,体育休闲服务,运动场馆,滑雪场,广东省,广州市,花都区,113.235542,23.429321
5,花都体育馆,体育休闲服务,运动场馆,综合体育馆,广东省,广州市,花都区,113.21103,23.379593
6,东方景观酒店-网球,体育休闲服务,运动场馆,网球场,广东省,广州市,花都区,113.240217,23.500868
7,东方景观酒店-保龄球,体育休闲服务,运动场馆,保龄球馆,广东省,广州市,花都区,113.240217,23.500868
8,芙蓉会议中心-篮球场,体育休闲服务,运动场馆,篮球场馆,广东省,广州市,花都区,113.227228,23.50036
9,芙蓉会议中心壁球馆,体育休闲服务,运动场馆,壁球场,广东省,广州市,花都区,113.226082,23.499977
10,芙蓉会议中心-桌球室,体育休闲服务,运动场馆,台球厅,广东省,广州市,花都区,113.226396,23.500293
11,芙蓉会议中心-羽毛球场,体育休闲服务,运动场馆,羽毛球场,广东省,广州市,花都区,113.22707,23.500372
12,福乐顺台球,体育休闲服务,运动场馆,台球厅,广东省,广州市,花都区,113.228724,23.469838
13,佳旺桌球城,体育休闲服务,运动场馆,台球厅,广东省,广州市,白云区,113.241421,23.255831
14,喜点台球球馆,体育休闲服务,运动场馆,台球厅,广东省,广州市,白云区,113.241666,23.25681
15,台球棋牌,体育休闲服务,运动场馆,台球厅,广东省,广州市,白云区,113.241981,23.256614
16,江高追梦体育馆,体育休闲服务,运动场馆,综合体育馆,广东省,广州市,白云区,113.226625,23.267781
17,正街园篮球场,体育休闲服务,运动场馆,篮球场馆,广东省,广州市,白云区,113.245723,23.242978
18,88台球(大朗中路),体育休闲服务,运动场馆,台球厅,广东省,广州市,白云区,113.241772,23.23957
19,江高公园-游泳场,体育休闲服务,运动场馆,游泳馆,广东省,广州市,白云区,113.230823,23.269576
20,龙湖燃气羽毛球馆,体育休闲服务,运动场馆,羽毛球场,广东省,广州市,白云区,113.230071,23.264397
21,乐优游SPA游泳馆,体育休闲服务,运动场馆,游泳馆,广东省,广州市,白云区,113.235612,23.273632
22,滘心篮球场,体育休闲服务,运动场馆,篮球场馆,广东省,广州市,白云区,113.225088,23.23852
23,星牌台球(白云旗舰店),体育休闲服务,运动场馆,台球厅,广东省,广州市,白云区,113.257243,23.247214
24,情怀台球房,体育休闲服务,运动场馆,台球厅,广东省,广州市,花都区,113.23252,23.338926
25,乐运汇少儿运动馆(朗悦),体育休闲服务,运动场馆,综合体育馆,广东省,广州市,花都区,113.250697,23.352687
26,广州市白云区江高镇双岗村篮球场,体育休闲服务,运动场馆,篮球场馆,广东省,广州市,白云区,113.228184,23.326658
27,动元室内国际游泳馆,体育休闲服务,运动场馆,游泳馆,广东省,广州市,花都区,113.222589,23.343686
28,桌球店,体育休闲服务,运动场馆,台球厅,广东省,广州市,花都区,113.225581,23.340234
29,动元室内篮球场,体育休闲服务,运动场馆,篮球场馆,广东省,广州市,花都区,113.222598,23.343579
30,动元桌球馆,体育休闲服务,运动场馆,台球厅,广东省,广州市,花都区,113.222571,23.343736
31,可可桌球室,体育休闲服务,运动场馆,台球厅,广东省,广州市,花都区,113.246664,23.350759
32,豪利花园游泳池,体育休闲服务,运动场馆,游泳馆,广东省,广州市,花都区,113.25009,23.359705
33,珍宝园游泳馆,体育休闲服务,运动场馆,游泳馆,广东省,广州市,白云区,113.207111,23.338904
34,花力会阳光运动会所,体育休闲服务,运动场馆,综合体育馆,广东省,广州市,荔湾区,113.234013,23.098146
35,宝岗体育场,体育休闲服务,运动场馆,综合体育馆,广东省,广州市,海珠区,113.264373,23.101887
36,广州市沙面网球场,体育休闲服务,运动场馆,网球场,广东省,广州市,荔湾区,113.246384,23.105741
37,广州市芳村工人文化宫体育馆,体育休闲服务,运动场馆,综合体育馆,广东省,广州市,荔湾区,113.237852,23.10012
38,广州越秀山(洪德)体育场,体育休闲服务,运动场馆,综合体育馆,广东省,广州市,海珠区,113.25063,23.09943
39,花海10号体育馆,体育休闲服务,运动场馆,综合体育馆,广东省,广州市,荔湾区,113.228278,23.098844
40,踢客足球乐园,体育休闲服务,运动场馆,足球场,广东省,广州市,荔湾区,113.22926,23.104203
41,华蒙星少儿篮球俱乐部,体育休闲服务,运动场馆,篮球场馆,广东省,广州市,荔湾区,113.233559,23.094706
42,广州体育馆,体育休闲服务,运动场馆,综合体育馆,广东省,广州市,白云区,113.276676,23.18129
43,广州市矿泉游泳场,体育休闲服务,运动场馆,游泳馆,广东省,广州市,越秀区,113.254058,23.162459
44,中环桌球,体育休闲服务,运动场馆,台球厅,广东省,广州市,白云区,113.239408,23.170785
45,147台球俱乐部,体育休闲服务,运动场馆,台球厅,广东省,广州市,白云区,113.239417,23.170833
46,聚龙公园足球场,体育休闲服务,运动场馆,足球场,广东省,广州市,白云区,113.234378,23.178528
47,力祥游泳健身俱乐部,体育休闲服务,运动场馆,游泳馆,广东省,广州市,番禺区,113.324988,23.010506
48,友谊台球城(植村一路店),体育休闲服务,运动场馆,台球厅,广东省,广州市,番禺区,113.323833,23.012912
49,名狮羽毛球馆,体育休闲服务,运动场馆,羽毛球场,广东省,广州市,海珠区,113.32471,23.094012
50,广东第二师范学院体育中心,体育休闲服务,运动场馆,综合体育馆,广东省,广州市,海珠区,113.316767,23.09663
51,客村小学游泳馆,体育休闲服务,运动场馆,游泳馆,广东省,广州市,海珠区,113.314722,23.092343
52,睿丰少儿运动馆,体育休闲服务,运动场馆,综合体育馆,广东省,广州市,海珠区,113.312716,23.097568
53,华昊桌球馆,体育休闲服务,运动场馆,台球厅,广东省,广州市,海珠区,113.325815,23.095879
54,广东第二师范学院游泳馆,体育休闲服务,运动场馆,游泳馆,广东省,广州市,海珠区,113.317993,23.100819
55,广东体育馆,体育休闲服务,运动场馆,综合体育馆,广东省,广州市,越秀区,113.29699,23.110444
56,老吴桌球室(暂停营业),体育休闲服务,运动场馆,台球厅,广东省,广州市,海珠区,113.321288,23.091559
57,文礼体育足球场,体育休闲服务,运动场馆,足球场,广东省,广州市,南沙区,113.346448,22.838936
58,王者桌球,体育休闲服务,运动场馆,台球厅,广东省,广州市,南沙区,113.342491,22.832002
59,文礼体育篮球馆,体育休闲服务,运动场馆,篮球场馆,广东省,广州市,南沙区,113.346472,22.839009
60,大众桌球室,体育休闲服务,运动场馆,台球厅,广东省,广州市,南沙区,113.337056,22.833971
61,雪飘飘冰雪世界,体育休闲服务,运动场馆,滑雪场,广东省,广州市,番禺区,113.322314,22.937717
62,万翔体育馆,体育休闲服务,运动场馆,综合体育馆,广东省,广州市,番禺区,113.321343,22.917757
63,A1运动馆,体育休闲服务,运动场馆,综合体育馆,广东省,广州市,番禺区,113.33855,22.935926
64,龙岐运动馆,体育休闲服务,运动场馆,综合体育馆,广东省,广州市,番禺区,113.350548,22.91659
65,英东游泳场,体育休闲服务,运动场馆,游泳馆,广东省,广州市,番禺区,113.358213,22.944921
66,番禺足协训练基地,体育休闲服务,运动场馆,足球场,广东省,广州市,番禺区,113.336508,22.935606
67,大夫山森林公园-乒乓球场,体育休闲服务,运动场馆,乒乓球馆,广东省,广州市,番禺区,113.313656,22.947863
68,番禺木生缘足球场,体育休闲服务,运动场馆,足球场,广东省,广州市,番禺区,113.346715,22.950079
69,木生缘体育中心,体育休闲服务,运动场馆,综合体育馆,广东省,广州市,番禺区,113.346472,22.948257
70,英东体育场,体育休闲服务,运动场馆,综合体育馆,广东省,广州市,番禺区,113.357781,22.943372
71,主帅运动馆(祈福馆),体育休闲服务,运动场馆,综合体育馆,广东省,广州市,番禺区,113.313508,22.965629
72,篮球场,体育休闲服务,运动场馆,篮球场馆,广东省,广州市,番禺区,113.354384,22.949678
73,广州启航游泳俱乐部,体育休闲服务,运动场馆,游泳馆,广东省,广州市,番禺区,113.314193,22.964037
74,西丽小学-体育馆,体育休闲服务,运动场馆,综合体育馆,广东省,广州市,番禺区,113.35184,22.931093
75,广州番禺职业技术学院-体育馆,体育休闲服务,运动场馆,综合体育馆,广东省,广州市,番禺区,113.310889,22.898528
76,西丽公园轮滑场,体育休闲服务,运动场馆,溜冰场,广东省,广州市,番禺区,113.354246,22.929183
77,阿杰桌球室,体育休闲服务,运动场馆,台球厅,广东省,广州市,花都区,113.356913,23.457129
78,尚博跆拳道馆(富力分馆),体育休闲服务,运动场馆,跆拳道场馆,广东省,广州市,花都区,113.357424,23.455496
79,广州市番禺区沙湾镇体育中心,体育休闲服务,运动场馆,综合体育馆,广东省,广州市,番禺区,113.350992,22.901015
80,胜者桌球城(康乐路店),体育休闲服务,运动场馆,台球厅,广东省,广州市,番禺区,113.354404,22.945519
81,风雨操场,体育休闲服务,运动场馆,足球场,广东省,广州市,番禺区,113.305233,22.901406
82,新光一号篮球训练营,体育休闲服务,运动场馆,篮球场馆,广东省,广州市,番禺区,113.344419,22.950031
83,荔园乒乓球俱乐部,体育休闲服务,运动场馆,乒乓球馆,广东省,广州市,番禺区,113.343633,22.920296
84,崴帝斯健身游泳,体育休闲服务,运动场馆,游泳馆,广东省,广州市,番禺区,113.302209,22.971515
85,阳光足球场,体育休闲服务,运动场馆,足球场,广东省,广州市,白云区,113.306458,23.333197
86,人和文化体育中心,体育休闲服务,运动场馆,综合体育馆,广东省,广州市,白云区,113.291504,23.341541
87,人和文化体育馆,体育休闲服务,运动场馆,综合体育馆,广东省,广州市,白云区,113.291029,23.34123
88,乔友台球俱乐部,体育休闲服务,运动场馆,台球厅,广东省,广州市,白云区,113.298449,23.335588
89,星爵台球俱乐部,体育休闲服务,运动场馆,台球厅,广东省,广州市,白云区,113.299695,23.334631
90,明星体育公园真草足球场,体育休闲服务,运动场馆,足球场,广东省,广州市,白云区,113.313695,23.354998
91,邻家儿女游泳馆,体育休闲服务,运动场馆,游泳馆,广东省,广州市,花都区,113.322828,23.43375
92,大塘村聚龙庄篮球场,体育休闲服务,运动场馆,篮球场馆,广东省,广州市,花都区,113.342425,23.411625
93,圣堡桌球,体育休闲服务,运动场馆,台球厅,广东省,广州市,花都区,113.323255,23.434411
94,南头机械篮球场,体育休闲服务,运动场馆,篮球场馆,广东省,广州市,花都区,113.338169,23.431454
95,激流回旋基地,体育休闲服务,运动场馆,综合体育馆,广东省,广州市,白云区,113.348609,23.398431
96,碧桂园空港凤凰酒店-室外游泳池,体育休闲服务,运动场馆,游泳馆,广东省,广州市,花都区,113.304144,23.434512
97,盛世足球场,体育休闲服务,运动场馆,足球场,广东省,广州市,花都区,113.281627,23.414034
98,牛牯石篮球场,体育休闲服务,运动场馆,篮球场馆,广东省,广州市,花都区,113.346494,23.427224
99,凌武跆拳道,体育休闲服务,运动场馆,跆拳道场馆,广东省,广州市,花都区,113.323418,23.434704
100,广东省地质局职工体育馆,体育休闲服务,运动场馆,综合体育馆,广东省,广州市,天河区,113.320916,23.168431
101,广州天河体育中心,体育休闲服务,运动场馆,综合体育馆,广东省,广州市,天河区,113.325064,23.137455
102,广州天河体育中心体育场,体育休闲服务,运动场馆,综合体育馆,广东省,广州市,天河区,113.32471,23.137903
103,谷丰养老篮球场,体育休闲服务,运动场馆,篮球场馆,广东省,广州市,天河区,113.321004,23.173895
104,天河体育馆,体育休闲服务,运动场馆,综合体育馆,广东省,广州市,天河区,113.323223,23.135371
105,金儿乐游泳馆,体育休闲服务,运动场馆,游泳馆,广东省,广州市,白云区,113.320465,23.181442
106,广州体育学院体育馆,体育休闲服务,运动场馆,综合体育馆,广东省,广州市,天河区,113.323067,23.144736
107,白云综合体育休闲中心,体育休闲服务,运动场馆,综合体育馆,广东省,广州市,白云区,113.321501,23.253082
108,阿K回所,体育休闲服务,运动场馆,台球厅,广东省,广州市,白云区,113.316834,23.255077
109,阿K台球会所,体育休闲服务,运动场馆,台球厅,广东省,广州市,白云区,113.317205,23.255261
110,茶聚德,体育休闲服务,运动场馆,台球厅,广东省,广州市,白云区,113.314228,23.252916
111,魅力台球,体育休闲服务,运动场馆,台球厅,广东省,广州市,白云区,113.315028,23.248637
112,得米棋牌桌球,体育休闲服务,运动场馆,台球厅,广东省,广州市,白云区,113.31125,23.249605
113,时代桌球,体育休闲服务,运动场馆,台球厅,广东省,广州市,白云区,113.308599,23.24865
114,广州市北二环运动场,体育休闲服务,运动场馆,综合体育馆,广东省,广州市,白云区,113.389216,23.271365
115,雄盛庄游泳场,体育休闲服务,运动场馆,游泳馆,广东省,广州市,白云区,113.380516,23.248598
116,和龙游泳馆,体育休闲服务,运动场馆,游泳馆,广东省,广州市,白云区,113.40044,23.270418
117,广东外语外贸大学南国商学院-篮球场,体育休闲服务,运动场馆,篮球场馆,广东省,广州市,白云区,113.386846,23.339403
118,广东外语外贸大学南国商学院-足球场,体育休闲服务,运动场馆,足球场,广东省,广州市,白云区,113.385083,23.341035
119,桌球娱乐室,体育休闲服务,运动场馆,台球厅,广东省,广州市,白云区,113.40054,23.345034
120,骑马场(临时站),体育休闲服务,运动场馆,赛马场,广东省,广州市,白云区,113.39167,23.340401
121,东耀里球场,体育休闲服务,运动场馆,篮球场馆,广东省,广州市,白云区,113.377354,23.318717
122,香港386游泳馆,体育休闲服务,运动场馆,游泳馆,广东省,广州市,白云区,113.378368,23.358976
123,香港游泳馆,体育休闲服务,运动场馆,游泳馆,广东省,广州市,白云区,113.378404,23.359008
124,腾杰足球俱乐部,体育休闲服务,运动场馆,足球场,广东省,广州市,白云区,113.388771,23.302188
125,广州大学城体育中心,体育休闲服务,运动场馆,综合体育馆,广东省,广州市,番禺区,113.391315,23.055521
126,广东外语外贸大学南校区-体育馆,体育休闲服务,运动场馆,综合体育馆,广东省,广州市,番禺区,113.396707,23.069567
127,星驰·笑林足球公园,体育休闲服务,运动场馆,足球场,广东省,广州市,海珠区,113.404731,23.089793
128,星驰少林足球场,体育休闲服务,运动场馆,足球场,广东省,广州市,海珠区,113.405194,23.090135
129,拾号体育公园,体育休闲服务,运动场馆,足球场,广东省,广州市,海珠区,113.387412,23.099975
130,广州艺健足球场,体育休闲服务,运动场馆,足球场,广东省,广州市,海珠区,113.387971,23.092856
131,中体篮球中心,体育休闲服务,运动场馆,综合体育馆,广东省,广州市,海珠区,113.387886,23.092865
132,广州大学城体育中心-副场,体育休闲服务,运动场馆,综合体育馆,广东省,广州市,番禺区,113.3945,23.054981
133,MVP篮球馆(万胜围店),体育休闲服务,运动场馆,篮球场馆,广东省,广州市,海珠区,113.387388,23.093473
134,MVP篮球馆(琶洲店),体育休闲服务,运动场馆,篮球场馆,广东省,广州市,海珠区,113.387619,23.096724
135,万利汇棋牌·桌球,体育休闲服务,运动场馆,台球厅,广东省,广州市,海珠区,113.391084,23.088297
136,东英羽毛球馆,体育休闲服务,运动场馆,羽毛球场,广东省,广州市,天河区,113.402748,23.113124
137,广东奥林匹克体育中心,体育休闲服务,运动场馆,综合体育馆,广东省,广州市,天河区,113.410398,23.139269
138,力德健身(万科云店),体育休闲服务,运动场馆,游泳馆,广东省,广州市,天河区,113.402029,23.168271
139,宏成桌球城(凌塘村店),体育休闲服务,运动场馆,台球厅,广东省,广州市,天河区,113.400235,23.170239
140,凤凰山宾馆康体中心,体育休闲服务,运动场馆,游泳馆,广东省,广州市,天河区,113.376185,23.18847
141,CBN越野俱乐部(火炉山基地),体育休闲服务,运动场馆,综合体育馆,广东省,广州市,天河区,113.387037,23.169807
142,广东奥林匹克体育场,体育休闲服务,运动场馆,综合体育馆,广东省,广州市,天河区,113.409015,23.135423
143,飞动体育馆,体育休闲服务,运动场馆,综合体育馆,广东省,广州市,番禺区,113.395441,22.926462
144,润康羽毛球馆(第四分馆),体育休闲服务,运动场馆,羽毛球场,广东省,广州市,番禺区,113.401135,22.93205
145,晴贝芘游泳馆,体育休闲服务,运动场馆,游泳馆,广东省,广州市,番禺区,113.405099,22.935233
146,聚星桌球,体育休闲服务,运动场馆,台球厅,广东省,广州市,番禺区,113.395592,22.938169
147,卓跃儿童运动馆·体能·篮球·跳绳(番禺广场中心),体育休闲服务,运动场馆,综合体育馆,广东省,广州市,番禺区,113.386741,22.931821
148,城市花园游泳池,体育休闲服务,运动场馆,游泳馆,广东省,广州市,番禺区,113.402768,22.941458
149,萌龙科技少儿综合体能馆,体育休闲服务,运动场馆,综合体育馆,广东省,广州市,番禺区,113.390362,22.947283
150,南村镇体育中心,体育休闲服务,运动场馆,综合体育馆,广东省,广州市,番禺区,113.394527,22.991426
151,华南理工大学大学城校区-体育场,体育休闲服务,运动场馆,综合体育馆,广东省,广州市,番禺区,113.403754,23.045355
152,大学城广东工业大学体育场,体育休闲服务,运动场馆,综合体育馆,广东省,广州市,番禺区,113.391738,23.039528
153,云动力游泳健身俱乐部,体育休闲服务,运动场馆,游泳馆,广东省,广州市,番禺区,113.38884,23.005027
154,聚朋桌球城,体育休闲服务,运动场馆,台球厅,广东省,广州市,番禺区,113.392464,23.005548
155,鸭利羽毛球馆,体育休闲服务,运动场馆,羽毛球场,广东省,广州市,南沙区,113.390266,22.789753
156,top fun台球俱乐部(大岗店),体育休闲服务,运动场馆,台球厅,广东省,广州市,南沙区,113.394781,22.789771000000002
157,绿庭雅苑二期游泳池,体育休闲服务,运动场馆,游泳馆,广东省,广州市,南沙区,113.397062,22.80326
158,147桌球俱乐部,体育休闲服务,运动场馆,台球厅,广东省,广州市,南沙区,113.402119,22.79543
159,名仕桌球俱乐部,体育休闲服务,运动场馆,台球厅,广东省,广州市,南沙区,113.402202,22.795445
160,福福桌球室,体育休闲服务,运动场馆,台球厅,广东省,广州市,南沙区,113.394991,22.800493
161,奥丁堡俱乐部,体育休闲服务,运动场馆,台球厅,广东省,广州市,南沙区,113.404694,22.88553
162,黑8王桌球会所,体育休闲服务,运动场馆,台球厅,广东省,广州市,南沙区,113.4046,22.885511
163,富源桌球城,体育休闲服务,运动场馆,台球厅,广东省,广州市,南沙区,113.401816,22.88868
164,广东第二师范学院番禺附属初级中学-体育馆,体育休闲服务,运动场馆,综合体育馆,广东省,广州市,番禺区,113.433244,23.037781
165,广州美术学院大学城校区田径运动场,体育休闲服务,运动场馆,综合体育馆,广东省,广州市,番禺区,113.381616,23.037515
166,龙俊杰国际跆拳道,体育休闲服务,运动场馆,跆拳道场馆,广东省,广州市,番禺区,113.379044,23.005485
167,广州雅居乐一尺山居游泳池,体育休闲服务,运动场馆,游泳馆,广东省,广州市,番禺区,113.359532,23.008428
168,广州美术学院-网球场,体育休闲服务,运动场馆,网球场,广东省,广州市,番禺区,113.381388,23.04001
169,赛点台球俱乐部,体育休闲服务,运动场馆,台球厅,广东省,广州市,番禺区,113.396456,22.983238
170,pk台球吧,体育休闲服务,运动场馆,台球厅,广东省,广州市,番禺区,113.388227,23.037604
171,时光篮球馆(番禺元岗校区),体育休闲服务,运动场馆,篮球场馆,广东省,广州市,番禺区,113.367039,23.012344
172,广州大学-南区篮球场,体育休闲服务,运动场馆,篮球场馆,广东省,广州市,番禺区,113.377496,23.038391
173,华南理工大学游泳中心,体育休闲服务,运动场馆,游泳馆,广东省,广州市,番禺区,113.404942,23.049636
174,番禺电缆集团有限公司羽毛球场,体育休闲服务,运动场馆,羽毛球场,广东省,广州市,番禺区,113.399293,22.988021
175,番禺喜喜足球俱乐部,体育休闲服务,运动场馆,足球场,广东省,广州市,番禺区,113.433038,23.038251
176,广州大学大学城校区何世杰体育馆,体育休闲服务,运动场馆,综合体育馆,广东省,广州市,番禺区,113.370532,23.043561
177,八达羽毛球馆,体育休闲服务,运动场馆,羽毛球场,广东省,广州市,番禺区,113.373209,22.994596
178,小张1990,体育休闲服务,运动场馆,台球厅,广东省,广州市,番禺区,113.422247,23.035915
179,华南理工大学南校区篮球场,体育休闲服务,运动场馆,篮球场馆,广东省,广州市,番禺区,113.403744,23.046559
180,华南理工大学大学城校区篮球场,体育休闲服务,运动场馆,篮球场馆,广东省,广州市,番禺区,113.404063,23.046681
181,雅居乐体育馆,体育休闲服务,运动场馆,综合体育馆,广东省,广州市,从化区,113.41244,23.622582
182,鳌头镇文化站桌球城,体育休闲服务,运动场馆,台球厅,广东省,广州市,从化区,113.42418,23.619762
183,广州医科大学篮球场,体育休闲服务,运动场馆,篮球场馆,广东省,广州市,番禺区,113.425664,23.045586
184,新造镇公园-乒乓球场,体育休闲服务,运动场馆,乒乓球馆,广东省,广州市,番禺区,113.421919,23.03572
185,华南理工大学大学城校区游泳中心,体育休闲服务,运动场馆,游泳馆,广东省,广州市,番禺区,113.404894,23.049427
186,147台球俱乐部,体育休闲服务,运动场馆,台球厅,广东省,广州市,番禺区,113.388762,22.977816
187,港头村八一广场篮球场,体育休闲服务,运动场馆,篮球场馆,广东省,广州市,花都区,113.39453,23.422096
188,英翔教育花侨游泳馆,体育休闲服务,运动场馆,游泳馆,广东省,广州市,花都区,113.373198,23.418161
189,金潭游泳场,体育休闲服务,运动场馆,游泳馆,广东省,广州市,白云区,113.402704,23.388865
190,钟落潭金潭游泳馆,体育休闲服务,运动场馆,游泳馆,广东省,广州市,白云区,113.402677,23.388752
191,勇者篮球馆,体育休闲服务,运动场馆,篮球场馆,广东省,广州市,白云区,113.400277,23.389164
192,长沙村篮球场,体育休闲服务,运动场馆,篮球场馆,广东省,广州市,白云区,113.413827,23.391343
193,九龙湖公主酒店-天然游泳池,体育休闲服务,运动场馆,游泳馆,广东省,广州市,花都区,113.415361,23.461667
194,锐盛国际跆拳道(钟落潭店),体育休闲服务,运动场馆,跆拳道场馆,广东省,广州市,白云区,113.402487,23.383092
195,文韬武略武术体育馆,体育休闲服务,运动场馆,综合体育馆,广东省,广州市,从化区,113.501698,23.467236
196,广州东方夏湾拿酒店-室外泳池,体育休闲服务,运动场馆,游泳馆,广东省,广州市,从化区,113.50036,23.473008
197,广州东方夏湾拿酒店-英式桌球室,体育休闲服务,运动场馆,台球厅,广东省,广州市,从化区,113.50036,23.473008
198,东方夏湾拿酒店-羽毛球场,体育休闲服务,运动场馆,羽毛球场,广东省,广州市,从化区,113.50036,23.473008
199,动杆8号台球旗舰店,体育休闲服务,运动场馆,台球厅,广东省,广州市,番禺区,113.363286,22.927885
200,陈涌公园-篮球场,体育休闲服务,运动场馆,篮球场馆,广东省,广州市,番禺区,113.367995,22.909323
201,新羽victor羽毛球馆(桥南店),体育休闲服务,运动场馆,羽毛球场,广东省,广州市,番禺区,113.367679,22.92953
202,瓦窑篮球场,体育休闲服务,运动场馆,篮球场馆,广东省,广州市,从化区,113.477748,23.591445
203,尚正跆拳道馆,体育休闲服务,运动场馆,跆拳道场馆,广东省,广州市,从化区,113.507136,23.57935
204,篮精灵智能自助篮球场(友利科技园店),体育休闲服务,运动场馆,篮球场馆,广东省,广州市,番禺区,113.361198,22.939655
205,星黑八台球,体育休闲服务,运动场馆,台球厅,广东省,广州市,番禺区,113.359828,22.94247
206,荣耀跆拳道馆,体育休闲服务,运动场馆,跆拳道场馆,广东省,广州市,番禺区,113.37116,22.937037
207,原素水果烘焙(大龙街旧水坑店),体育休闲服务,运动场馆,台球厅,广东省,广州市,番禺区,113.3953,22.963066
208,新陂球场,体育休闲服务,运动场馆,足球场,广东省,广州市,白云区,113.46227,23.352221
209,C4运动馆(大龙店),体育休闲服务,运动场馆,羽毛球场,广东省,广州市,番禺区,113.429901,22.957004
210,广州市老人院篮球场,体育休闲服务,运动场馆,篮球场馆,广东省,广州市,白云区,113.477487,23.424676
211,广州市志扬体育篮球训练中心,体育休闲服务,运动场馆,篮球场馆,广东省,广州市,从化区,113.484887,23.428236
212,147台球城,体育休闲服务,运动场馆,台球厅,广东省,广州市,从化区,113.483368,23.432553
213,尚博跆拳道馆(从化店),体育休闲服务,运动场馆,跆拳道场馆,广东省,广州市,从化区,113.484365,23.431886
214,壮元体适能训练馆,体育休闲服务,运动场馆,综合体育馆,广东省,广州市,黄埔区,113.477552,23.175415
215,创维篮球场,体育休闲服务,运动场馆,篮球场馆,广东省,广州市,黄埔区,113.477974,23.1728
216,黄埔区体育馆,体育休闲服务,运动场馆,综合体育馆,广东省,广州市,黄埔区,113.484025,23.17731
217,保利香雪山游泳馆,体育休闲服务,运动场馆,游泳馆,广东省,广州市,黄埔区,113.477527,23.177695
218,广州SG室内高尔夫,体育休闲服务,运动场馆,综合体育馆,广东省,广州市,黄埔区,113.465765,23.165804
219,室内恒温游泳馆,体育休闲服务,运动场馆,游泳馆,广东省,广州市,黄埔区,113.485077,23.185088
220,威克健身Victory,体育休闲服务,运动场馆,综合体育馆,广东省,广州市,黄埔区,113.497746,23.1737
221,同人足球俱乐部,体育休闲服务,运动场馆,足球场,广东省,广州市,黄埔区,113.470743,23.164046
222,云奥运动馆,体育休闲服务,运动场馆,综合体育馆,广东省,广州市,黄埔区,113.457302,23.173821
223,华蒙星少儿篮球俱乐部(鼎峰馆),体育休闲服务,运动场馆,篮球场馆,广东省,广州市,黄埔区,113.488884,23.177458
224,穗丰村篮球场,体育休闲服务,运动场馆,篮球场馆,广东省,广州市,白云区,113.453969,23.25816
225,体育馆(黄陂新村东区东)(暂停营业),体育休闲服务,运动场馆,综合体育馆,广东省,广州市,黄埔区,113.443774,23.191475
226,四海马术,体育休闲服务,运动场馆,马术俱乐部,广东省,广州市,番禺区,113.448154,23.021179
227,网吧桌球,体育休闲服务,运动场馆,台球厅,广东省,广州市,番禺区,113.460967,22.998519
228,广州市番禺区星祺捌台球棋牌有限公司,体育休闲服务,运动场馆,台球厅,广东省,广州市,番禺区,113.465445,23.027417
229,岭南佳园度假酒店-游泳池,体育休闲服务,运动场馆,游泳馆,广东省,广州市,番禺区,113.494937,22.986097
230,莲花山粤海度假村游泳池,体育休闲服务,运动场馆,游泳馆,广东省,广州市,番禺区,113.504899,22.990943
231,广州航海学院体育馆,体育休闲服务,运动场馆,综合体育馆,广东省,广州市,黄埔区,113.4797,23.098685
232,文船游泳场,体育休闲服务,运动场馆,游泳馆,广东省,广州市,黄埔区,113.480011,23.097186
233,文船生活区东区-篮球场,体育休闲服务,运动场馆,篮球场馆,广东省,广州市,黄埔区,113.478513,23.097455
234,人人乐桌球室,体育休闲服务,运动场馆,台球厅,广东省,广州市,黄埔区,113.478672,23.096315
235,东港花园-游泳池,体育休闲服务,运动场馆,游泳馆,广东省,广州市,黄埔区,113.473939,23.095744
236,黄埔区体育中心,体育休闲服务,运动场馆,综合体育馆,广东省,广州市,黄埔区,113.456636,23.114878
237,红山足球场,体育休闲服务,运动场馆,足球场,广东省,广州市,黄埔区,113.47802,23.097051
238,黄埔体育中心体育馆,体育休闲服务,运动场馆,综合体育馆,广东省,广州市,黄埔区,113.45839,23.114774
239,沙埔远洋宿舍篮球场,体育休闲服务,运动场馆,篮球场馆,广东省,广州市,黄埔区,113.488566,23.091078
240,广州航海学院足球场,体育休闲服务,运动场馆,足球场,广东省,广州市,黄埔区,113.48056,23.102334
241,黄埔区体育中心-足球场,体育休闲服务,运动场馆,足球场,广东省,广州市,黄埔区,113.45622,23.11372
242,石化游泳场,体育休闲服务,运动场馆,游泳馆,广东省,广州市,黄埔区,113.472205,23.106143
243,洛克台球俱乐部,体育休闲服务,运动场馆,台球厅,广东省,广州市,黄埔区,113.469536,23.105854
244,渡东篮球场,体育休闲服务,运动场馆,篮球场馆,广东省,广州市,黄埔区,113.46445,23.096464
245,育辉黄埔花园乒乓球馆,体育休闲服务,运动场馆,乒乓球馆,广东省,广州市,黄埔区,113.457384,23.099121
246,怡园小学-游泳馆,体育休闲服务,运动场馆,游泳馆,广东省,广州市,黄埔区,113.449282,23.102088
247,黄埔公园奥冠游泳乐园(黄埔公园店),体育休闲服务,运动场馆,游泳馆,广东省,广州市,黄埔区,113.451376,23.09811
248,南湾足球场,体育休闲服务,运动场馆,足球场,广东省,广州市,黄埔区,113.511074,23.07752
249,吉拉德桌球会,体育休闲服务,运动场馆,台球厅,广东省,广州市,黄埔区,113.450938,23.110168
250,黄埔区体育中心网球场,体育休闲服务,运动场馆,网球场,广东省,广州市,黄埔区,113.45509,23.114062
251,横沙羽毛球场,体育休闲服务,运动场馆,羽毛球场,广东省,广州市,黄埔区,113.450719,23.110014
252,华蒙星少儿篮球俱乐部(星荟城馆),体育休闲服务,运动场馆,篮球场馆,广东省,广州市,黄埔区,113.444531,23.097235
253,黄埔区体育中心室外球场,体育休闲服务,运动场馆,篮球场馆,广东省,广州市,黄埔区,113.455001,23.114455
254,北野桌球,体育休闲服务,运动场馆,台球厅,广东省,广州市,黄埔区,113.444087,23.103852
255,聚友台球(夏园新圩路),体育休闲服务,运动场馆,台球厅,广东省,广州市,黄埔区,113.514875,23.08242
256,安安羽毛球馆,体育休闲服务,运动场馆,羽毛球场,广东省,广州市,黄埔区,113.518399,23.085557
257,城门桌球室,体育休闲服务,运动场馆,台球厅,广东省,广州市,黄埔区,113.43986,23.108306
258,一杆清台球棋牌连锁俱乐部,体育休闲服务,运动场馆,台球厅,广东省,广州市,黄埔区,113.515303,23.081349
259,桌球休闲,体育休闲服务,运动场馆,台球厅,广东省,广州市,黄埔区,113.510066,23.063449
260,中武联善雅跆拳道(舞圆六色分馆),体育休闲服务,运动场馆,跆拳道场馆,广东省,广州市,黄埔区,113.444286,23.098859
261,婉兰体育馆,体育休闲服务,运动场馆,综合体育馆,广东省,广州市,花都区,113.092643,23.411791
262,8号桌球(暂停营业),体育休闲服务,运动场馆,台球厅,广东省,广州市,花都区,113.092256,23.405756
263,吾空台球(暂停营业),体育休闲服务,运动场馆,台球厅,广东省,广州市,花都区,113.092204,23.405957
264,蓝田村老人活动中心篮球场,体育休闲服务,运动场馆,篮球场馆,广东省,广州市,花都区,113.046335,23.389861
265,狮岭镇体育馆,体育休闲服务,运动场馆,综合体育馆,广东省,广州市,花都区,113.157843,23.470139
266,飞鱼游泳馆,体育休闲服务,运动场馆,游泳馆,广东省,广州市,花都区,113.154957,23.467425
267,台球吧,体育休闲服务,运动场馆,台球厅,广东省,广州市,花都区,113.15862,23.466827
268,朱屋篮球场,体育休闲服务,运动场馆,篮球场馆,广东省,广州市,花都区,113.183051,23.473378
269,金碧御水山庄游泳池,体育休闲服务,运动场馆,游泳馆,广东省,广州市,花都区,113.196387,23.483292
270,团结三队篮球场,体育休闲服务,运动场馆,篮球场馆,广东省,广州市,花都区,113.178822,23.46068
271,兵团桌球室,体育休闲服务,运动场馆,台球厅,广东省,广州市,花都区,113.161343,23.462916
272,风云台球俱乐部,体育休闲服务,运动场馆,台球厅,广东省,广州市,花都区,113.155604,23.462376
273,洞杆台球城,体育休闲服务,运动场馆,台球厅,广东省,广州市,花都区,113.177743,23.466018
274,水灵子舞蹈(神山校区),体育休闲服务,运动场馆,综合体育馆,广东省,广州市,白云区,113.184127,23.332587
275,五丰足球体育公园,体育休闲服务,运动场馆,足球场,广东省,广州市,白云区,113.179598,23.326661
276,贝拉游泳馆,体育休闲服务,运动场馆,游泳馆,广东省,广州市,花都区,113.188048,23.368452
277,康源篮球馆,体育休闲服务,运动场馆,篮球场馆,广东省,广州市,花都区,113.187863,23.368552
278,天之城足球场,体育休闲服务,运动场馆,足球场,广东省,广州市,花都区,113.197068,23.371888
279,小虎篮球,体育休闲服务,运动场馆,篮球场馆,广东省,广州市,花都区,113.196708,23.371515
280,华南理工大学广州学院-体育中心,体育休闲服务,运动场馆,综合体育馆,广东省,广州市,花都区,113.172124,23.435239
281,广州工商学院体育馆,体育休闲服务,运动场馆,综合体育馆,广东省,广州市,花都区,113.180836,23.440919
282,花都东风体育馆,体育休闲服务,运动场馆,综合体育馆,广东省,广州市,花都区,113.152565,23.376982
283,聚龙篮球场,体育休闲服务,运动场馆,篮球场馆,广东省,广州市,花都区,113.16237,23.397922
284,东风日产体育场,体育休闲服务,运动场馆,综合体育馆,广东省,广州市,花都区,113.152184,23.378733
285,花都区能量球馆,体育休闲服务,运动场馆,综合体育馆,广东省,广州市,花都区,113.188394,23.411581
286,领汇运动场,体育休闲服务,运动场馆,篮球场馆,广东省,广州市,花都区,113.188111,23.420867
287,唯万游泳健身,体育休闲服务,运动场馆,游泳馆,广东省,广州市,花都区,113.186779,23.420519
288,唯万游泳馆,体育休闲服务,运动场馆,游泳馆,广东省,广州市,花都区,113.186941,23.420654
289,雅居乐游泳馆,体育休闲服务,运动场馆,游泳馆,广东省,广州市,花都区,113.188895,23.420205
290,锦城运动城,体育休闲服务,运动场馆,篮球场馆,广东省,广州市,花都区,113.186609,23.414741
291,隽悦豪庭游泳池,体育休闲服务,运动场馆,游泳馆,广东省,广州市,花都区,113.193809,23.417615
292,菲尚游泳馆,体育休闲服务,运动场馆,游泳馆,广东省,广州市,花都区,113.188057,23.421523
293,风神公社小区游泳池(碧泽游泳池管理公司),体育休闲服务,运动场馆,游泳馆,广东省,广州市,花都区,113.156114,23.384069
294,保利高尔夫郡游泳池,体育休闲服务,运动场馆,游泳馆,广东省,广州市,花都区,113.154281,23.375491
295,广东81轮滑,体育休闲服务,运动场馆,溜冰场,广东省,广州市,花都区,113.188057,23.420792
296,FSL羽毛球馆,体育休闲服务,运动场馆,羽毛球场,广东省,广州市,花都区,113.170365,23.390336
297,魔方棋牌台球,体育休闲服务,运动场馆,台球厅,广东省,广州市,花都区,113.189018,23.421281
298,力健球馆,体育休闲服务,运动场馆,羽毛球场,广东省,广州市,花都区,113.194633,23.384851
299,莱卡恒温游泳健身俱乐部(保利店),体育休闲服务,运动场馆,游泳馆,广东省,广州市,花都区,113.161739,23.375233
300,优力游泳健身狮岭店,体育休闲服务,运动场馆,游泳馆,广东省,广州市,花都区,113.188595,23.444529
301,乐旋乒乓球(广州雅乐城店),体育休闲服务,运动场馆,乒乓球馆,广东省,广州市,花都区,113.189887,23.423252
302,御盛马场,体育休闲服务,运动场馆,赛马场,广东省,广州市,花都区,113.124341,23.413598
303,中国体育中心,体育休闲服务,运动场馆,综合体育馆,广东省,广州市,花都区,113.193654,23.374271
304,康贝篮球训练营,体育休闲服务,运动场馆,篮球场馆,广东省,广州市,花都区,113.198192,23.373564
305,延隆跆拳道馆,体育休闲服务,运动场馆,跆拳道场馆,广东省,广州市,花都区,113.19441,23.415897
306,广州王子马术会,体育休闲服务,运动场馆,马术俱乐部,广东省,广州市,花都区,113.119677,23.375434
307,石滩体育馆,体育休闲服务,运动场馆,综合体育馆,广东省,广州市,增城区,113.798414,23.18504
308,思高体育馆,体育休闲服务,运动场馆,综合体育馆,广东省,广州市,增城区,113.798309,23.185003
309,正曦跆拳道馆,体育休闲服务,运动场馆,跆拳道场馆,广东省,广州市,增城区,113.796772,23.170904
310,绅度台球俱乐部,体育休闲服务,运动场馆,台球厅,广东省,广州市,增城区,113.78871,23.179716
311,绿湖游泳馆,体育休闲服务,运动场馆,游泳馆,广东省,广州市,增城区,113.789103,23.198647
312,向北篮球馆,体育休闲服务,运动场馆,篮球场馆,广东省,广州市,增城区,113.772356,23.204699
313,鸦岗足球场,体育休闲服务,运动场馆,足球场,广东省,广州市,白云区,113.188634,23.228126
314,友谊台球室,体育休闲服务,运动场馆,台球厅,广东省,广州市,白云区,113.192904,23.231609
315,广州华商学院-综合馆,体育休闲服务,运动场馆,综合体育馆,广东省,广州市,增城区,113.77679,23.256767
316,天然游泳场,体育休闲服务,运动场馆,游泳馆,广东省,广州市,增城区,113.832308,23.247713
317,起点羽毛球运动馆,体育休闲服务,运动场馆,羽毛球场,广东省,广州市,增城区,113.814336,23.265772
318,润悦体育馆,体育休闲服务,运动场馆,综合体育馆,广东省,广州市,增城区,113.769989,23.280247
319,水粒方恒温泳馆,体育休闲服务,运动场馆,游泳馆,广东省,广州市,增城区,113.782772,23.283465
320,奥申早教游泳俱乐部,体育休闲服务,运动场馆,游泳馆,广东省,广州市,增城区,113.808968,23.286678
321,从化湖光度假山庄网球场,体育休闲服务,运动场馆,网球场,广东省,广州市,从化区,113.788794,23.742027
322,流溪河湖光度假山庄-台球室,体育休闲服务,运动场馆,台球厅,广东省,广州市,从化区,113.787767,23.741897
323,广州三英温泉度假酒店-游泳池,体育休闲服务,运动场馆,游泳馆,广东省,广州市,增城区,113.782547,23.558914
324,广州白水寨嘉华温泉酒店游泳池(暂停营业),体育休闲服务,运动场馆,游泳馆,广东省,广州市,增城区,113.76916,23.556704
325,诚健体育,体育休闲服务,运动场馆,综合体育馆,广东省,广州市,增城区,113.812736,23.295348
326,泊爵游泳馆(暂停营业),体育休闲服务,运动场馆,游泳馆,广东省,广州市,增城区,113.797879,23.299291
327,正曦跆拳道馆(宏胜馆),体育休闲服务,运动场馆,跆拳道场馆,广东省,广州市,增城区,113.831165,23.294394
328,增城体育馆,体育休闲服务,运动场馆,综合体育馆,广东省,广州市,增城区,113.846082,23.29077
329,新光一号篮球训练营,体育休闲服务,运动场馆,篮球场馆,广东省,广州市,增城区,113.848803,23.273362
330,枭雄体育篮球馆,体育休闲服务,运动场馆,篮球场馆,广东省,广州市,增城区,113.848817,23.273401
331,冠篮主题公园篮球场,体育休闲服务,运动场馆,篮球场馆,广东省,广州市,增城区,113.846725,23.277648
332,新田村篮球场,体育休闲服务,运动场馆,篮球场馆,广东省,广州市,增城区,113.865124,23.185061
333,淳武堂跆拳道(三江分馆),体育休闲服务,运动场馆,跆拳道场馆,广东省,广州市,增城区,113.850471,23.187121
334,广州蓄能水电厂双湖保龄球馆,体育休闲服务,运动场馆,保龄球馆,广东省,广州市,从化区,113.958512,23.766205
335,河滨泳场(装修中),体育休闲服务,运动场馆,游泳馆,广东省,广州市,从化区,113.593557,23.548307
336,从化区飞翔乒乓球俱乐部,体育休闲服务,运动场馆,乒乓球馆,广东省,广州市,从化区,113.573732,23.557894
337,旺城羽毛球馆,体育休闲服务,运动场馆,羽毛球场,广东省,广州市,从化区,113.566905,23.55689
338,韵妃泡泡堂游泳馆(育新路店),体育休闲服务,运动场馆,游泳馆,广东省,广州市,从化区,113.586296,23.543365
339,华蒙星少儿篮球,体育休闲服务,运动场馆,篮球场馆,广东省,广州市,从化区,113.595722,23.543804
340,尚正跆拳道,体育休闲服务,运动场馆,跆拳道场馆,广东省,广州市,从化区,113.590597,23.550455
341,星牌桌球城,体育休闲服务,运动场馆,台球厅,广东省,广州市,从化区,113.588178,23.545837
342,贤德跆拳道,体育休闲服务,运动场馆,跆拳道场馆,广东省,广州市,从化区,113.597513,23.538004
343,华南农业大学珠江学院体育馆,体育休闲服务,运动场馆,综合体育馆,广东省,广州市,从化区,113.58042,23.511727
344,逸泉国际大酒店温泉,体育休闲服务,运动场馆,海滨浴场,广东省,广州市,从化区,113.567967,23.50713
345,华南农业大学珠江学院篮球场,体育休闲服务,运动场馆,篮球场馆,广东省,广州市,从化区,113.579948,23.510999
346,华南农业大学珠江学院篮球场,体育休闲服务,运动场馆,篮球场馆,广东省,广州市,从化区,113.5788,23.512249
347,锐盛国际跆拳道(神岗馆),体育休闲服务,运动场馆,跆拳道场馆,广东省,广州市,从化区,113.535557,23.490799
348,立美月卡恒温游泳健身旗舰店,体育休闲服务,运动场馆,游泳馆,广东省,广州市,从化区,113.588511,23.529264
349,九哥农场万镇游泳池,体育休闲服务,运动场馆,游泳馆,广东省,广州市,黄埔区,113.56567,23.252642
350,迳头二社篮球场,体育休闲服务,运动场馆,篮球场馆,广东省,广州市,黄埔区,113.573212,23.264125
351,上境篮球场,体育休闲服务,运动场馆,篮球场馆,广东省,广州市,黄埔区,113.568712,23.280764
352,麻将台球,体育休闲服务,运动场馆,台球厅,广东省,广州市,黄埔区,113.584898,23.278741
353,广州市黄埔区正曦跆拳道馆(九龙馆),体育休闲服务,运动场馆,跆拳道场馆,广东省,广州市,黄埔区,113.581912,23.277147
354,阳光游泳健身(绿地缤纷城店),体育休闲服务,运动场馆,游泳馆,广东省,广州市,黄埔区,113.548497,23.323576
355,广州何庆明咏春拳馆,体育休闲服务,运动场馆,综合体育馆,广东省,广州市,黄埔区,113.539079,23.334893
356,广州康大职业技术学院-游泳馆,体育休闲服务,运动场馆,游泳馆,广东省,广州市,黄埔区,113.565745,23.309342
357,广州商学院-羽毛球场,体育休闲服务,运动场馆,羽毛球场,广东省,广州市,黄埔区,113.563246,23.313184
358,庆盛村篮球场,体育休闲服务,运动场馆,篮球场馆,广东省,广州市,南沙区,113.486998,22.861614
359,文仔篮球场,体育休闲服务,运动场馆,篮球场馆,广东省,广州市,南沙区,113.4644,22.865921
360,博越体育馆,体育休闲服务,运动场馆,综合体育馆,广东省,广州市,南沙区,113.508031,22.833195
361,黄阁博越羽毛球馆,体育休闲服务,运动场馆,综合体育馆,广东省,广州市,南沙区,113.507989,22.83334
362,飞驰轮滑运动中心,体育休闲服务,运动场馆,溜冰场,广东省,广州市,南沙区,113.453164,22.882147
363,麒麟游泳健身,体育休闲服务,运动场馆,游泳馆,广东省,广州市,南沙区,113.506819,22.820756
364,广州亚运体育馆,体育休闲服务,运动场馆,综合体育馆,广东省,广州市,番禺区,113.481991,22.941686
365,宝贝游吧(亚运城广场),体育休闲服务,运动场馆,综合体育馆,广东省,广州市,番禺区,113.476066,22.941519
366,华蒙星少儿篮球俱乐部(亚运城店),体育休闲服务,运动场馆,篮球场馆,广东省,广州市,番禺区,113.480192,22.941794
367,旋风轮滑冰球(亚运城体育馆),体育休闲服务,运动场馆,溜冰场,广东省,广州市,番禺区,113.481321,22.942395
368,华蒙星少儿篮球俱乐部(广州亚运馆),体育休闲服务,运动场馆,篮球场馆,广东省,广州市,番禺区,113.481102,22.942469
369,广州亚运城综合体育馆壁球馆,体育休闲服务,运动场馆,壁球场,广东省,广州市,番禺区,113.480802,22.942017
370,乐旋乒乓球(广州亚运城店),体育休闲服务,运动场馆,乒乓球馆,广东省,广州市,番禺区,113.482456,22.94482
371,南沙体育馆,体育休闲服务,运动场馆,综合体育馆,广东省,广州市,南沙区,113.513983,22.782518
372,南沙体育馆网球场,体育休闲服务,运动场馆,网球场,广东省,广州市,南沙区,113.51166,22.782024
373,南沙钧泰国际网球中心,体育休闲服务,运动场馆,网球场,广东省,广州市,南沙区,113.513089,22.781829
374,豪群联盟篮球俱乐部,体育休闲服务,运动场馆,篮球场馆,广东省,广州市,南沙区,113.514515,22.781318
375,南沙钧泰国际网球中心北区,体育休闲服务,运动场馆,网球场,广东省,广州市,南沙区,113.513981,22.782503
376,林丹羽毛球俱乐部,体育休闲服务,运动场馆,羽毛球场,广东省,广州市,南沙区,113.514891,22.781652
377,赤岗公园-篮球场,体育休闲服务,运动场馆,篮球场馆,广东省,广州市,番禺区,113.481996,22.962571
378,豆丁谷游泳馆,体育休闲服务,运动场馆,游泳馆,广东省,广州市,番禺区,113.489619,22.970053
379,热浪游泳馆,体育休闲服务,运动场馆,游泳馆,广东省,广州市,番禺区,113.485356,22.971822
380,武哥桌球室,体育休闲服务,运动场馆,台球厅,广东省,广州市,番禺区,113.482014,22.961888
381,华邦台球,体育休闲服务,运动场馆,台球厅,广东省,广州市,番禺区,113.485773,22.972675
382,时光台球俱乐部,体育休闲服务,运动场馆,台球厅,广东省,广州市,番禺区,113.44081,22.947256
383,润德国际跆拳道(石楼店),体育休闲服务,运动场馆,跆拳道场馆,广东省,广州市,番禺区,113.48603,22.96306
384,万丰温泉酒店-室内游泳池,体育休闲服务,运动场馆,游泳馆,广东省,广州市,从化区,113.64661,23.64097
385,国标球城俱乐部,体育休闲服务,运动场馆,台球厅,广东省,广州市,从化区,113.655806,23.645542
386,凯旋假日酒店体育馆,体育休闲服务,运动场馆,综合体育馆,广东省,广州市,从化区,113.610133,23.52862
387,凯旋水会,体育休闲服务,运动场馆,台球厅,广东省,广州市,从化区,113.609658,23.529118
388,东尔桌球室,体育休闲服务,运动场馆,台球厅,广东省,广州市,从化区,113.605214,23.530064
389,篮球场,体育休闲服务,运动场馆,篮球场馆,广东省,广州市,从化区,113.612905,23.524059
390,羽协球馆,体育休闲服务,运动场馆,羽毛球场,广东省,广州市,从化区,113.599398,23.532625
391,东尔台球城,体育休闲服务,运动场馆,台球厅,广东省,广州市,从化区,113.605343,23.530051
392,从化体育馆,体育休闲服务,运动场馆,综合体育馆,广东省,广州市,从化区,113.602112,23.536364
393,新围足球场,体育休闲服务,运动场馆,足球场,广东省,广州市,从化区,113.664691,23.574046
394,七星体育公园-体育馆,体育休闲服务,运动场馆,综合体育馆,广东省,广州市,从化区,113.602245,23.536516
395,胖哥台球厅,体育休闲服务,运动场馆,台球厅,广东省,广州市,从化区,113.614895,23.558514
396,东风530篮球俱乐部,体育休闲服务,运动场馆,篮球场馆,广东省,广州市,从化区,113.599433,23.552791
397,从化区香港赛马会七星体育公园5人足球场,体育休闲服务,运动场馆,足球场,广东省,广州市,从化区,113.601632,23.536624
398,七星体育公园-乒乓球场,体育休闲服务,运动场馆,乒乓球馆,广东省,广州市,从化区,113.601605,23.536476
399,海伦堡花园游泳池,体育休闲服务,运动场馆,游泳馆,广东省,广州市,增城区,113.556228,23.101161
400,南碱厂篮球场,体育休闲服务,运动场馆,篮球场馆,广东省,广州市,黄埔区,113.567848,23.091359
401,绿茵篮球场,体育休闲服务,运动场馆,篮球场馆,广东省,广州市,黄埔区,113.552296,23.100292
402,力宝格健身游泳(南岗店),体育休闲服务,运动场馆,游泳馆,广东省,广州市,黄埔区,113.548446,23.10185
403,首创健身游泳(佳兆业店),体育休闲服务,运动场馆,游泳馆,广东省,广州市,黄埔区,113.550331,23.102463
404,凤凰城游泳池,体育休闲服务,运动场馆,游泳馆,广东省,广州市,增城区,113.575542,23.12778
405,星耀台球俱乐部,体育休闲服务,运动场馆,台球厅,广东省,广州市,增城区,113.567583,23.103175
406,启航Le运动球馆,体育休闲服务,运动场馆,综合体育馆,广东省,广州市,增城区,113.583137,23.109877
407,永和足球场,体育休闲服务,运动场馆,足球场,广东省,广州市,黄埔区,113.565957,23.176473
408,辛巴体育(中海誉城店),体育休闲服务,运动场馆,综合体育馆,广东省,广州市,黄埔区,113.528822,23.160943
409,兴旺桌球城,体育休闲服务,运动场馆,台球厅,广东省,广州市,黄埔区,113.56276,23.190658
410,红棉花园-游泳池,体育休闲服务,运动场馆,游泳馆,广东省,广州市,黄埔区,113.553632,23.199716
411,永岗羽毛球馆,体育休闲服务,运动场馆,羽毛球场,广东省,广州市,黄埔区,113.569679,23.188945
412,羽括羽毛球馆,体育休闲服务,运动场馆,羽毛球场,广东省,广州市,黄埔区,113.574725,23.184039
413,红棉花园游泳场,体育休闲服务,运动场馆,游泳馆,广东省,广州市,黄埔区,113.553822,23.199281
414,汇星隆台球俱乐部,体育休闲服务,运动场馆,台球厅,广东省,广州市,黄埔区,113.565914,23.1913
415,嘟嘟乐游泳馆,体育休闲服务,运动场馆,游泳馆,广东省,广州市,增城区,113.589398,23.178514
416,豪华桌球室,体育休闲服务,运动场馆,台球厅,广东省,广州市,黄埔区,113.564798,23.191187
417,华峰中学游泳场,体育休闲服务,运动场馆,游泳馆,广东省,广州市,黄埔区,113.563153,23.197774
418,银爵足球俱乐部,体育休闲服务,运动场馆,足球场,广东省,广州市,黄埔区,113.539208,23.142741
419,甘竹台球室,体育休闲服务,运动场馆,台球厅,广东省,广州市,黄埔区,113.560454,23.199507
420,阿敏台球,体育休闲服务,运动场馆,台球厅,广东省,广州市,黄埔区,113.560625,23.201028
421,蓝贝湾体育中心,体育休闲服务,运动场馆,综合体育馆,广东省,广州市,南沙区,113.562538,22.803156
422,体育馆,体育休闲服务,运动场馆,综合体育馆,广东省,广州市,南沙区,113.546679,22.798199
423,南沙乒乓球俱乐部,体育休闲服务,运动场馆,乒乓球馆,广东省,广州市,南沙区,113.5414,22.772224
424,青青桌球室,体育休闲服务,运动场馆,台球厅,广东省,广州市,南沙区,113.550812,22.791219
425,腾龙篮球馆,体育休闲服务,运动场馆,篮球场馆,广东省,广州市,南沙区,113.548821,22.792561
426,犀利桌球室,体育休闲服务,运动场馆,台球厅,广东省,广州市,南沙区,113.563997,22.754255
427,南沙街体育中心,体育休闲服务,运动场馆,综合体育馆,广东省,广州市,南沙区,113.579694,22.748
428,广州亿达足球俱乐部,体育休闲服务,运动场馆,足球场,广东省,广州市,南沙区,113.518723,22.87527
429,南沙儿童公园-五人足球场,体育休闲服务,运动场馆,足球场,广东省,广州市,南沙区,113.541262,22.819241
430,广州市南沙区聚星羽毛球馆,体育休闲服务,运动场馆,羽毛球场,广东省,广州市,南沙区,113.548255,22.792739
431,极酷轮滑俱乐部,体育休闲服务,运动场馆,溜冰场,广东省,广州市,南沙区,113.534638,22.792792
432,广州市南沙区万顷沙镇教育文化体育中心,体育休闲服务,运动场馆,综合体育馆,广东省,广州市,南沙区,113.552281,22.707584
433,沙美士多,体育休闲服务,运动场馆,台球厅,广东省,广州市,南沙区,113.543202,22.699552
434,南沙区珠江街文化体育中心,体育休闲服务,运动场馆,综合体育馆,广东省,广州市,南沙区,113.544472,22.700955
435,灵动跆拳道,体育休闲服务,运动场馆,跆拳道场馆,广东省,广州市,南沙区,113.548416,22.703381
436,敬杰跆拳道,体育休闲服务,运动场馆,跆拳道场馆,广东省,广州市,南沙区,113.543383,22.699723
437,九冲桌球室,体育休闲服务,运动场馆,台球厅,广东省,广州市,南沙区,113.5735,22.675899
438,海力花园酒店-游泳池(暂停营业),体育休闲服务,运动场馆,游泳馆,广东省,广州市,南沙区,113.57466,22.79942
439,精英桌球室,体育休闲服务,运动场馆,台球厅,广东省,广州市,南沙区,113.57622,22.749033
440,碧桂园天玺湾-1号篮球场,体育休闲服务,运动场馆,篮球场馆,广东省,广州市,南沙区,113.579229,22.802837
441,君璐桌球室,体育休闲服务,运动场馆,台球厅,广东省,广州市,南沙区,113.647442,22.690564
442,篮球场,体育休闲服务,运动场馆,篮球场馆,广东省,广州市,南沙区,113.593334,22.749481
443,米高冰锋轮滑(南沙万达校区),体育休闲服务,运动场馆,溜冰场,广东省,广州市,南沙区,113.53157,22.794388
444,命脉篮球(叠翠峰店),体育休闲服务,运动场馆,篮球场馆,广东省,广州市,南沙区,113.520804,22.794704
445,广州南沙奥园酒店-网球场,体育休闲服务,运动场馆,网球场,广东省,广州市,南沙区,113.594336,22.751934
446,白藤滘村篮球场,体育休闲服务,运动场馆,篮球场馆,广东省,广州市,南沙区,113.570859,22.800087
447,一棵松跆拳道,体育休闲服务,运动场馆,跆拳道场馆,广东省,广州市,南沙区,113.575131,22.750999
448,奥园康体中心恒温游泳馆,体育休闲服务,运动场馆,游泳馆,广东省,广州市,南沙区,113.594354,22.751918
449,东井球馆,体育休闲服务,运动场馆,羽毛球场,广东省,广州市,南沙区,113.592152,22.76373
450,功成跆拳道,体育休闲服务,运动场馆,跆拳道场馆,广东省,广州市,南沙区,113.576126,22.75099
451,曜武跆拳道训练营,体育休闲服务,运动场馆,跆拳道场馆,广东省,广州市,南沙区,113.57708,22.747754
452,骏鹰跆拳道,体育休闲服务,运动场馆,跆拳道场馆,广东省,广州市,南沙区,113.546553,22.804169
453,曜武国际跆拳道,体育休闲服务,运动场馆,跆拳道场馆,广东省,广州市,南沙区,113.577396,22.747806
454,骏马跆拳道,体育休闲服务,运动场馆,跆拳道场馆,广东省,广州市,南沙区,113.546493,22.804225
455,南沙滨海泳场,体育休闲服务,运动场馆,海滨浴场,广东省,广州市,南沙区,113.621936,22.758519
456,南沙大酒店-游泳池,体育休闲服务,运动场馆,游泳馆,广东省,广州市,南沙区,113.614914,22.766314
457,南沙区新垦学校游泳场,体育休闲服务,运动场馆,游泳馆,广东省,广州市,南沙区,113.601946,22.640048
458,衔南沙资讯科技园足球场,体育休闲服务,运动场馆,足球场,广东省,广州市,南沙区,113.609166,22.748809
459,精英桌球馆,体育休闲服务,运动场馆,台球厅,广东省,广州市,增城区,113.634953,23.364073
460,星羽羽毛球馆,体育休闲服务,运动场馆,羽毛球场,广东省,广州市,增城区,113.625274,23.294371
461,正能跆拳道馆,体育休闲服务,运动场馆,跆拳道场馆,广东省,广州市,增城区,113.613245,23.298597
462,途乐篮球运动场,体育休闲服务,运动场馆,篮球场馆,广东省,广州市,增城区,113.655313,23.165633
463,广汽本田汽车有限公司增城工厂足球场,体育休闲服务,运动场馆,足球场,广东省,广州市,增城区,113.650281,23.167995
464,上岭球场,体育休闲服务,运动场馆,综合体育馆,广东省,广州市,增城区,113.662739,23.16775
465,黑8一桌球,体育休闲服务,运动场馆,台球厅,广东省,广州市,增城区,113.657404,23.166362
466,黑8桌球,体育休闲服务,运动场馆,台球厅,广东省,广州市,增城区,113.657499,23.166338
467,黑8桌球,体育休闲服务,运动场馆,台球厅,广东省,广州市,增城区,113.657402,23.166332
468,君见台球室,体育休闲服务,运动场馆,台球厅,广东省,广州市,增城区,113.640363,23.152433
469,顺欣游泳馆,体育休闲服务,运动场馆,游泳馆,广东省,广州市,增城区,113.616363,23.146516
470,冯村篮球场,体育休闲服务,运动场馆,篮球场馆,广东省,广州市,增城区,113.644696,23.231288
471,大浪篮球场,体育休闲服务,运动场馆,篮球场馆,广东省,广州市,增城区,113.655225,23.232484
472,宁西石迳村游泳池,体育休闲服务,运动场馆,游泳馆,广东省,广州市,增城区,113.67461,23.233653
473,金地·荔湖城羽毛球场,体育休闲服务,运动场馆,羽毛球场,广东省,广州市,增城区,113.601732,23.218222
474,荔湖城游泳池,体育休闲服务,运动场馆,游泳馆,广东省,广州市,增城区,113.606865,23.215363
475,荔湖城水立方二街篮球场,体育休闲服务,运动场馆,篮球场馆,广东省,广州市,增城区,113.601982,23.217343
476,广州南方学院体育馆,体育休闲服务,运动场馆,综合体育馆,广东省,广州市,从化区,113.681402,23.633659
477,从化马场,体育休闲服务,运动场馆,赛马场,广东省,广州市,从化区,113.719837,23.686731
478,广州马术场,体育休闲服务,运动场馆,赛马场,广东省,广州市,从化区,113.71657,23.687679
479,桌球室,体育休闲服务,运动场馆,台球厅,广东省,广州市,增城区,113.732316,23.276
480,炎耀泓熙跆拳道,体育休闲服务,运动场馆,跆拳道场馆,广东省,广州市,增城区,113.7028,23.27343
481,石迳路-篮球场,体育休闲服务,运动场馆,篮球场馆,广东省,广州市,增城区,113.685457,23.363117
482,官厅村篮球场,体育休闲服务,运动场馆,篮球场馆,广东省,广州市,增城区,113.721022,23.173678
483,健雅跆拳道馆,体育休闲服务,运动场馆,跆拳道场馆,广东省,广州市,增城区,113.718796,23.167015
