,黄冈牛剑小学,科教文化服务,学校,小学,广东省,广州市,花都区,113.24244,23.413392
0,黄冈中学广州学校实验小学,科教文化服务,学校,小学,广东省,广州市,花都区,113.236054,23.419135
1,花都区骏威小学,科教文化服务,学校,小学,广东省,广州市,花都区,113.231809,23.40588
2,团结小学,科教文化服务,学校,小学,广东省,广州市,花都区,113.230234,23.419156
3,广州市花都区骏威小学(三东校区),科教文化服务,学校,小学,广东省,广州市,花都区,113.233333,23.412137
4,新和小学,科教文化服务,学校,小学,广东省,广州市,花都区,113.255482,23.412689
5,新庄小学(分教点),科教文化服务,学校,小学,广东省,广州市,花都区,113.234487,23.484401
6,新庄小学,科教文化服务,学校,小学,广东省,广州市,花都区,113.232636,23.47717
7,新扬小学,科教文化服务,学校,小学,广东省,广州市,花都区,113.205951,23.472425
8,旗新小学,科教文化服务,学校,小学,广东省,广州市,花都区,113.217541,23.482383
9,广州市花都区狮岭镇冠华第二小学,科教文化服务,学校,小学,广东省,广州市,花都区,113.216469,23.49309
10,和郁小学,科教文化服务,学校,小学,广东省,广州市,花都区,113.238093,23.459396
11,新民小学,科教文化服务,学校,小学,广东省,广州市,花都区,113.215779,23.469948
12,民安小学,科教文化服务,科教文化场所,科教文化场所,广东省,广州市,花都区,113.277028,23.506486
13,大朗小学(建设中),科教文化服务,科教文化场所,科教文化场所,广东省,广州市,白云区,113.244448,23.245452
14,广州市白云区石马小学,科教文化服务,科教文化场所,科教文化场所,广东省,广州市,白云区,113.259049,23.258925
15,江高镇中心小学,科教文化服务,科教文化场所,科教文化场所,广东省,广州市,白云区,113.230834,23.27185
16,清湖小学,科教文化服务,科教文化场所,科教文化场所,广东省,广州市,白云区,113.269342,23.258666
17,唐阁小学,科教文化服务,科教文化场所,科教文化场所,广东省,广州市,白云区,113.237213,23.265052
18,锦阳小学,科教文化服务,科教文化场所,科教文化场所,广东省,广州市,白云区,113.254901,23.250687
19,望岗小学,科教文化服务,科教文化场所,科教文化场所,广东省,广州市,白云区,113.274876,23.236589
20,平沙小学,科教文化服务,科教文化场所,科教文化场所,广东省,广州市,白云区,113.257894,23.251475
21,江村小学,科教文化服务,科教文化场所,科教文化场所,广东省,广州市,白云区,113.235009,23.276719
22,双岗小学,科教文化服务,科教文化场所,科教文化场所,广东省,广州市,白云区,113.229401,23.323779
23,花都区新雅街东塘小学,科教文化服务,科教文化场所,科教文化场所,广东省,广州市,花都区,113.241396,23.347695
24,水沥小学,科教文化服务,科教文化场所,科教文化场所,广东省,广州市,白云区,113.236891,23.312296
25,小学中英数托管辅导,科教文化服务,科教文化场所,科教文化场所,广东省,广州市,白云区,113.229487,23.324284
26,芳村小学,科教文化服务,科教文化场所,科教文化场所,广东省,广州市,荔湾区,113.238699,23.085112
27,广州市荔湾区芳村实验小学,科教文化服务,科教文化场所,科教文化场所,广东省,广州市,荔湾区,113.238073,23.096213
28,合兴苑小学,科教文化服务,科教文化场所,科教文化场所,广东省,广州市,荔湾区,113.231662,23.093461
29,康有为纪念小学,科教文化服务,科教文化场所,科教文化场所,广东省,广州市,荔湾区,113.233078,23.099256
30,沙面小学(本校区),科教文化服务,科教文化场所,科教文化场所,广东省,广州市,荔湾区,113.245439,23.107322
31,葵蓬小学,科教文化服务,科教文化场所,科教文化场所,广东省,广州市,荔湾区,113.21657,23.090842
32,精博中英文小学,科教文化服务,科教文化场所,科教文化场所,广东省,广州市,荔湾区,113.245577,23.081844
33,鸿图苑小学,科教文化服务,科教文化场所,科教文化场所,广东省,广州市,荔湾区,113.22545,23.085477
34,积德花园小学,科教文化服务,科教文化场所,科教文化场所,广东省,广州市,白云区,113.237429,23.172871
35,同心小学,科教文化服务,科教文化场所,科教文化场所,广东省,广州市,白云区,113.232444,23.166656
36,金泉小学,科教文化服务,科教文化场所,科教文化场所,广东省,广州市,越秀区,113.246693,23.167802
37,龙溪小学,科教文化服务,科教文化场所,科教文化场所,广东省,广州市,白云区,113.24367,23.182195
38,白云区同德小学,科教文化服务,科教文化场所,科教文化场所,广东省,广州市,白云区,113.238935,23.16819
39,明德小学,科教文化服务,科教文化场所,科教文化场所,广东省,广州市,白云区,113.233447,23.15925
40,明德小学,科教文化服务,科教文化场所,科教文化场所,广东省,广州市,白云区,113.242466,23.177596
41,南方中英文小学(暂停营业),科教文化服务,科教文化场所,科教文化场所,广东省,广州市,白云区,113.233439,23.16758
42,江南明珠小学,科教文化服务,科教文化场所,科教文化场所,广东省,广州市,白云区,113.229169,23.177426
43,礼村小学,科教文化服务,科教文化场所,科教文化场所,广东省,广州市,番禺区,113.319348,23.013507
44,番禺大石小学,科教文化服务,科教文化场所,科教文化场所,广东省,广州市,番禺区,113.309839,23.01791
45,河村小学(装修中),科教文化服务,科教文化场所,科教文化场所,广东省,广州市,番禺区,113.332829,23.013525
46,大石中心小学,科教文化服务,科教文化场所,科教文化场所,广东省,广州市,番禺区,113.309478,23.016619
47,富丽小学,科教文化服务,科教文化场所,科教文化场所,广东省,广州市,番禺区,113.315019,23.02744
48,客村小学,科教文化服务,科教文化场所,科教文化场所,广东省,广州市,海珠区,113.314386,23.092182
49,金影小学,科教文化服务,科教文化场所,科教文化场所,广东省,广州市,海珠区,113.320235,23.092644
50,新港中路小学,科教文化服务,科教文化场所,科教文化场所,广东省,广州市,海珠区,113.319489,23.09711
51,龙海小学,科教文化服务,科教文化场所,科教文化场所,广东省,广州市,海珠区,113.324781,23.087803
52,赤岗小学(赤岗东路),科教文化服务,科教文化场所,科教文化场所,广东省,广州市,海珠区,113.33072,23.090504
53,大江苑小学,科教文化服务,科教文化场所,科教文化场所,广东省,广州市,海珠区,113.313377,23.100003
54,逸景第一小学金穗校区,科教文化服务,科教文化场所,科教文化场所,广东省,广州市,海珠区,113.317454,23.087332
55,龙涛小学,科教文化服务,科教文化场所,科教文化场所,广东省,广州市,海珠区,113.333364,23.089531
56,湴湄镇泰小学,科教文化服务,科教文化场所,科教文化场所,广东省,广州市,南沙区,113.323281,22.862287
57,星海小学,科教文化服务,科教文化场所,科教文化场所,广东省,广州市,南沙区,113.338454,22.838543
58,万安小学,科教文化服务,科教文化场所,科教文化场所,广东省,广州市,南沙区,113.345318,22.875624
59,南沙区榄核小学,科教文化服务,科教文化场所,科教文化场所,广东省,广州市,南沙区,113.34441,22.837054
60,甘岗小学,科教文化服务,科教文化场所,科教文化场所,广东省,广州市,南沙区,113.33135,22.873424
61,榄核第二小学,科教文化服务,科教文化场所,科教文化场所,广东省,广州市,南沙区,113.350663,22.835067
62,南沙区北斗小学,科教文化服务,科教文化场所,科教文化场所,广东省,广州市,南沙区,113.346417,22.875871
63,三善小学,科教文化服务,科教文化场所,科教文化场所,广东省,广州市,番禺区,113.296505,22.890968
64,横江民生小学,科教文化服务,科教文化场所,科教文化场所,广东省,广州市,番禺区,113.319485,22.932583
65,南双玉小学,科教文化服务,科教文化场所,科教文化场所,广东省,广州市,番禺区,113.307193,22.93306
66,大平小学,科教文化服务,科教文化场所,科教文化场所,广东省,广州市,番禺区,113.337009,22.944498
67,汀根小学,科教文化服务,科教文化场所,科教文化场所,广东省,广州市,番禺区,113.331009,22.943431
68,福涌小学,科教文化服务,培训机构,培训机构,广东省,广州市,番禺区,113.333448,22.920295
69,西丽小学,科教文化服务,科教文化场所,科教文化场所,广东省,广州市,番禺区,113.351659,22.931363
70,小平小学,科教文化服务,科教文化场所,科教文化场所,广东省,广州市,番禺区,113.337356,22.948519
71,京兆小学,科教文化服务,科教文化场所,科教文化场所,广东省,广州市,番禺区,113.336704,22.906527
72,钟村中心小学,科教文化服务,科教文化场所,科教文化场所,广东省,广州市,番禺区,113.310882,22.972627
73,市桥北城小学,科教文化服务,科教文化场所,科教文化场所,广东省,广州市,番禺区,113.356212,22.947223
74,龙岐螺阳小学,科教文化服务,科教文化场所,科教文化场所,广东省,广州市,番禺区,113.348921,22.921474
75,钟一小学,科教文化服务,科教文化场所,科教文化场所,广东省,广州市,番禺区,113.317333,22.9707
76,沙湾中心小学,科教文化服务,科教文化场所,科教文化场所,广东省,广州市,番禺区,113.342259,22.906828
77,毓秀小学,科教文化服务,科教文化场所,科教文化场所,广东省,广州市,番禺区,113.318545,22.961173
78,广州市番禺区屏山小学,科教文化服务,科教文化场所,科教文化场所,广东省,广州市,番禺区,113.286894,22.958493
79,沙头中心小学,科教文化服务,科教文化场所,科教文化场所,广东省,广州市,番禺区,113.342838,22.948282
80,大罗小学,科教文化服务,科教文化场所,科教文化场所,广东省,广州市,番禺区,113.349871,22.960574
81,沙湾西村育才小学,科教文化服务,科教文化场所,科教文化场所,广东省,广州市,番禺区,113.335126,22.901401
82,德贤小学,科教文化服务,科教文化场所,科教文化场所,广东省,广州市,番禺区,113.289604,22.908182
83,联安小学,科教文化服务,科教文化场所,科教文化场所,广东省,广州市,花都区,113.336432,23.470828
84,邝维煜小学,科教文化服务,科教文化场所,科教文化场所,广东省,广州市,花都区,113.299019,23.498307
85,大东小学,科教文化服务,科教文化场所,科教文化场所,广东省,广州市,花都区,113.314215,23.473432
86,花城小学,科教文化服务,科教文化场所,科教文化场所,广东省,广州市,花都区,113.293865,23.498131
87,七星小学,科教文化服务,科教文化场所,科教文化场所,广东省,广州市,花都区,113.356795,23.474962
88,养正小学,科教文化服务,科教文化场所,科教文化场所,广东省,广州市,花都区,113.29304,23.462975
89,金谷小学(第二校区),科教文化服务,科教文化场所,科教文化场所,广东省,广州市,花都区,113.355881,23.461377
90,联民小学,科教文化服务,科教文化场所,科教文化场所,广东省,广州市,花都区,113.310098,23.555827
91,梯面小学,科教文化服务,科教文化场所,科教文化场所,广东省,广州市,花都区,113.295616,23.55218
92,红山小学,科教文化服务,科教文化场所,科教文化场所,广东省,广州市,花都区,113.280459,23.579263
93,人和镇第六小学,科教文化服务,科教文化场所,科教文化场所,广东省,广州市,白云区,113.312523,23.323199
94,人和镇第二小学,科教文化服务,科教文化场所,科教文化场所,广东省,广州市,白云区,113.29631,23.34595
95,大沥小学,科教文化服务,科教文化场所,科教文化场所,广东省,广州市,白云区,113.339502,23.308863
96,人和镇第四小学,科教文化服务,科教文化场所,科教文化场所,广东省,广州市,白云区,113.30328,23.342258
97,人和镇第三小学,科教文化服务,科教文化场所,科教文化场所,广东省,广州市,白云区,113.314076,23.348988
98,竹料镇第五小学,科教文化服务,科教文化场所,科教文化场所,广东省,广州市,白云区,113.333079,23.334449
99,人和镇第一小学,科教文化服务,科教文化场所,科教文化场所,广东省,广州市,白云区,113.29285,23.324184
100,锦华小学,科教文化服务,科教文化场所,科教文化场所,广东省,广州市,白云区,113.300899,23.311856
101,大塘小学,科教文化服务,科教文化场所,科教文化场所,广东省,广州市,花都区,113.338539,23.419286
102,九一小学,科教文化服务,科教文化场所,科教文化场所,广东省,广州市,花都区,113.309065,23.425113
103,花东镇中心小学,科教文化服务,科教文化场所,科教文化场所,广东省,广州市,花都区,113.329253,23.4351
104,李溪小学,科教文化服务,科教文化场所,科教文化场所,广东省,广州市,花都区,113.340346,23.400937
105,东湖小学,科教文化服务,科教文化场所,科教文化场所,广东省,广州市,花都区,113.288919,23.400268
106,花山镇美成小学,科教文化服务,科教文化场所,科教文化场所,广东省,广州市,花都区,113.282042,23.440694
107,日鎏小学,科教文化服务,科教文化场所,科教文化场所,广东省,广州市,花都区,113.289966,23.426533
108,广州市天河区四海小学,科教文化服务,科教文化场所,科教文化场所,广东省,广州市,天河区,113.320276,23.169584
109,京溪小学(怡新校区),科教文化服务,科教文化场所,科教文化场所,广东省,广州市,白云区,113.32241,23.176223
110,天河区侨乐小学,科教文化服务,科教文化场所,科教文化场所,广东省,广州市,天河区,113.321332,23.162747
111,银河小学(橡树园校区),科教文化服务,科教文化场所,科教文化场所,广东省,广州市,天河区,113.328906,23.168932
112,华丰小学,科教文化服务,科教文化场所,科教文化场所,广东省,广州市,白云区,113.316177,23.255856
113,东方小学,科教文化服务,科教文化场所,科教文化场所,广东省,广州市,白云区,113.309633,23.262285
114,广州市白云区长红小学,科教文化服务,科教文化场所,科教文化场所,广东省,广州市,白云区,113.300393,23.259991
115,白山小学,科教文化服务,科教文化场所,科教文化场所,广东省,广州市,白云区,113.409141,23.269439
116,渔兴小学,科教文化服务,科教文化场所,科教文化场所,广东省,广州市,天河区,113.378471,23.214155
117,太和镇第二小学(白山校区),科教文化服务,科教文化场所,科教文化场所,广东省,广州市,白云区,113.408928,23.269568
118,茶山小学,科教文化服务,科教文化场所,科教文化场所,广东省,广州市,白云区,113.358539,23.257307
119,太和第二小学米龙校区,科教文化服务,科教文化场所,科教文化场所,广东省,广州市,白云区,113.359869,23.290163
120,和龙小学(和龙校区),科教文化服务,科教文化场所,科教文化场所,广东省,广州市,白云区,113.366104,23.287005
121,良田第三小学金盆校区,科教文化服务,科教文化场所,科教文化场所,广东省,广州市,白云区,113.38433,23.325955
122,广州市白云区良田第二小学,科教文化服务,科教文化场所,科教文化场所,广东省,广州市,白云区,113.396343,23.344385
123,头陂小学,科教文化服务,科教文化场所,科教文化场所,广东省,广州市,白云区,113.39245,23.307905
124,沙亭岗小学,科教文化服务,科教文化场所,科教文化场所,广东省,广州市,白云区,113.364963,23.314398
125,太和第一小学,科教文化服务,科教文化场所,科教文化场所,广东省,广州市,白云区,113.364101,23.298017
126,黄埔小学,科教文化服务,科教文化场所,科教文化场所,广东省,广州市,海珠区,113.393901,23.091215
127,新洲小学,科教文化服务,科教文化场所,科教文化场所,广东省,广州市,海珠区,113.402744,23.086936
128,海珠区第三实验小学,科教文化服务,科教文化场所,科教文化场所,广东省,广州市,海珠区,113.386346,23.09326
129,广州市天河区岑村小学,科教文化服务,科教文化场所,科教文化场所,广东省,广州市,天河区,113.383072,23.165533
130,新塘小学,科教文化服务,科教文化场所,科教文化场所,广东省,广州市,天河区,113.410637,23.162686
131,天河区凌塘小学,科教文化服务,科教文化场所,科教文化场所,广东省,广州市,天河区,113.396404,23.167615
132,凌塘小学-翰韵书画苑,科教文化服务,科教文化场所,科教文化场所,广东省,广州市,天河区,113.396783,23.167398
133,沐陂小学,科教文化服务,科教文化场所,科教文化场所,广东省,广州市,天河区,113.397756,23.153669
134,东怡小学,科教文化服务,培训机构,培训机构,广东省,广州市,番禺区,113.392831,22.927422
135,茶东小学,科教文化服务,科教文化场所,科教文化场所,广东省,广州市,番禺区,113.412317,22.959101
136,番禺区大龙街石岗小学,科教文化服务,科教文化场所,科教文化场所,广东省,广州市,番禺区,113.39622,22.942062
137,东兴小学,科教文化服务,科教文化场所,科教文化场所,广东省,广州市,番禺区,113.386445,22.927449
138,市桥实验小学,科教文化服务,科教文化场所,科教文化场所,广东省,广州市,番禺区,113.363378,22.923328
139,市桥中心小学,科教文化服务,科教文化场所,科教文化场所,广东省,广州市,番禺区,113.359213,22.943824
140,罗家桥虹小学,科教文化服务,科教文化场所,科教文化场所,广东省,广州市,番禺区,113.387596,22.945699
141,东城小学,科教文化服务,科教文化场所,科教文化场所,广东省,广州市,番禺区,113.373635,22.933305
142,市头小学,科教文化服务,科教文化场所,科教文化场所,广东省,广州市,番禺区,113.397546,23.017102
143,罗边小学,科教文化服务,科教文化场所,科教文化场所,广东省,广州市,番禺区,113.397989,23.013228
144,广州市番禺区万豪儒林小学,科教文化服务,科教文化场所,科教文化场所,广东省,广州市,番禺区,113.400248,23.020653
145,南村镇中心小学,科教文化服务,科教文化场所,科教文化场所,广东省,广州市,番禺区,113.377543,23.007198
146,番禺区剑桥郡小学,科教文化服务,科教文化场所,科教文化场所,广东省,广州市,番禺区,113.383464,23.020718
147,潭山小学,科教文化服务,科教文化场所,科教文化场所,广东省,广州市,南沙区,113.393929,22.783494
148,岗城小学,科教文化服务,科教文化场所,科教文化场所,广东省,广州市,南沙区,113.414675,22.802434
149,伴我学中小学各科补习辅导,科教文化服务,科教文化场所,科教文化场所,广东省,广州市,南沙区,113.393205,22.784057
150,北流冯祥纪念小学,科教文化服务,科教文化场所,科教文化场所,广东省,广州市,南沙区,113.394333,22.800317
151,南沙区大岗小学,科教文化服务,科教文化场所,科教文化场所,广东省,广州市,南沙区,113.402537,22.801619
152,中埠小学,科教文化服务,科教文化场所,科教文化场所,广东省,广州市,南沙区,113.419752,22.774921
153,东南小学,科教文化服务,培训机构,培训机构,广东省,广州市,南沙区,113.43643,22.772564
154,广州市南沙区九比小学,科教文化服务,科教文化场所,科教文化场所,广东省,广州市,南沙区,113.386775,22.842971
155,大简小学,科教文化服务,培训机构,培训机构,广东省,广州市,南沙区,113.409987,22.870775
156,大同小学,科教文化服务,科教文化场所,科教文化场所,广东省,广州市,南沙区,113.391155,22.892422
157,沙角小学,科教文化服务,科教文化场所,科教文化场所,广东省,广州市,南沙区,113.397237,22.843172
158,双翼小学,科教文化服务,科教文化场所,科教文化场所,广东省,广州市,南沙区,113.386026,22.866178
159,中共双冀小学支部委员会,科教文化服务,科教文化场所,科教文化场所,广东省,广州市,南沙区,113.386386,22.865596
160,南沙区顺平小学,科教文化服务,科教文化场所,科教文化场所,广东省,广州市,南沙区,113.386429,22.821399
161,太石小学,科教文化服务,科教文化场所,科教文化场所,广东省,广州市,南沙区,113.403375,22.885096
162,小乌小学,科教文化服务,科教文化场所,科教文化场所,广东省,广州市,南沙区,113.428305,22.866247
163,马克小学,科教文化服务,科教文化场所,科教文化场所,广东省,广州市,南沙区,113.433343,22.842289
164,高沙小学,科教文化服务,科教文化场所,科教文化场所,广东省,广州市,南沙区,113.426102,22.826259
165,广州市南沙区大稳小学,科教文化服务,科教文化场所,科教文化场所,广东省,广州市,南沙区,113.435909,22.886312
166,墩塘小学,科教文化服务,科教文化场所,科教文化场所,广东省,广州市,南沙区,113.369543,22.8366
167,高平镇泰小学,科教文化服务,科教文化场所,科教文化场所,广东省,广州市,从化区,113.41658,23.705423
168,大德小学,科教文化服务,科教文化场所,科教文化场所,广东省,广州市,南沙区,113.435982,22.886507
169,五丰小学,科教文化服务,科教文化场所,科教文化场所,广东省,广州市,从化区,113.389106,23.59995
170,象新小学,科教文化服务,科教文化场所,科教文化场所,广东省,广州市,从化区,113.419214,23.588247
171,丁坑小学,科教文化服务,科教文化场所,科教文化场所,广东省,广州市,从化区,113.430212,23.553316
172,丁坑小学,科教文化服务,科教文化场所,科教文化场所,广东省,广州市,从化区,113.429451,23.564777
173,桥头小学,科教文化服务,科教文化场所,科教文化场所,广东省,广州市,从化区,113.426071,23.611517
174,番禺区南村镇樟边小学,科教文化服务,科教文化场所,科教文化场所,广东省,广州市,番禺区,113.38025,22.984008
175,广东第二师范学院番禺附属小学,科教文化服务,科教文化场所,科教文化场所,广东省,广州市,番禺区,113.424554,23.034073
176,龙潭同心小学,科教文化服务,科教文化场所,科教文化场所,广东省,广州市,从化区,113.40654,23.661864
177,龙聚小学,科教文化服务,科教文化场所,科教文化场所,广东省,广州市,从化区,113.421834,23.644846
178,广州市从化区鳌头镇中心小学,科教文化服务,科教文化场所,科教文化场所,广东省,广州市,从化区,113.420192,23.620451
179,水西小学,科教文化服务,科教文化场所,科教文化场所,广东省,广州市,从化区,113.406529,23.615808
180,港头小学,科教文化服务,科教文化场所,科教文化场所,广东省,广州市,花都区,113.39461,23.425267
181,钟落潭小学,科教文化服务,科教文化场所,科教文化场所,广东省,广州市,白云区,113.404774,23.386131
182,花侨小学,科教文化服务,科教文化场所,科教文化场所,广东省,广州市,花都区,113.378647,23.417666
183,莘田小学,科教文化服务,科教文化场所,科教文化场所,广东省,广州市,花都区,113.410704,23.408246
184,北兴小学京塘分教点,科教文化服务,科教文化场所,科教文化场所,广东省,广州市,花都区,113.427748,23.407923
185,东润小学,科教文化服务,科教文化场所,科教文化场所,广东省,广州市,白云区,113.409253,23.388081
186,四联小学,科教文化服务,科教文化场所,科教文化场所,广东省,广州市,花都区,113.397074,23.442938
187,北兴小学,科教文化服务,科教文化场所,科教文化场所,广东省,广州市,花都区,113.425798,23.427961
188,竹料第三小学,科教文化服务,科教文化场所,科教文化场所,广东省,广州市,白云区,113.360116,23.393669
189,狮前小学,科教文化服务,科教文化场所,科教文化场所,广东省,广州市,花都区,113.415674,23.525078
190,花东镇金谷小学,科教文化服务,科教文化场所,科教文化场所,广东省,广州市,花都区,113.358752,23.458268
191,银林小学,科教文化服务,科教文化场所,科教文化场所,广东省,广州市,从化区,113.478798,23.503153
192,莲塘小学,科教文化服务,科教文化场所,科教文化场所,广东省,广州市,从化区,113.494759,23.485155
193,黄溪小学,科教文化服务,科教文化场所,科教文化场所,广东省,广州市,从化区,113.485228,23.466669
194,水南小学,科教文化服务,科教文化场所,科教文化场所,广东省,广州市,从化区,113.497974,23.461914
195,大氹小学,科教文化服务,科教文化场所,科教文化场所,广东省,广州市,从化区,113.484654,23.578228
196,人和小学,科教文化服务,培训机构,培训机构,广东省,广州市,从化区,113.448747,23.601119
197,鳌头镇第二中心小学,科教文化服务,科教文化场所,科教文化场所,广东省,广州市,从化区,113.503719,23.584043
198,石联希望小学,科教文化服务,科教文化场所,科教文化场所,广东省,广州市,从化区,113.480463,23.540583
199,新隅小学,科教文化服务,科教文化场所,科教文化场所,广东省,广州市,从化区,113.512668,23.5611
200,良田第一小学,科教文化服务,科教文化场所,科教文化场所,广东省,广州市,白云区,113.456429,23.325565
201,枫下小学,科教文化服务,科教文化场所,科教文化场所,广东省,广州市,黄埔区,113.5009,23.366272
202,马洞小学,科教文化服务,科教文化场所,科教文化场所,广东省,广州市,白云区,113.452826,23.364444
203,太平中心小学,科教文化服务,科教文化场所,科教文化场所,广东省,广州市,从化区,113.482183,23.434514
204,高埔小学,科教文化服务,科教文化场所,科教文化场所,广东省,广州市,从化区,113.500315,23.424181
205,太平镇第三中心小学(建设中),科教文化服务,科教文化场所,科教文化场所,广东省,广州市,从化区,113.488943,23.431323
206,花都区花东镇杨荷小学,科教文化服务,科教文化场所,科教文化场所,广东省,广州市,花都区,113.459491,23.428486
207,屈洞小学,科教文化服务,科教文化场所,科教文化场所,广东省,广州市,从化区,113.497305,23.428238
208,香雪小学,科教文化服务,科教文化场所,科教文化场所,广东省,广州市,黄埔区,113.492525,23.179025
209,火村小学,科教文化服务,科教文化场所,科教文化场所,广东省,广州市,黄埔区,113.499394,23.149439
210,保利罗兰小学,科教文化服务,科教文化场所,科教文化场所,广东省,广州市,黄埔区,113.489771,23.171324
211,黄埔区高新区第一小学,科教文化服务,科教文化场所,科教文化场所,广东省,广州市,黄埔区,113.48928,23.18673
212,广州市白云区穗丰小学,科教文化服务,科教文化场所,科教文化场所,广东省,广州市,白云区,113.46371,23.26398
213,长岭居小学,科教文化服务,科教文化场所,科教文化场所,广东省,广州市,黄埔区,113.504061,23.214588
214,石楼镇胜洲小学,科教文化服务,科教文化场所,科教文化场所,广东省,广州市,番禺区,113.493564,23.015466
215,复苏小学,科教文化服务,科教文化场所,科教文化场所,广东省,广州市,番禺区,113.486532,23.036755
216,化龙镇中心小学,科教文化服务,培训机构,培训机构,广东省,广州市,番禺区,113.463469,23.032515
217,茭塘小学,科教文化服务,科教文化场所,科教文化场所,广东省,广州市,番禺区,113.498026,23.008414
218,化龙第二小学,科教文化服务,科教文化场所,科教文化场所,广东省,广州市,番禺区,113.457718,23.000408
219,何澄溪小学,科教文化服务,科教文化场所,科教文化场所,广东省,广州市,番禺区,113.471686,22.983824
220,化龙大博学校小学,科教文化服务,科教文化场所,科教文化场所,广东省,广州市,番禺区,113.448121,22.992708
221,化龙第二小学,科教文化服务,科教文化场所,科教文化场所,广东省,广州市,番禺区,113.463295,23.033138
222,文船小学,科教文化服务,科教文化场所,科教文化场所,广东省,广州市,黄埔区,113.478301,23.095318
223,广州石化小学,科教文化服务,科教文化场所,科教文化场所,广东省,广州市,黄埔区,113.474944,23.103781
224,文冲小学,科教文化服务,科教文化场所,科教文化场所,广东省,广州市,黄埔区,113.469538,23.10256
225,车头小学,科教文化服务,科教文化场所,科教文化场所,广东省,广州市,从化区,113.463558,23.656628
226,民乐小学,科教文化服务,科教文化场所,科教文化场所,广东省,广州市,从化区,113.483335,23.662752
227,潭口小学,科教文化服务,科教文化场所,科教文化场所,广东省,广州市,从化区,113.50266,23.654594
228,楼星小学,科教文化服务,科教文化场所,科教文化场所,广东省,广州市,从化区,113.442611,23.661942
229,南楼小学,科教文化服务,科教文化场所,科教文化场所,广东省,广州市,从化区,113.443628,23.658524
230,下沙小学,科教文化服务,科教文化场所,科教文化场所,广东省,广州市,黄埔区,113.452723,23.105193
231,怡瑞小学,科教文化服务,科教文化场所,科教文化场所,广东省,广州市,黄埔区,113.463234,23.110921
232,庙头小学,科教文化服务,科教文化场所,科教文化场所,广东省,广州市,黄埔区,113.497061,23.087288
233,夏园小学,科教文化服务,科教文化场所,科教文化场所,广东省,广州市,黄埔区,113.517263,23.081056
234,怡园小学东校区,科教文化服务,科教文化场所,科教文化场所,广东省,广州市,黄埔区,113.461009,23.099302
235,白坭小学,科教文化服务,科教文化场所,科教文化场所,广东省,广州市,花都区,113.020848,23.437347
236,缠岗小学,科教文化服务,科教文化场所,科教文化场所,广东省,广州市,花都区,113.026096,23.447024
237,港湾小学,科教文化服务,科教文化场所,科教文化场所,广东省,广州市,黄埔区,113.446079,23.102238
238,怡园小学东校区-德文书法,科教文化服务,科教文化场所,科教文化场所,广东省,广州市,黄埔区,113.460634,23.100226
239,南湾小学,科教文化服务,科教文化场所,科教文化场所,广东省,广州市,黄埔区,113.514949,23.075305
240,怡园小学北校区,科教文化服务,科教文化场所,科教文化场所,广东省,广州市,黄埔区,113.457171,23.110725
241,巴江小学,科教文化服务,科教文化场所,科教文化场所,广东省,广州市,花都区,113.054895,23.407249
242,赤坭小学,科教文化服务,科教文化场所,科教文化场所,广东省,广州市,花都区,113.077853,23.39018
243,剑岭小学,科教文化服务,科教文化场所,科教文化场所,广东省,广州市,花都区,113.094166,23.394935
244,华南小学,科教文化服务,科教文化场所,科教文化场所,广东省,广州市,花都区,113.067154,23.438403
245,华南小学下连珠分教点,科教文化服务,科教文化场所,科教文化场所,广东省,广州市,花都区,113.052035,23.425745
246,赤坭圩小学(装修中),科教文化服务,科教文化场所,科教文化场所,广东省,广州市,花都区,113.085914,23.384156
247,乌石小学,科教文化服务,科教文化场所,科教文化场所,广东省,广州市,花都区,113.106901,23.431802
248,蓝田小学,科教文化服务,科教文化场所,科教文化场所,广东省,广州市,花都区,113.049861,23.388975
249,丰群小学,科教文化服务,科教文化场所,科教文化场所,广东省,广州市,花都区,113.089345,23.434841
250,华南小学,科教文化服务,科教文化场所,科教文化场所,广东省,广州市,花都区,113.052184,23.425738
251,荷溪小学,科教文化服务,科教文化场所,科教文化场所,广东省,广州市,花都区,113.06247,23.37587
252,碧湖小学,科教文化服务,科教文化场所,科教文化场所,广东省,广州市,花都区,113.061133,23.478018
253,碧桂园小学,科教文化服务,科教文化场所,科教文化场所,广东省,广州市,花都区,113.06124,23.477973
254,炭步镇文岗小学,科教文化服务,科教文化场所,科教文化场所,广东省,广州市,花都区,113.065052,23.25606
255,垂裕小学,科教文化服务,科教文化场所,科教文化场所,广东省,广州市,花都区,113.103089,23.33112
256,鸭湖小学,科教文化服务,科教文化场所,科教文化场所,广东省,广州市,花都区,113.106994,23.349649
257,炭步镇第二小学,科教文化服务,科教文化场所,科教文化场所,广东省,广州市,花都区,113.102892,23.331464
258,炭步镇中心小学,科教文化服务,科教文化场所,科教文化场所,广东省,广州市,花都区,113.104525,23.342134
259,大涡小学,科教文化服务,科教文化场所,科教文化场所,广东省,广州市,花都区,113.038895,23.306093
260,前进小学,科教文化服务,科教文化场所,科教文化场所,广东省,广州市,花都区,113.14013,23.466402
261,联合小学,科教文化服务,科教文化场所,科教文化场所,广东省,广州市,花都区,113.161961,23.455661
262,振兴第一小学,科教文化服务,科教文化场所,科教文化场所,广东省,广州市,花都区,113.176322,23.476655
263,合成小学,科教文化服务,科教文化场所,科教文化场所,广东省,广州市,花都区,113.180796,23.457896
264,益群小学,科教文化服务,科教文化场所,科教文化场所,广东省,广州市,花都区,113.189726,23.470884
265,广州市白云区神山第一小学,科教文化服务,科教文化场所,科教文化场所,广东省,广州市,白云区,113.178203,23.33465
266,广州市白云区神山第二小学,科教文化服务,科教文化场所,科教文化场所,广东省,广州市,白云区,113.182824,23.330317
267,神山第三小学,科教文化服务,科教文化场所,科教文化场所,广东省,广州市,白云区,113.184457,23.315905
268,神山镇沙龙小学,科教文化服务,科教文化场所,科教文化场所,广东省,广州市,白云区,113.195619,23.321561
269,文星小学,科教文化服务,科教文化场所,科教文化场所,广东省,广州市,白云区,113.17738,23.349356
270,保利小学-和悦小学,科教文化服务,科教文化场所,科教文化场所,广东省,广州市,花都区,113.162919,23.372691
271,新华红棉小学,科教文化服务,科教文化场所,科教文化场所,广东省,广州市,花都区,113.172892,23.391385
272,义山小学,科教文化服务,科教文化场所,科教文化场所,广东省,广州市,花都区,113.132805,23.44007
273,红棉小学,科教文化服务,科教文化场所,科教文化场所,广东省,广州市,花都区,113.172683,23.391852
274,横坑小学,科教文化服务,科教文化场所,科教文化场所,广东省,广州市,花都区,113.255684,23.590242
275,中山大学附属雅宝学校小学部,科教文化服务,科教文化场所,科教文化场所,广东省,广州市,花都区,113.180968,23.428077
276,风神实验小学,科教文化服务,科教文化场所,科教文化场所,广东省,广州市,花都区,113.157784,23.380127
277,狮岭中心小学,科教文化服务,科教文化场所,科教文化场所,广东省,广州市,花都区,113.126663,23.446384
278,飞鹅岭小学,科教文化服务,科教文化场所,科教文化场所,广东省,广州市,花都区,113.156194,23.375459
279,秀全街学府路小学,科教文化服务,科教文化场所,科教文化场所,广东省,广州市,花都区,113.180157,23.425355
280,石滩中心小学,科教文化服务,科教文化场所,科教文化场所,广东省,广州市,增城区,113.79669,23.171896
281,石滩镇第一小学,科教文化服务,科教文化场所,科教文化场所,广东省,广州市,增城区,113.796723,23.17194
282,石滩镇中心小学,科教文化服务,科教文化场所,科教文化场所,广东省,广州市,增城区,113.795865,23.172377
283,石滩镇中心小学-启蒙辅导园,科教文化服务,科教文化场所,科教文化场所,广东省,广州市,增城区,113.795727,23.172564
284,石滩镇中心小学-文昇家教辅导社,科教文化服务,科教文化场所,科教文化场所,广东省,广州市,增城区,113.795743,23.17258
285,元洲小学,科教文化服务,科教文化场所,科教文化场所,广东省,广州市,增城区,113.798224,23.169509
286,黄冈中学增城学校小学部,科教文化服务,科教文化场所,科教文化场所,广东省,广州市,增城区,113.803186,23.179219
287,罗岗小学,科教文化服务,科教文化场所,科教文化场所,广东省,广州市,增城区,113.825067,23.249845
288,三联小学,科教文化服务,科教文化场所,科教文化场所,广东省,广州市,增城区,113.783789,23.278273
289,荔江小学,科教文化服务,科教文化场所,科教文化场所,广东省,广州市,增城区,113.823606,23.290073
290,西山小学,科教文化服务,科教文化场所,科教文化场所,广东省,广州市,增城区,113.836644,23.270489
291,增城区清燕小学,科教文化服务,科教文化场所,科教文化场所,广东省,广州市,增城区,113.772802,23.256244
292,石明小学,科教文化服务,科教文化场所,科教文化场所,广东省,广州市,从化区,113.820126,23.868056
293,良口镇第三小学,科教文化服务,科教文化场所,科教文化场所,广东省,广州市,从化区,113.776181,23.742644
294,派潭第一小学,科教文化服务,科教文化场所,科教文化场所,广东省,广州市,增城区,113.792022,23.490179
295,派潭镇中心小学,科教文化服务,科教文化场所,科教文化场所,广东省,广州市,增城区,113.781361,23.490771
296,围园小学,科教文化服务,科教文化场所,科教文化场所,广东省,广州市,增城区,113.796661,23.470975
297,派潭镇大埔村育英小学,科教文化服务,科教文化场所,科教文化场所,广东省,广州市,增城区,113.782323,23.476778
298,七境小学,科教文化服务,科教文化场所,科教文化场所,广东省,广州市,增城区,113.827902,23.532067
299,派潭镇中心小学湾吓分教点,科教文化服务,科教文化场所,科教文化场所,广东省,广州市,增城区,113.823308,23.45302
300,高滩小学,科教文化服务,科教文化场所,科教文化场所,广东省,广州市,增城区,113.776242,23.558687
301,新桥小学(花冚),科教文化服务,科教文化场所,科教文化场所,广东省,广州市,增城区,113.806978,23.344668
302,新桥小学,科教文化服务,科教文化场所,科教文化场所,广东省,广州市,增城区,113.80719,23.343921
303,增城区实验小学,科教文化服务,科教文化场所,科教文化场所,广东省,广州市,增城区,113.806059,23.294731
304,富鹏小学,科教文化服务,科教文化场所,科教文化场所,广东省,广州市,增城区,113.832335,23.30223
305,荔城三中小学部,科教文化服务,科教文化场所,科教文化场所,广东省,广州市,增城区,113.799624,23.293782
306,城丰小学,科教文化服务,科教文化场所,科教文化场所,广东省,广州市,增城区,113.836628,23.294021
307,挂绿小学,科教文化服务,科教文化场所,科教文化场所,广东省,广州市,增城区,113.830267,23.309261
308,增城中学附属小学,科教文化服务,科教文化场所,科教文化场所,广东省,广州市,增城区,113.804404,23.303865
309,腊圃小学,科教文化服务,科教文化场所,科教文化场所,广东省,广州市,增城区,113.790221,23.416563
310,小楼镇庙潭小学,科教文化服务,科教文化场所,科教文化场所,广东省,广州市,增城区,113.827822,23.422725
311,小楼镇中心小学,科教文化服务,科教文化场所,科教文化场所,广东省,广州市,增城区,113.831113,23.379151
312,派潭镇黄洞村小学,科教文化服务,科教文化场所,科教文化场所,广东省,广州市,增城区,113.83471,23.445494
313,正果镇中心小学,科教文化服务,科教文化场所,科教文化场所,广东省,广州市,增城区,113.895681,23.416539
314,岳村小学,科教文化服务,科教文化场所,科教文化场所,广东省,广州市,增城区,113.849376,23.425861
315,樟洞坑小学,科教文化服务,科教文化场所,科教文化场所,广东省,广州市,增城区,113.863296,23.523027
316,麻冚小学,科教文化服务,科教文化场所,科教文化场所,广东省,广州市,增城区,113.90093,23.456984
317,四丰小学,科教文化服务,科教文化场所,科教文化场所,广东省,广州市,增城区,113.872883,23.230859
318,初溪小学,科教文化服务,科教文化场所,科教文化场所,广东省,广州市,增城区,113.854924,23.22667
319,增江街第二小学,科教文化服务,科教文化场所,科教文化场所,广东省,广州市,增城区,113.844991,23.285476
320,增江小学,科教文化服务,科教文化场所,科教文化场所,广东省,广州市,增城区,113.852078,23.250621
321,广州市增城区东湖小学,科教文化服务,科教文化场所,科教文化场所,广东省,广州市,增城区,113.864106,23.274737
322,增江街第一小学,科教文化服务,科教文化场所,科教文化场所,广东省,广州市,增城区,113.847862,23.287933
323,增城区华南师范大学附属增江实验小学,科教文化服务,科教文化场所,科教文化场所,广东省,广州市,增城区,113.849596,23.279791
324,廖村小学,科教文化服务,科教文化场所,科教文化场所,广东省,广州市,增城区,113.840389,23.313655
325,育群光明小学,科教文化服务,科教文化场所,科教文化场所,广东省,广州市,增城区,113.872207,23.372954
326,白湖刘梁满春小学,科教文化服务,科教文化场所,科教文化场所,广东省,广州市,增城区,113.839561,23.37034
327,增江街中心小学,科教文化服务,科教文化场所,科教文化场所,广东省,广州市,增城区,113.852847,23.22302
328,山吓小学,科教文化服务,科教文化场所,科教文化场所,广东省,广州市,增城区,113.872653,23.174695
329,桥头小学,科教文化服务,学校,小学,广东省,广州市,增城区,113.867103,23.187593
330,三江小学(建设路),科教文化服务,科教文化场所,科教文化场所,广东省,广州市,增城区,113.862765,23.183908
331,石滩镇桥头小学,科教文化服务,科教文化场所,科教文化场所,广东省,广州市,增城区,113.867171,23.187467
332,石滩镇沙头小学溪头分教点,科教文化服务,科教文化场所,科教文化场所,广东省,广州市,增城区,113.847814,23.18153
333,石滩镇沙头小学校务监督委员会,科教文化服务,科教文化场所,科教文化场所,广东省,广州市,增城区,113.842851,23.167401
334,石滩镇中小学校文化体育活动基地,科教文化服务,科教文化场所,科教文化场所,广东省,广州市,增城区,113.861285,23.18457
335,增城区石滩镇沙头小学家长学校,科教文化服务,科教文化场所,科教文化场所,广东省,广州市,增城区,113.842857,23.167383
336,吕田镇第三小学,科教文化服务,科教文化场所,科教文化场所,广东省,广州市,从化区,113.8699,23.889361
337,联溪小学,科教文化服务,科教文化场所,科教文化场所,广东省,广州市,从化区,113.865493,23.714747
338,安山镇泰小学,科教文化服务,科教文化场所,科教文化场所,广东省,广州市,从化区,113.902557,23.767551
339,北溪小学,科教文化服务,科教文化场所,科教文化场所,广东省,广州市,从化区,113.839315,23.832255
340,正果镇兰溪小学,科教文化服务,科教文化场所,科教文化场所,广东省,广州市,增城区,113.953627,23.362278
341,畲族小学,科教文化服务,科教文化场所,科教文化场所,广东省,广州市,增城区,113.988528,23.340927
342,水围小学,科教文化服务,科教文化场所,科教文化场所,广东省,广州市,增城区,113.934538,23.39955
343,乌头石小学,科教文化服务,科教文化场所,科教文化场所,广东省,广州市,增城区,113.935863,23.440854
344,吕田镇中心小学,科教文化服务,科教文化场所,科教文化场所,广东省,广州市,从化区,113.955305,23.812471
345,吕田镇第二小学,科教文化服务,科教文化场所,科教文化场所,广东省,广州市,从化区,113.949071,23.81309
346,吕田镇中小学爱国主义教育基地,科教文化服务,科教文化场所,科教文化场所,广东省,广州市,从化区,113.960078,23.817336
347,世纪星小学,科教文化服务,科教文化场所,科教文化场所,广东省,广州市,从化区,113.554179,23.573043
348,西宁小学,科教文化服务,科教文化场所,科教文化场所,广东省,广州市,从化区,113.578494,23.555832
349,城郊街中心小学,科教文化服务,科教文化场所,科教文化场所,广东省,广州市,从化区,113.555778,23.565053
350,新城小学,科教文化服务,科教文化场所,科教文化场所,广东省,广州市,从化区,113.58553,23.542088
351,北星小学,科教文化服务,科教文化场所,科教文化场所,广东省,广州市,从化区,113.586448,23.557251
352,街口街中心小学,科教文化服务,科教文化场所,科教文化场所,广东省,广州市,从化区,113.588236,23.553257
353,城郊小学,科教文化服务,科教文化场所,科教文化场所,广东省,广州市,从化区,113.576729,23.55319
354,向阳小学,科教文化服务,科教文化场所,科教文化场所,广东省,广州市,从化区,113.594215,23.557246
355,街口街城郊小学,科教文化服务,科教文化场所,科教文化场所,广东省,广州市,从化区,113.575885,23.552809
356,明珠小学,科教文化服务,科教文化场所,科教文化场所,广东省,广州市,从化区,113.528764,23.596506
357,矮岭小学,科教文化服务,科教文化场所,科教文化场所,广东省,广州市,从化区,113.541678,23.634476
358,黄场小学,科教文化服务,科教文化场所,科教文化场所,广东省,广州市,从化区,113.552256,23.614102
359,流溪小学,科教文化服务,科教文化场所,科教文化场所,广东省,广州市,从化区,113.583046,23.547411
360,广州市从化区街口街团星小学,科教文化服务,科教文化场所,科教文化场所,广东省,广州市,从化区,113.577758,23.543397
361,高平小学,科教文化服务,科教文化场所,科教文化场所,广东省,广州市,从化区,113.545248,23.41195
362,高平小学,科教文化服务,科教文化场所,科教文化场所,广东省,广州市,从化区,113.551407,23.396144
363,秋枫小学,科教文化服务,科教文化场所,科教文化场所,广东省,广州市,从化区,113.550239,23.389523
364,钱岗八一小学,科教文化服务,科教文化场所,科教文化场所,广东省,广州市,从化区,113.54039,23.42877
365,飞鹅小学,科教文化服务,科教文化场所,科教文化场所,广东省,广州市,从化区,113.52684,23.416491
366,简塘小学,科教文化服务,科教文化场所,科教文化场所,广东省,广州市,增城区,113.590227,23.396725
367,鳌头镇岭南小学-岭南幼儿园,科教文化服务,科教文化场所,科教文化场所,广东省,广州市,从化区,113.525981,23.570956
368,岭南小学家长学校,科教文化服务,科教文化场所,科教文化场所,广东省,广州市,从化区,113.526051,23.570925
369,太平镇第二中心小学,科教文化服务,科教文化场所,科教文化场所,广东省,广州市,从化区,113.530181,23.484014
370,三百洞小学,科教文化服务,科教文化场所,科教文化场所,广东省,广州市,从化区,113.55754,23.476478
371,大凹小学,科教文化服务,科教文化场所,科教文化场所,广东省,广州市,从化区,113.552653,23.515887
372,沙贝小学,科教文化服务,培训机构,培训机构,广东省,广州市,从化区,113.564749,23.518878
373,信诚木棉小学,科教文化服务,科教文化场所,科教文化场所,广东省,广州市,从化区,113.523975,23.494479
374,中山大学南方学院附属小学,科教文化服务,科教文化场所,科教文化场所,广东省,广州市,从化区,113.522758,23.473157
375,锦联小学,科教文化服务,科教文化场所,科教文化场所,广东省,广州市,从化区,113.592153,23.501486
376,雅居乐小学,科教文化服务,培训机构,培训机构,广东省,广州市,从化区,113.593714,23.532468
377,均和小学,科教文化服务,科教文化场所,科教文化场所,广东省,广州市,黄埔区,113.554659,23.265958
378,九龙第二小学,科教文化服务,科教文化场所,科教文化场所,广东省,广州市,黄埔区,113.57176,23.275021
379,福洞小学,科教文化服务,科教文化场所,科教文化场所,广东省,广州市,黄埔区,113.546404,23.276641
380,九龙第二小学大坦分校,科教文化服务,科教文化场所,科教文化场所,广东省,广州市,黄埔区,113.589274,23.258996
381,金坑小学,科教文化服务,科教文化场所,科教文化场所,广东省,广州市,黄埔区,113.525541,23.256897
382,广州市黄埔区九龙第二小学九楼校区,科教文化服务,科教文化场所,科教文化场所,广东省,广州市,黄埔区,113.581251,23.272454
383,九龙第三小学,科教文化服务,科教文化场所,科教文化场所,广东省,广州市,黄埔区,113.575389,23.282523
384,北九龙第三小学,科教文化服务,科教文化场所,科教文化场所,广东省,广州市,黄埔区,113.572494,23.284467
385,西村小学大涵分校,科教文化服务,科教文化场所,科教文化场所,广东省,广州市,黄埔区,113.547811,23.291896
386,九龙第二小学-方勤教育托管中心,科教文化服务,科教文化场所,科教文化场所,广东省,广州市,黄埔区,113.571807,23.276094
387,天景小学(建设中),科教文化服务,科教文化场所,科教文化场所,广东省,广州市,黄埔区,113.549369,23.332845
388,广州市黄埔区天韵小学,科教文化服务,科教文化场所,科教文化场所,广东省,广州市,黄埔区,113.542183,23.326031
389,何棠下小学,科教文化服务,科教文化场所,科教文化场所,广东省,广州市,黄埔区,113.540767,23.34416
390,庆盛小学,科教文化服务,科教文化场所,科教文化场所,广东省,广州市,南沙区,113.488189,22.86289
391,石排小学,科教文化服务,科教文化场所,科教文化场所,广东省,广州市,南沙区,113.481457,22.872181
392,留东小学,科教文化服务,科教文化场所,科教文化场所,广东省,广州市,南沙区,113.505558,22.852877
393,东涌镇第二小学,科教文化服务,科教文化场所,科教文化场所,广东省,广州市,南沙区,113.459731,22.853636
394,长莫小学,科教文化服务,科教文化场所,科教文化场所,广东省,广州市,南沙区,113.473522,22.836908
395,细沥小学,科教文化服务,科教文化场所,科教文化场所,广东省,广州市,南沙区,113.452636,22.835213
396,南涌小学,科教文化服务,科教文化场所,科教文化场所,广东省,广州市,南沙区,113.462344,22.880761
397,东涌第一小学,科教文化服务,科教文化场所,科教文化场所,广东省,广州市,南沙区,113.458302,22.881607
398,天益小学,科教文化服务,科教文化场所,科教文化场所,广东省,广州市,南沙区,113.440734,22.862683
399,莲溪小学,科教文化服务,科教文化场所,科教文化场所,广东省,广州市,南沙区,113.503637,22.830169
400,低涌小学,科教文化服务,科教文化场所,科教文化场所,广东省,广州市,番禺区,113.476001,22.918336
401,广州市番禺区天誉小学,科教文化服务,科教文化场所,科教文化场所,广东省,广州市,番禺区,113.487804,22.949759
402,中共亚运城小学支部委员会,科教文化服务,科教文化场所,科教文化场所,广东省,广州市,番禺区,113.488173,22.946036
403,广州市番禺区天韵小学,科教文化服务,科教文化场所,科教文化场所,广东省,广州市,番禺区,113.495513,22.944725
404,番禺区亚运城小学,科教文化服务,科教文化场所,科教文化场所,广东省,广州市,番禺区,113.487682,22.946272
405,广州市南沙区庙南小学,科教文化服务,科教文化场所,科教文化场所,广东省,广州市,南沙区,113.496251,22.773442
406,广州大学附属中学南沙实验学校-小学部,科教文化服务,科教文化场所,科教文化场所,广东省,广州市,南沙区,113.491091,22.783144
407,江灵路小学,科教文化服务,科教文化场所,科教文化场所,广东省,广州市,南沙区,113.501799,22.768319
408,灵山岛尖中小学(建设中),科教文化服务,科教文化场所,科教文化场所,广东省,广州市,南沙区,113.504291,22.766471
409,新沙小学,科教文化服务,科教文化场所,科教文化场所,广东省,广州市,南沙区,113.446865,22.807854
410,庙贝小学,科教文化服务,科教文化场所,科教文化场所,广东省,广州市,南沙区,113.444371,22.785635
411,大岗镇新二小学,科教文化服务,科教文化场所,科教文化场所,广东省,广州市,南沙区,113.4559,22.75218
412,清流小学,科教文化服务,科教文化场所,科教文化场所,广东省,广州市,番禺区,113.499432,22.906896
413,南浦韵琴小学,科教文化服务,科教文化场所,科教文化场所,广东省,广州市,番禺区,113.468712,22.9628
414,广州市番禺区石楼镇赤山东小学,科教文化服务,科教文化场所,科教文化场所,广东省,广州市,番禺区,113.482084,22.971306
415,温泉中心小学,科教文化服务,科教文化场所,科教文化场所,广东省,广州市,从化区,113.657012,23.645431
416,温泉镇第一中心小学,科教文化服务,科教文化场所,科教文化场所,广东省,广州市,从化区,113.657101,23.645535
417,麻村小学,科教文化服务,科教文化场所,科教文化场所,广东省,广州市,从化区,113.617448,23.61305
418,温泉镇第一中心小学丰巢,科教文化服务,科教文化场所,科教文化场所,广东省,广州市,从化区,113.656729,23.645506
419,卫东小学,科教文化服务,科教文化场所,科教文化场所,广东省,广州市,从化区,113.67085,23.65494
420,光联小学,科教文化服务,科教文化场所,科教文化场所,广东省,广州市,从化区,113.602299,23.618327
421,街东小学,科教文化服务,科教文化场所,科教文化场所,广东省,广州市,从化区,113.671025,23.654953
422,磻溪小学,科教文化服务,科教文化场所,科教文化场所,广东省,广州市,从化区,113.642624,23.694581
423,石岭小学,科教文化服务,科教文化场所,科教文化场所,广东省,广州市,从化区,113.661168,23.710367
424,石碁镇石碁小学,科教文化服务,科教文化场所,科教文化场所,广东省,广州市,番禺区,113.442514,22.949525
425,韵琴小学扫黄打非工作站,科教文化服务,科教文化场所,科教文化场所,广东省,广州市,番禺区,113.468737,22.962085
426,永善小学扫黄打非工作站,科教文化服务,科教文化场所,科教文化场所,广东省,广州市,番禺区,113.458973,22.958525
427,中共清流小学支部委员会,科教文化服务,科教文化场所,科教文化场所,广东省,广州市,番禺区,113.499346,22.907344
428,上罗小学,科教文化服务,科教文化场所,科教文化场所,广东省,广州市,从化区,113.644128,23.481459
429,锦一小学,科教文化服务,科教文化场所,科教文化场所,广东省,广州市,从化区,113.619853,23.480258
430,江埔街凤凰小学,科教文化服务,科教文化场所,科教文化场所,广东省,广州市,从化区,113.673558,23.510011
431,黄围小学,科教文化服务,科教文化场所,科教文化场所,广东省,广州市,从化区,113.65172,23.530365
432,和睦小学,科教文化服务,科教文化场所,科教文化场所,广东省,广州市,从化区,113.625718,23.524056
433,下罗小学,科教文化服务,科教文化场所,科教文化场所,广东省,广州市,从化区,113.61287,23.512924
434,锦二小学,科教文化服务,科教文化场所,科教文化场所,广东省,广州市,从化区,113.614252,23.488224
435,凤凰方召麟创价小学,科教文化服务,科教文化场所,科教文化场所,广东省,广州市,从化区,113.673814,23.509957
436,温泉镇石海小学,科教文化服务,科教文化场所,科教文化场所,广东省,广州市,从化区,113.644191,23.572695
437,高峰小学,科教文化服务,科教文化场所,科教文化场所,广东省,广州市,从化区,113.64821,23.548922
438,联星小学,科教文化服务,科教文化场所,科教文化场所,广东省,广州市,从化区,113.598738,23.544218
439,桃园中心小学,科教文化服务,科教文化场所,科教文化场所,广东省,广州市,从化区,113.669495,23.602194
440,江埔街中心小学,科教文化服务,科教文化场所,科教文化场所,广东省,广州市,从化区,113.617586,23.548863
441,江埔街禾仓小学,科教文化服务,科教文化场所,科教文化场所,广东省,广州市,从化区,113.607115,23.533266
442,广东外语外贸大学从化实验小学,科教文化服务,科教文化场所,科教文化场所,广东省,广州市,从化区,113.613242,23.583551
443,江埔小学,科教文化服务,科教文化场所,科教文化场所,广东省,广州市,从化区,113.609957,23.54507
444,温泉镇第二中心小学(桃园东路),科教文化服务,科教文化场所,科教文化场所,广东省,广州市,从化区,113.668629,23.60384
445,南岗小学,科教文化服务,科教文化场所,科教文化场所,广东省,广州市,黄埔区,113.543454,23.095398
446,南安小学,科教文化服务,科教文化场所,科教文化场所,广东省,广州市,增城区,113.556503,23.112425
447,新塘镇西洲小学,科教文化服务,科教文化场所,科教文化场所,广东省,广州市,增城区,113.582735,23.099015
448,南安小学-南安学校,科教文化服务,科教文化场所,科教文化场所,广东省,广州市,增城区,113.556752,23.112266
449,新港小学(东校区),科教文化服务,科教文化场所,科教文化场所,广东省,广州市,黄埔区,113.549992,23.10353
450,东洲小学,科教文化服务,科教文化场所,科教文化场所,广东省,广州市,增城区,113.591656,23.098102
451,新塘镇新墩小学,科教文化服务,科教文化场所,科教文化场所,广东省,广州市,增城区,113.560809,23.112802
452,广州市黄埔区新庄小学,科教文化服务,科教文化场所,科教文化场所,广东省,广州市,黄埔区,113.556079,23.191225
453,云峰原著小学,科教文化服务,科教文化场所,科教文化场所,广东省,广州市,黄埔区,113.54,23.167094
454,贤江小学,科教文化服务,科教文化场所,科教文化场所,广东省,广州市,黄埔区,113.546098,23.203656
455,永岗小学,科教文化服务,科教文化场所,科教文化场所,广东省,广州市,黄埔区,113.569368,23.188784
456,永宁街第一小学,科教文化服务,科教文化场所,科教文化场所,广东省,广州市,增城区,113.590224,23.17577
457,广州市增城区凤凰实验小学,科教文化服务,科教文化场所,科教文化场所,广东省,广州市,增城区,113.56947,23.156394
458,沙北小学,科教文化服务,科教文化场所,科教文化场所,广东省,广州市,番禺区,113.521633,22.919146
459,广州菲特思公学-7a号小学教学楼,科教文化服务,科教文化场所,科教文化场所,广东省,广州市,增城区,113.566694,23.154836
460,广州市黄埔区禾丰小学,科教文化服务,科教文化场所,科教文化场所,广东省,广州市,黄埔区,113.553235,23.207973
461,永宁街长岗小学岗丰分教点,科教文化服务,科教文化场所,科教文化场所,广东省,广州市,增城区,113.590914,23.153562
462,广州市增城区永宁街第三小学,科教文化服务,科教文化场所,科教文化场所,广东省,广州市,增城区,113.591411,23.154017
463,南沙区实验小学,科教文化服务,科教文化场所,科教文化场所,广东省,广州市,南沙区,113.553269,22.766202
464,金隆小学,科教文化服务,科教文化场所,科教文化场所,广东省,广州市,南沙区,113.544808,22.785791
465,广州市南沙小学,科教文化服务,科教文化场所,科教文化场所,广东省,广州市,南沙区,113.574849,22.753409
466,金洲小学,科教文化服务,科教文化场所,科教文化场所,广东省,广州市,南沙区,113.547254,22.798715
467,金隆小学金沙路校区,科教文化服务,科教文化场所,科教文化场所,广东省,广州市,南沙区,113.545001,22.803121
468,金隆小学-绘画书法午晚托管,科教文化服务,科教文化场所,科教文化场所,广东省,广州市,南沙区,113.544637,22.788346
469,珠江小学,科教文化服务,科教文化场所,科教文化场所,广东省,广州市,南沙区,113.542226,22.705599
470,新同丰小学,科教文化服务,科教文化场所,科教文化场所,广东省,广州市,南沙区,113.544437,22.678598
471,万顷沙小学,科教文化服务,科教文化场所,科教文化场所,广东省,广州市,南沙区,113.552372,22.708606
472,广州市教育科学研究所实验小学,科教文化服务,科教文化场所,科教文化场所,广东省,广州市,南沙区,113.552904,22.708334
473,中小学全科辅导,科教文化服务,科教文化场所,科教文化场所,广东省,广州市,南沙区,113.553505,22.708501
474,侨兴小学,科教文化服务,科教文化场所,科教文化场所,广东省,广州市,南沙区,113.55209,22.718397
475,南沙区沙尾一小学,科教文化服务,科教文化场所,科教文化场所,广东省,广州市,南沙区,113.576714,22.678559
476,嘉安小学,科教文化服务,科教文化场所,科教文化场所,广东省,广州市,南沙区,113.539326,22.702428
477,沙尾二小学,科教文化服务,科教文化场所,科教文化场所,广东省,广州市,南沙区,113.589063,22.659756
478,万顷沙沙尾一小学,科教文化服务,科教文化场所,科教文化场所,广东省,广州市,南沙区,113.58894,22.659794
479,鹿颈小学,科教文化服务,科教文化场所,科教文化场所,广东省,广州市,南沙区,113.601364,22.758328
480,华南师范大学附属南沙小学,科教文化服务,科教文化场所,科教文化场所,广东省,广州市,南沙区,113.606597,22.761411
481,鹿颈小学综合活动场馆,科教文化服务,科教文化场所,科教文化场所,广东省,广州市,南沙区,113.601012,22.758504
482,良口小学,科教文化服务,科教文化场所,科教文化场所,广东省,广州市,从化区,113.733827,23.720721
483,良口镇第二小学(育才路),科教文化服务,科教文化场所,科教文化场所,广东省,广州市,从化区,113.73013,23.705203
484,团丰小学,科教文化服务,科教文化场所,科教文化场所,广东省,广州市,从化区,113.681254,23.792237
485,中新镇第三小学,科教文化服务,科教文化场所,科教文化场所,广东省,广州市,增城区,113.627786,23.333037
486,三迳小学,科教文化服务,科教文化场所,科教文化场所,广东省,广州市,增城区,113.627213,23.33178
487,福和小学,科教文化服务,科教文化场所,科教文化场所,广东省,广州市,增城区,113.632316,23.356265
488,安良小学,科教文化服务,科教文化场所,科教文化场所,广东省,广州市,增城区,113.648281,23.309736
489,田美小学,科教文化服务,科教文化场所,科教文化场所,广东省,广州市,增城区,113.642908,23.360571
490,南池方静娴小学,科教文化服务,科教文化场所,科教文化场所,广东省,广州市,增城区,113.645266,23.369349
491,五联小学,科教文化服务,培训机构,培训机构,广东省,广州市,增城区,113.662002,23.326754
492,东纵港九战士纪念小学,科教文化服务,科教文化场所,科教文化场所,广东省,广州市,增城区,113.670501,23.366149
493,中新镇中心小学大田分教点,科教文化服务,科教文化场所,科教文化场所,广东省,广州市,增城区,113.628834,23.297128
494,合益小学,科教文化服务,科教文化场所,科教文化场所,广东省,广州市,增城区,113.670453,23.366326
495,永兴小学,科教文化服务,科教文化场所,科教文化场所,广东省,广州市,增城区,113.614261,23.350699
496,福和第一小学,科教文化服务,科教文化场所,科教文化场所,广东省,广州市,增城区,113.63774,23.376363
497,新围小学,科教文化服务,科教文化场所,科教文化场所,广东省,广州市,增城区,113.660798,23.43371
498,大安小学,科教文化服务,科教文化场所,科教文化场所,广东省,广州市,增城区,113.601056,23.388903
499,官塘继枚小学,科教文化服务,科教文化场所,科教文化场所,广东省,广州市,增城区,113.617998,23.370018
500,永宁街九如小学,科教文化服务,科教文化场所,科教文化场所,广东省,广州市,增城区,113.632205,23.184113
501,章陂小学,科教文化服务,科教文化场所,科教文化场所,广东省,广州市,增城区,113.615295,23.157513
502,新塘镇白石小学,科教文化服务,科教文化场所,科教文化场所,广东省,广州市,增城区,113.65087,23.155086
503,沙埔小学,科教文化服务,科教文化场所,科教文化场所,广东省,广州市,增城区,113.663049,23.159791
504,永宁街长岗小学,科教文化服务,科教文化场所,科教文化场所,广东省,广州市,增城区,113.602213,23.151467
505,新塘镇塘美小学,科教文化服务,科教文化场所,科教文化场所,广东省,广州市,增城区,113.6384,23.148446
506,新塘镇唐溪小学,科教文化服务,科教文化场所,科教文化场所,广东省,广州市,增城区,113.638393,23.14846
507,沙头小学,科教文化服务,科教文化场所,科教文化场所,广东省,广州市,增城区,113.655732,23.149514
508,广州市增城区永宁街天誉小学,科教文化服务,科教文化场所,科教文化场所,广东省,广州市,增城区,113.613344,23.185168
509,广州市增城区开发区第二小学,科教文化服务,科教文化场所,科教文化场所,广东省,广州市,增城区,113.616569,23.189429
510,新围小学,科教文化服务,科教文化场所,科教文化场所,广东省,广州市,增城区,113.610506,23.139833
511,九和小学,科教文化服务,科教文化场所,科教文化场所,广东省,广州市,增城区,113.611978,23.261158000000002
512,中新镇第二小学,科教文化服务,科教文化场所,科教文化场所,广东省,广州市,增城区,113.625994,23.270201
513,中新镇莲塘小学,科教文化服务,科教文化场所,科教文化场所,广东省,广州市,增城区,113.667684,23.26716
514,中新镇中心小学,科教文化服务,科教文化场所,科教文化场所,广东省,广州市,增城区,113.614655,23.288246
515,增城区朱村街第二小学,科教文化服务,科教文化场所,科教文化场所,广东省,广州市,增城区,113.672684,23.274968
516,南香山小学,科教文化服务,科教文化场所,科教文化场所,广东省,广州市,增城区,113.620152,23.227545
517,广州市增城区广大附中实验小学(万科城校区),科教文化服务,科教文化场所,科教文化场所,广东省,广州市,增城区,113.611176,23.240636
518,朱村街凤秀小学,科教文化服务,科教文化场所,科教文化场所,广东省,广州市,增城区,113.662454,23.281855
519,温泉镇第三中心小学,科教文化服务,科教文化场所,科教文化场所,广东省,广州市,从化区,113.715717,23.578373
520,龙新小学,科教文化服务,科教文化场所,科教文化场所,广东省,广州市,从化区,113.689588,23.552321
521,温泉镇中田小学,科教文化服务,科教文化场所,科教文化场所,广东省,广州市,从化区,113.712358,23.620746
522,平冈小学,科教文化服务,科教文化场所,科教文化场所,广东省,广州市,从化区,113.688763,23.613196
523,竹坑小学,科教文化服务,科教文化场所,科教文化场所,广东省,广州市,增城区,113.734602,23.412273
524,沙岗小学,科教文化服务,科教文化场所,科教文化场所,广东省,广州市,增城区,113.735957,23.382243
525,长岭小学秀水分教点,科教文化服务,科教文化场所,科教文化场所,广东省,广州市,增城区,113.745967,23.43309
526,育才小学,科教文化服务,科教文化场所,科教文化场所,广东省,广州市,增城区,113.682194,23.425963
527,长岭麦韵芳小学,科教文化服务,科教文化场所,科教文化场所,广东省,广州市,增城区,113.75556,23.434646
528,拖罗小学,科教文化服务,科教文化场所,科教文化场所,广东省,广州市,增城区,113.722958,23.483761
529,墩头坳小学,科教文化服务,科教文化场所,科教文化场所,广东省,广州市,增城区,113.738599,23.487565
530,广州市增城区派潭镇第二小学,科教文化服务,科教文化场所,科教文化场所,广东省,广州市,增城区,113.738678,23.487567
531,高埔小学,科教文化服务,科教文化场所,科教文化场所,广东省,广州市,增城区,113.733925,23.462992
532,旧高埔小学,科教文化服务,科教文化场所,科教文化场所,广东省,广州市,增城区,113.711873,23.469837
533,朱村街横塱小学,科教文化服务,科教文化场所,科教文化场所,广东省,广州市,增城区,113.715173,23.255999
534,朱村街南岗小学,科教文化服务,科教文化场所,科教文化场所,广东省,广州市,增城区,113.714917,23.274515
535,岳湖小学,科教文化服务,科教文化场所,科教文化场所,广东省,广州市,增城区,113.703345,23.219037
536,中小学学习辅导中心,科教文化服务,科教文化场所,科教文化场所,广东省,广州市,增城区,113.694947,23.276807
537,龙岗小学,科教文化服务,科教文化场所,科教文化场所,广东省,广州市,增城区,113.700172,23.294722
538,丹邱小学,科教文化服务,科教文化场所,科教文化场所,广东省,广州市,增城区,113.724363,23.299999
539,朱村街西福小学,科教文化服务,科教文化场所,科教文化场所,广东省,广州市,增城区,113.679957,23.269943
540,仙村镇中心小学,科教文化服务,科教文化场所,科教文化场所,广东省,广州市,增城区,113.717748,23.168905
541,基岗小学,科教文化服务,科教文化场所,科教文化场所,广东省,广州市,增城区,113.71626,23.182739
542,仙村镇第二小学,科教文化服务,科教文化场所,科教文化场所,广东省,广州市,增城区,113.723792,23.162528
543,沙头小学,科教文化服务,科教文化场所,科教文化场所,广东省,广州市,增城区,113.706209,23.168513
544,增城市仙村镇基岗小学家长学校,科教文化服务,科教文化场所,科教文化场所,广东省,广州市,增城区,113.716382,23.182405
545,蓝山小学,科教文化服务,科教文化场所,科教文化场所,广东省,广州市,增城区,113.733909,23.187471
546,增城区石滩镇岳埔村小学,科教文化服务,科教文化场所,科教文化场所,广东省,广州市,增城区,113.756609,23.146684
