,吴仕娣西医内科诊所,医疗保健服务,专科医院,专科医院.1,广东省,深圳市,宝安区,113.783813,22.724596,Unnamed: 9,Unnamed: 10,Unnamed: 11,Unnamed: 12,Unnamed: 13
0,陈年虎中医内科诊所,医疗保健服务,专科医院,专科医院,广东省,深圳市,宝安区,113.783763,22.727943,,,,,
1,润笑口腔门诊部,医疗保健服务,专科医院,口腔医院,广东省,深圳市,宝安区,113.78624,22.733426,,,,,
2,润笑口腔,医疗保健服务,专科医院,口腔医院,广东省,深圳市,宝安区,113.786233,22.733486,,,,,
3,叶泉明口腔诊所,医疗保健服务,专科医院,口腔医院,广东省,深圳市,宝安区,113.789611,22.715049,,,,,
4,深圳博泰口腔诊所,医疗保健服务,专科医院,口腔医院,广东省,深圳市,宝安区,113.790627,22.692433,,,,,
5,黎国崇西医内科诊所,医疗保健服务,专科医院,专科医院,广东省,深圳市,宝安区,113.807832,22.763956,,,,,
6,翁叨艳口腔诊所,医疗保健服务,专科医院,口腔医院,广东省,深圳市,宝安区,113.809976,22.75888,,,,,
7,忠诚口腔护理,医疗保健服务,专科医院,口腔医院,广东省,深圳市,宝安区,113.810637,22.75536,,,,,
8,牙牙乐,医疗保健服务,专科医院,口腔医院,广东省,深圳市,宝安区,113.812372,22.754741,,,,,
9,深圳贝奇口腔诊所,医疗保健服务,专科医院,口腔医院,广东省,深圳市,宝安区,113.813664,22.754182,,,,,
10,永安妇科,医疗保健服务,专科医院,妇科医院,广东省,深圳市,宝安区,113.815871,22.753721,,,,,
11,深圳爱达口腔,医疗保健服务,专科医院,口腔医院,广东省,深圳市,宝安区,113.809275,22.723349,,,,,
12,深圳维良德口腔门诊部,医疗保健服务,专科医院,口腔医院,广东省,深圳市,宝安区,113.806407,22.723229,,,,,
13,深圳维良德口腔诊所,医疗保健服务,专科医院,口腔医院,广东省,深圳市,宝安区,113.806362,22.723152,,,,,
14,丹妮特口腔诊所,医疗保健服务,专科医院,口腔医院,广东省,深圳市,宝安区,113.816826,22.719602,,,,,
15,益齿佳牙科,医疗保健服务,专科医院,口腔医院,广东省,深圳市,宝安区,113.807216,22.68564,,,,,
16,深圳美思特口腔诊所(社保店),医疗保健服务,专科医院,口腔医院,广东省,深圳市,宝安区,113.808058,22.684895,,,,,
17,桥头叶生牙科,医疗保健服务,专科医院,口腔医院,广东省,深圳市,宝安区,113.807267,22.685735,,,,,
18,深圳雅美康口腔诊所,医疗保健服务,专科医院,口腔医院,广东省,深圳市,宝安区,113.808542,22.686783,,,,,
19,四季河山口腔连锁福永福中店,医疗保健服务,专科医院,口腔医院,广东省,深圳市,宝安区,113.812766,22.674191,,,,,
20,深圳雅瑞康口腔诊所,医疗保健服务,专科医院,口腔医院,广东省,深圳市,宝安区,113.810559,22.690644,,,,,
21,深圳赖成梅口腔诊所,医疗保健服务,专科医院,口腔医院,广东省,深圳市,宝安区,113.821934,22.652566,,,,,
22,深圳彭志灵口腔诊所,医疗保健服务,专科医院,口腔医院,广东省,深圳市,宝安区,113.821929,22.652426,,,,,
23,徐婷口腔诊所,医疗保健服务,专科医院,口腔医院,广东省,深圳市,宝安区,113.825247,22.650408,,,,,
24,瞳领眼科(福永店),医疗保健服务,专科医院,眼科医院,广东省,深圳市,宝安区,113.818726,22.661025,,,,,
25,深圳瞳仁眼科诊所,医疗保健服务,专科医院,眼科医院,广东省,深圳市,宝安区,113.819282,22.670675,,,,,
26,瞳仁眼科,医疗保健服务,专科医院,眼科医院,广东省,深圳市,宝安区,113.819708,22.670809,,,,,
27,杨永坚西医妇科诊所,医疗保健服务,专科医院,妇科医院,广东省,深圳市,宝安区,113.819542,22.674011,,,,,
28,深圳河山福永口腔诊所,医疗保健服务,专科医院,口腔医院,广东省,深圳市,宝安区,113.826268,22.675263,,,,,
29,深圳常煜口腔诊所,医疗保健服务,专科医院,口腔医院,广东省,深圳市,宝安区,113.814221,22.668273,,,,,
30,深圳周明清口腔诊所,医疗保健服务,专科医院,口腔医院,广东省,深圳市,宝安区,113.799117,22.673476,,,,,
31,李绿军口腔诊所,医疗保健服务,专科医院,口腔医院,广东省,深圳市,宝安区,113.80146,22.671933,,,,,
32,李运贤口腔诊所,医疗保健服务,专科医院,口腔医院,广东省,深圳市,宝安区,113.813978,22.667926,,,,,
33,许军军口腔诊所,医疗保健服务,专科医院,口腔医院,广东省,深圳市,宝安区,113.818663,22.670265,,,,,
34,佳雅口腔,医疗保健服务,专科医院,口腔医院,广东省,深圳市,宝安区,113.820437,22.670432,,,,,
35,深圳叶生口腔诊所,医疗保健服务,专科医院,口腔医院,广东省,深圳市,宝安区,113.825034,22.674819,,,,,
36,深圳广雅口腔门诊,医疗保健服务,专科医院,口腔医院,广东省,深圳市,宝安区,113.823276,22.672395,,,,,
37,雅芳牙科,医疗保健服务,专科医院,口腔医院,广东省,深圳市,宝安区,113.823751,22.672353,,,,,
38,叶志锋口腔诊所,医疗保健服务,专科医院,口腔医院,广东省,深圳市,宝安区,113.820997,22.669995,,,,,
39,福兴口腔诊所,医疗保健服务,专科医院,口腔医院,广东省,深圳市,宝安区,113.821753,22.693761,,,,,
40,邓健锋口腔诊所,医疗保健服务,专科医院,口腔医院,广东省,深圳市,宝安区,113.801971,22.66911,,,,,
41,爱康美连锁齿科,医疗保健服务,专科医院,口腔医院,广东省,深圳市,宝安区,113.822113,22.670714,,,,,
42,深圳雅达口腔诊所,医疗保健服务,专科医院,口腔医院,广东省,深圳市,宝安区,113.844579,22.799228,,,,,
43,陈生口腔,医疗保健服务,专科医院,口腔医院,广东省,深圳市,宝安区,113.843317,22.803102,,,,,
44,深圳口腔诊所,医疗保健服务,专科医院,口腔医院,广东省,深圳市,宝安区,113.841922,22.799871,,,,,
45,郑民口腔,医疗保健服务,专科医院,口腔医院,广东省,深圳市,宝安区,113.842196,22.80479,,,,,
46,龚西磊口腔诊所,医疗保健服务,专科医院,口腔医院,广东省,深圳市,宝安区,113.841491,22.800573,,,,,
47,深圳美惠口腔诊所,医疗保健服务,专科医院,口腔医院,广东省,深圳市,宝安区,113.842858,22.807596,,,,,
48,深圳概念丽口腔门诊部,医疗保健服务,专科医院,口腔医院,广东省,深圳市,宝安区,113.852136,22.762512,,,,,
49,世纪河山口腔连锁(松岗店—-深圳河山淞港口腔门诊部),医疗保健服务,专科医院,口腔医院,广东省,深圳市,宝安区,113.850748,22.763742,,,,,
50,口腔护理,医疗保健服务,专科医院,口腔医院,广东省,深圳市,宝安区,113.854743,22.764527,,,,,
51,深圳雅天使口腔门诊部,医疗保健服务,专科医院,口腔医院,广东省,深圳市,宝安区,113.856311,22.763364,,,,,
52,李志勇口腔诊所,医疗保健服务,专科医院,口腔医院,广东省,深圳市,宝安区,113.846846,22.716769,,,,,
53,郑金泉口腔诊所,医疗保健服务,专科医院,口腔医院,广东省,深圳市,宝安区,113.843658,22.719198,,,,,
54,深圳胡悦华口腔诊所,医疗保健服务,专科医院,口腔医院,广东省,深圳市,宝安区,113.859548,22.719224,,,,,
55,史为口腔诊所,医疗保健服务,专科医院,口腔医院,广东省,深圳市,宝安区,113.844252,22.716667,,,,,
56,深圳希尔健口腔诊所,医疗保健服务,专科医院,口腔医院,广东省,深圳市,宝安区,113.860618,22.719299,,,,,
57,叶坚牙科,医疗保健服务,专科医院,口腔医院,广东省,深圳市,宝安区,113.839443,22.6867,,,,,
58,李志雄口腔诊所(凤凰分店),医疗保健服务,专科医院,口腔医院,广东省,深圳市,宝安区,113.839475,22.68886,,,,,
59,深圳罗绿意口腔诊所,医疗保健服务,专科医院,口腔医院,广东省,深圳市,宝安区,113.836408,22.691925,,,,,
60,深圳莫海丽口腔诊所,医疗保健服务,专科医院,口腔医院,广东省,深圳市,宝安区,113.834963,22.689604,,,,,
61,叶生牙科,医疗保健服务,专科医院,口腔医院,广东省,深圳市,宝安区,113.837821,22.692523,,,,,
62,钟亮清口腔诊所,医疗保健服务,专科医院,口腔医院,广东省,深圳市,宝安区,113.84267,22.628177,,,,,
63,魏少波口腔诊所,医疗保健服务,专科医院,口腔医院,广东省,深圳市,宝安区,113.852301,22.599654,,,,,
64,口腔牙科诊所,医疗保健服务,专科医院,口腔医院,广东省,深圳市,宝安区,113.851592,22.601222,,,,,
65,深圳翁国宏口腔诊所,医疗保健服务,专科医院,口腔医院,广东省,深圳市,宝安区,113.851381,22.601086,,,,,
66,深圳鼎固口腔诊所,医疗保健服务,专科医院,口腔医院,广东省,深圳市,宝安区,113.850264,22.60221,,,,,
67,皓齿口腔,医疗保健服务,专科医院,口腔医院,广东省,深圳市,宝安区,113.851167,22.60274,,,,,
68,深圳固隆西医内科诊所,医疗保健服务,专科医院,专科医院,广东省,深圳市,宝安区,113.852438,22.599961,,,,,
69,西医内科诊所,医疗保健服务,专科医院,专科医院,广东省,深圳市,宝安区,113.849265,22.601838,,,,,
70,深圳宝航口腔诊所,医疗保健服务,专科医院,口腔医院,广东省,深圳市,宝安区,113.852505,22.603889,,,,,
71,深圳领航口腔诊所,医疗保健服务,专科医院,口腔医院,广东省,深圳市,宝安区,113.852504,22.603898,,,,,
72,深圳远东宝安妇产医院(装修中),医疗保健服务,专科医院,妇科医院,广东省,深圳市,宝安区,113.852961,22.604857,,,,,
73,五洲口腔科,医疗保健服务,专科医院,口腔医院,广东省,深圳市,宝安区,113.852789,22.60521,,,,,
74,深圳慧齿口腔诊所,医疗保健服务,专科医院,口腔医院,广东省,深圳市,宝安区,113.850427,22.597825,,,,,
75,深圳爱贝口腔门诊部,医疗保健服务,专科医院,口腔医院,广东省,深圳市,宝安区,113.854786,22.567216,,,,,
76,诺德齿科(碧海湾旗舰店),医疗保健服务,专科医院,口腔医院,广东省,深圳市,宝安区,113.854906,22.568022,,,,,
77,深圳迪拜雅健口腔门诊部,医疗保健服务,专科医院,口腔医院,广东省,深圳市,宝安区,113.854707,22.568906,,,,,
78,晓霞口腔,医疗保健服务,专科医院,口腔医院,广东省,深圳市,宝安区,113.859879,22.564795,,,,,
79,深圳品创口腔诊所,医疗保健服务,专科医院,口腔医院,广东省,深圳市,宝安区,113.857273,22.570437,,,,,
80,拜迩口腔(悦和路),医疗保健服务,专科医院,口腔医院,广东省,深圳市,宝安区,113.857665,22.571444,,,,,
81,深圳恒牙口腔门诊部,医疗保健服务,专科医院,口腔医院,广东省,深圳市,宝安区,113.854052,22.572977,,,,,
82,深圳禾沐星辉口腔诊所,医疗保健服务,专科医院,口腔医院,广东省,深圳市,宝安区,113.863742,22.566642,,,,,
83,同步齿科,医疗保健服务,专科医院,口腔医院,广东省,深圳市,宝安区,113.860972,22.570565,,,,,
84,张生口腔,医疗保健服务,专科医院,口腔医院,广东省,深圳市,宝安区,113.864065,22.566298,,,,,
85,同步齿科同正口腔门诊部,医疗保健服务,专科医院,口腔医院,广东省,深圳市,宝安区,113.860887,22.570498,,,,,
86,深圳禾沐口腔门诊部旗舰店,医疗保健服务,专科医院,口腔医院,广东省,深圳市,宝安区,113.866666,22.567216,,,,,
87,子文齿科(西乡店),医疗保健服务,专科医院,口腔医院,广东省,深圳市,宝安区,113.864558,22.573321,,,,,
88,深圳牙天使口腔门诊部,医疗保健服务,专科医院,口腔医院,广东省,深圳市,宝安区,113.86054,22.574357,,,,,
89,正夫口腔,医疗保健服务,专科医院,口腔医院,广东省,深圳市,宝安区,113.863769,22.574013,,,,,
90,深圳市诗雅口腔诊所,医疗保健服务,专科医院,口腔医院,广东省,深圳市,宝安区,113.860548,22.57539,,,,,
91,深圳迪芽口腔诊所,医疗保健服务,专科医院,口腔医院,广东省,深圳市,宝安区,113.868819,22.564699,,,,,
92,同步齿科·同正门诊·正畸种植旗舰店(西乡店),医疗保健服务,专科医院,口腔医院,广东省,深圳市,宝安区,113.860954,22.570577,,,,,
93,子文口腔,医疗保健服务,专科医院,口腔医院,广东省,深圳市,宝安区,113.864483,22.573067,,,,,
94,拜尔口腔,医疗保健服务,专科医院,口腔医院,广东省,深圳市,宝安区,113.861567,22.574943,,,,,
95,深圳圣淘沙骏园口腔门诊部,医疗保健服务,专科医院,口腔医院,广东省,深圳市,宝安区,113.863877,22.573598,,,,,
96,李秀萍口腔诊所,医疗保健服务,专科医院,口腔医院,广东省,深圳市,宝安区,113.868378,22.569469,,,,,
97,深圳坪洲诺德口腔诊所,医疗保健服务,专科医院,口腔医院,广东省,深圳市,宝安区,113.8691,22.570493,,,,,
98,美容牙牙齿矫正,医疗保健服务,专科医院,口腔医院,广东省,深圳市,宝安区,113.870645,22.569354,,,,,
99,欧芽口腔(宝安店),医疗保健服务,专科医院,口腔医院,广东省,深圳市,宝安区,113.870705,22.5694,,,,,
100,深圳美加美医疗美容,医疗保健服务,专科医院,整形美容,广东省,深圳市,宝安区,113.870881,22.575913,,,,,
101,古汉城口腔诊所,医疗保健服务,专科医院,口腔医院,广东省,深圳市,宝安区,113.86843,22.581231,,,,,
102,深圳仟诚口腔诊所,医疗保健服务,专科医院,口腔医院,广东省,深圳市,宝安区,113.868459,22.581361,,,,,
103,深圳雅美佳口腔诊所,医疗保健服务,专科医院,口腔医院,广东省,深圳市,光明区,113.889358,22.799853,,,,,
104,深圳李展文口腔诊所,医疗保健服务,专科医院,口腔医院,广东省,深圳市,光明区,113.887834,22.800172,,,,,
105,深圳张育兵口腔诊所,医疗保健服务,专科医院,口腔医院,广东省,深圳市,光明区,113.887245,22.803112,,,,,
106,深圳唐度和西医内科诊所,医疗保健服务,专科医院,专科医院,广东省,深圳市,光明区,113.887075,22.803794,,,,,
107,深圳思迈尔口腔诊所,医疗保健服务,专科医院,口腔医院,广东省,深圳市,光明区,113.89569,22.761616,,,,,
108,深圳苏芯口腔诊所,医疗保健服务,专科医院,口腔医院,广东省,深圳市,光明区,113.895726,22.761588,,,,,
109,健民口腔护理,医疗保健服务,专科医院,口腔医院,广东省,深圳市,光明区,113.903803,22.752779,,,,,
110,深圳马田爱尔眼科门诊,医疗保健服务,专科医院,眼科医院,广东省,深圳市,光明区,113.90307,22.766721,,,,,
111,同步齿科(光明高中店),医疗保健服务,专科医院,口腔医院,广东省,深圳市,光明区,113.903135,22.7668,,,,,
112,深圳市光明区但柏炎西医内科诊所,医疗保健服务,专科医院,专科医院,广东省,深圳市,光明区,113.897067,22.717417,,,,,
113,深圳方孝文口腔诊所,医疗保健服务,专科医院,口腔医院,广东省,深圳市,光明区,113.893686,22.715683,,,,,
114,圣浩齿科,医疗保健服务,专科医院,口腔医院,广东省,深圳市,光明区,113.900385,22.716818,,,,,
115,深圳圣浩玉律口腔门诊部,医疗保健服务,专科医院,口腔医院,广东省,深圳市,光明区,113.900294,22.71683,,,,,
116,深圳市光明区黄桂密西医妇科诊所,医疗保健服务,专科医院,妇科医院,广东省,深圳市,光明区,113.902306,22.727337,,,,,
117,梁郁贤中医内科诊所,医疗保健服务,专科医院,专科医院,广东省,深圳市,宝安区,113.898605,22.672637,,,,,
118,霍春华口腔诊所,医疗保健服务,专科医院,口腔医院,广东省,深圳市,宝安区,113.893382,22.669187,,,,,
119,蔡六娣口腔专科,医疗保健服务,专科医院,口腔医院,广东省,深圳市,宝安区,113.892093,22.668317,,,,,
120,毅君口腔,医疗保健服务,专科医院,口腔医院,广东省,深圳市,光明区,113.889739,22.778819,,,,,
121,周丽丽口腔诊所,医疗保健服务,专科医院,口腔医院,广东省,深圳市,光明区,113.893004,22.779222,,,,,
122,启飞齿科(西乡店),医疗保健服务,专科医院,口腔医院,广东省,深圳市,宝安区,113.885494,22.586815,,,,,
123,深圳赵来友口腔诊所,医疗保健服务,专科医院,口腔医院,广东省,深圳市,宝安区,113.884526,22.599776,,,,,
124,深圳罡正口腔诊所,医疗保健服务,专科医院,口腔医院,广东省,深圳市,宝安区,113.881402,22.59445,,,,,
125,彭锦文中医内科诊所,医疗保健服务,专科医院,专科医院,广东省,深圳市,宝安区,113.888613,22.586223,,,,,
126,壹方齿科,医疗保健服务,专科医院,口腔医院,广东省,深圳市,宝安区,113.881268,22.593902,,,,,
127,常艳艳口腔诊所,医疗保健服务,专科医院,口腔医院,广东省,深圳市,宝安区,113.879364,22.595363,,,,,
128,恒安康齿科连锁,医疗保健服务,专科医院,口腔医院,广东省,深圳市,宝安区,113.87933,22.595342,,,,,
129,深圳壹方齐美口腔门诊部,医疗保健服务,专科医院,口腔医院,广东省,深圳市,宝安区,113.881249,22.593884,,,,,
130,深圳市宝安区计划生育专科医院,医疗保健服务,专科医院,专科医院,广东省,深圳市,宝安区,113.901035,22.565396,,,,,
131,郭汉国口腔科诊所,医疗保健服务,专科医院,口腔医院,广东省,深圳市,宝安区,113.892798,22.563098,,,,,
132,李论中医骨伤科诊所,医疗保健服务,专科医院,骨科医院,广东省,深圳市,宝安区,113.892439,22.560585,,,,,
133,深圳同仁妇产医院,医疗保健服务,专科医院,妇科医院,广东省,深圳市,宝安区,113.871617,22.575325,,,,,
134,吴震东口腔诊所,医疗保健服务,专科医院,口腔医院,广东省,深圳市,宝安区,113.893926,22.56075,,,,,
135,壹方口腔门诊部,医疗保健服务,专科医院,口腔医院,广东省,深圳市,宝安区,113.888639,22.562158,,,,,
136,乐美医疗美容门诊部,医疗保健服务,专科医院,整形美容,广东省,深圳市,宝安区,113.893783,22.560612,,,,,
137,同步齿科,医疗保健服务,专科医院,口腔医院,广东省,深圳市,宝安区,113.893785,22.560619,,,,,
138,深圳乐美医疗美容,医疗保健服务,专科医院,整形美容,广东省,深圳市,宝安区,113.893756,22.560594,,,,,
139,深圳润颜医疗美容门诊部,医疗保健服务,专科医院,整形美容,广东省,深圳市,南山区,113.900729,22.52891,,,,,
140,意适美口腔管理中心(秀恩国际美学管理中心),医疗保健服务,专科医院,口腔医院,广东省,深圳市,南山区,113.89819,22.528653,,,,,
141,深圳中医糖尿病专科,医疗保健服务,专科医院,专科医院,广东省,深圳市,南山区,113.905362,22.511049,,,,,
142,前海口腔,医疗保健服务,专科医院,口腔医院,广东省,深圳市,南山区,113.907209,22.511839,,,,,
143,夏军口腔诊所(第三分店),医疗保健服务,专科医院,口腔医院,广东省,深圳市,南山区,113.904519,22.511048,,,,,
144,雅康口腔门诊部(南山旗舰店),医疗保健服务,专科医院,口腔医院,广东省,深圳市,南山区,113.905929,22.510649,,,,,
145,同步齿科,医疗保健服务,专科医院,口腔医院,广东省,深圳市,南山区,113.909771,22.515456,,,,,
146,雅美口腔,医疗保健服务,专科医院,口腔医院,广东省,深圳市,南山区,113.905435,22.534898,,,,,
147,雅美鑫口腔门诊部,医疗保健服务,专科医院,口腔医院,广东省,深圳市,南山区,113.905563,22.534916,,,,,
148,英瑞齿科,医疗保健服务,专科医院,口腔医院,广东省,深圳市,南山区,113.90995,22.514384,,,,,
149,深圳同步齿科同泰口腔门诊部,医疗保健服务,专科医院,口腔医院,广东省,深圳市,南山区,113.909771,22.515456,,,,,
150,深圳卓朗口腔诊所,医疗保健服务,专科医院,口腔医院,广东省,深圳市,南山区,113.891463,22.495605,,,,,
151,名晨齿科,医疗保健服务,专科医院,口腔医院,广东省,深圳市,南山区,113.895172,22.501726,,,,,
152,深圳候武堂口腔诊所,医疗保健服务,专科医院,口腔医院,广东省,深圳市,宝安区,113.887398,22.55845,,,,,
153,正强齿科(宝体店),医疗保健服务,专科医院,口腔医院,广东省,深圳市,宝安区,113.882532,22.561793,,,,,
154,领域齿科,医疗保健服务,专科医院,口腔医院,广东省,深圳市,宝安区,113.888564,22.554145,,,,,
155,登特口腔(宝安店),医疗保健服务,专科医院,口腔医院,广东省,深圳市,宝安区,113.888453,22.568659,,,,,
156,深圳张敬新口腔诊所,医疗保健服务,专科医院,口腔医院,广东省,深圳市,宝安区,113.886408,22.567569,,,,,
157,深圳口腔诊所,医疗保健服务,专科医院,口腔医院,广东省,深圳市,宝安区,113.886377,22.567605,,,,,
158,深圳希美医疗美容,医疗保健服务,专科医院,整形美容,广东省,深圳市,宝安区,113.882599,22.565019,,,,,
159,深圳八目口腔诊所,医疗保健服务,专科医院,口腔医院,广东省,深圳市,宝安区,113.888303,22.554631,,,,,
160,深圳吴华娣口腔诊所,医疗保健服务,专科医院,口腔医院,广东省,深圳市,宝安区,113.887398,22.568393,,,,,
161,王流波跌打正骨,医疗保健服务,专科医院,骨科医院,广东省,深圳市,宝安区,113.900478,22.557928,,,,,
162,惠民牙科(翻身小区八巷),医疗保健服务,专科医院,口腔医院,广东省,深圳市,宝安区,113.889114,22.56867,,,,,
163,深圳魅丽凰后医疗美容诊所,医疗保健服务,专科医院,整形美容,广东省,深圳市,宝安区,113.885931,22.556644,,,,,
164,深圳守正口腔诊所,医疗保健服务,专科医院,口腔医院,广东省,深圳市,宝安区,113.89612,22.554922,,,,,
165,深圳市光明区王战西医内科诊所,医疗保健服务,专科医院,专科医院,广东省,深圳市,光明区,113.942444,22.801737,,,,,
166,缪小玲口腔诊所,医疗保健服务,专科医院,口腔医院,广东省,深圳市,光明区,113.943948,22.79586,,,,,
167,明星妇科,医疗保健服务,专科医院,妇科医院,广东省,深圳市,光明区,113.945738,22.790062,,,,,
168,深圳市艾美莱口腔诊所,医疗保健服务,专科医院,口腔医院,广东省,深圳市,光明区,113.945473,22.790185,,,,,
169,深圳陈志强西医内科诊所,医疗保健服务,专科医院,专科医院,广东省,深圳市,光明区,113.929841,22.783655,,,,,
170,洛阳正骨,医疗保健服务,专科医院,骨科医院,广东省,深圳市,光明区,113.927022,22.783334,,,,,
171,深圳颜玉辉口腔诊所,医疗保健服务,专科医院,口腔医院,广东省,深圳市,光明区,113.948115,22.790356,,,,,
172,深圳德贝雅口腔诊所,医疗保健服务,专科医院,口腔医院,广东省,深圳市,光明区,113.92715,22.782643,,,,,
173,张近新口腔诊所,医疗保健服务,专科医院,口腔医院,广东省,深圳市,光明区,113.944511,22.761271,,,,,
174,深圳牙力仕口腔诊所,医疗保健服务,专科医院,口腔医院,广东省,深圳市,光明区,113.942963,22.761171,,,,,
175,深圳张智彬口腔诊所,医疗保健服务,专科医院,口腔医院,广东省,深圳市,光明区,113.942838,22.758553,,,,,
176,好大夫,医疗保健服务,专科医院,妇科医院,广东省,深圳市,光明区,113.918372,22.755456,,,,,
177,深圳塘仁家口腔诊所,医疗保健服务,专科医院,口腔医院,广东省,深圳市,光明区,113.937825,22.731358,,,,,
178,深圳邓莉花口腔诊所,医疗保健服务,专科医院,口腔医院,广东省,深圳市,光明区,113.940117,22.731251,,,,,
179,深圳光谷口腔诊所,医疗保健服务,专科医院,口腔医院,广东省,深圳市,光明区,113.930338,22.736152,,,,,
180,深圳健洁口腔诊所,医疗保健服务,专科医院,口腔医院,广东省,深圳市,宝安区,113.932264,22.681745,,,,,
181,深圳恒大口腔,医疗保健服务,专科医院,专科医院,广东省,深圳市,宝安区,113.93301,22.677834,,,,,
182,深圳宏山·口腔门诊部,医疗保健服务,专科医院,口腔医院,广东省,深圳市,宝安区,113.934928,22.681609,,,,,
183,祖传跌打河滨花园店,医疗保健服务,专科医院,骨科医院,广东省,深圳市,宝安区,113.935152,22.678532,,,,,
184,急诊科胸痛中心,医疗保健服务,专科医院,胸科医院,广东省,深圳市,宝安区,113.940595,22.678436,,,,,
185,张长庚西医内科诊所,医疗保健服务,专科医院,专科医院,广东省,深圳市,南山区,113.932041,22.63547,,,,,
186,康易美口腔诊所,医疗保健服务,专科医院,口腔医院,广东省,深圳市,宝安区,113.927609,22.643847,,,,,
187,深圳益洁口腔诊所,医疗保健服务,专科医院,口腔医院,广东省,深圳市,南山区,113.933765,22.634481,,,,,
188,深圳奥易美口腔诊所,医疗保健服务,专科医院,口腔医院,广东省,深圳市,宝安区,113.925015,22.646456,,,,,
189,深圳瑞达口腔诊所,医疗保健服务,专科医院,口腔医院,广东省,深圳市,宝安区,113.923873,22.64672,,,,,
190,牙太子口腔集团(宝安店),医疗保健服务,专科医院,口腔医院,广东省,深圳市,宝安区,113.927568,22.582531,,,,,
191,益健口腔,医疗保健服务,专科医院,口腔医院,广东省,深圳市,南山区,113.948044,22.585782,,,,,
192,时代牙科(西丽门诊),医疗保健服务,专科医院,口腔医院,广东省,深圳市,南山区,113.947918,22.584261,,,,,
193,西盟口腔,医疗保健服务,专科医院,口腔医院,广东省,深圳市,南山区,113.947835,22.581882,,,,,
194,合诺口腔(西丽店),医疗保健服务,专科医院,口腔医院,广东省,深圳市,南山区,113.950932,22.581854,,,,,
195,正夫口腔(马家龙店),医疗保健服务,专科医院,口腔医院,广东省,深圳市,南山区,113.928532,22.545972,,,,,
196,深圳齐铭口腔诊所,医疗保健服务,专科医院,口腔医院,广东省,深圳市,南山区,113.927663,22.548155,,,,,
197,时代牙科(海岸城西座),医疗保健服务,专科医院,口腔医院,广东省,深圳市,南山区,113.93659,22.518355,,,,,
198,麦芽口腔(南山机构),医疗保健服务,专科医院,口腔医院,广东省,深圳市,南山区,113.92262,22.522128,,,,,
199,深圳联合丽格医疗美容,医疗保健服务,专科医院,整形美容,广东省,深圳市,南山区,113.930253,22.518631,,,,,
200,美视眼科诊所,医疗保健服务,专科医院,眼科医院,广东省,深圳市,南山区,113.930241,22.51993,,,,,
201,吉祥齿科(海德二道),医疗保健服务,专科医院,口腔医院,广东省,深圳市,南山区,113.929435,22.520016,,,,,
202,深圳吉祥口腔门诊部,医疗保健服务,专科医院,口腔医院,广东省,深圳市,南山区,113.929446,22.520075,,,,,
203,佑诺隐适美中心,医疗保健服务,专科医院,口腔医院,广东省,深圳市,南山区,113.930312,22.519895,,,,,
204,李英全中医妇科诊所,医疗保健服务,专科医院,妇科医院,广东省,深圳市,南山区,113.932037,22.518101,,,,,
205,慈恩齿科(海岸城店),医疗保健服务,专科医院,口腔医院,广东省,深圳市,南山区,113.934239,22.517719,,,,,
206,贝漾美天医疗美容,医疗保健服务,专科医院,整形美容,广东省,深圳市,南山区,113.929745,22.526454,,,,,
207,保丽圣瑞医疗美容,医疗保健服务,专科医院,整形美容,广东省,深圳市,南山区,113.928749,22.525007,,,,,
208,深圳美奥口腔医院,医疗保健服务,专科医院,口腔医院,广东省,深圳市,南山区,113.928289,22.519516,,,,,
209,王晶口腔诊所,医疗保健服务,专科医院,口腔医院,广东省,深圳市,南山区,113.935593,22.513802,,,,,
210,陈静口腔诊所(南海大道),医疗保健服务,专科医院,口腔医院,广东省,深圳市,南山区,113.930333,22.530736,,,,,
211,德道口腔,医疗保健服务,专科医院,口腔医院,广东省,深圳市,南山区,113.926469,22.522997,,,,,
212,弘美医疗美容门诊部,医疗保健服务,专科医院,整形美容,广东省,深圳市,南山区,113.927536,22.517848,,,,,
213,南山妇幼保健院,医疗保健服务,专科医院,专科医院,广东省,深圳市,南山区,113.930342,22.487389,,,,,
214,深圳家心口腔诊所,医疗保健服务,专科医院,口腔医院,广东省,深圳市,南山区,113.928564,22.485179,,,,,
215,深圳家心齿科,医疗保健服务,专科医院,口腔医院,广东省,深圳市,南山区,113.928583,22.48517,,,,,
216,陈创林联合诊所,医疗保健服务,专科医院,口腔医院,广东省,深圳市,南山区,113.928444,22.485796,,,,,
217,陈创林联合诊所(口腔科),医疗保健服务,专科医院,口腔医院,广东省,深圳市,南山区,113.928435,22.485916,,,,,
218,史久成口腔诊所,医疗保健服务,专科医院,口腔医院,广东省,深圳市,南山区,113.935178,22.48631,,,,,
219,赖瑞连口腔诊所,医疗保健服务,专科医院,口腔医院,广东省,深圳市,南山区,113.927724,22.485475,,,,,
220,爱齿汇口腔湾厦店,医疗保健服务,专科医院,口腔医院,广东省,深圳市,南山区,113.931649,22.487091,,,,,
221,联盟口腔(陈龙口腔诊所),医疗保健服务,专科医院,口腔医院,广东省,深圳市,南山区,113.928639,22.486947,,,,,
222,瞳玺眼科蛇口视光中心,医疗保健服务,专科医院,眼科医院,广东省,深圳市,南山区,113.929668,22.487379,,,,,
223,正夫口腔(蛇口店),医疗保健服务,专科医院,口腔医院,广东省,深圳市,南山区,113.929667,22.48819,,,,,
224,深圳致冠口腔诊所,医疗保健服务,专科医院,口腔医院,广东省,深圳市,南山区,113.93516,22.486309,,,,,
225,半岛口腔,医疗保健服务,专科医院,口腔医院,广东省,深圳市,南山区,113.932082,22.487665,,,,,
226,深圳市南山区妇女儿童医院,医疗保健服务,专科医院,妇科医院,广东省,深圳市,南山区,113.930747,22.487015,,,,,
227,李恒口腔诊所,医疗保健服务,专科医院,口腔医院,广东省,深圳市,南山区,113.929338,22.489072,,,,,
228,望海齿科,医疗保健服务,专科医院,口腔医院,广东省,深圳市,南山区,113.924776,22.485775,,,,,
229,紫荆齿科,医疗保健服务,专科医院,口腔医院,广东省,深圳市,南山区,113.923126,22.485261,,,,,
230,深圳恒正道口腔诊所,医疗保健服务,专科医院,口腔医院,广东省,深圳市,南山区,113.929345,22.489089,,,,,
231,深圳恒正道口腔诊所,医疗保健服务,专科医院,口腔医院,广东省,深圳市,南山区,113.929345,22.489089,,,,,
232,深圳语馨口腔诊所,医疗保健服务,专科医院,口腔医院,广东省,深圳市,南山区,113.924949,22.486691,,,,,
233,明森齿科蛇口分院,医疗保健服务,专科医院,口腔医院,广东省,深圳市,南山区,113.936163,22.491469,,,,,
234,炫齿口腔(蛇口店),医疗保健服务,专科医院,口腔医院,广东省,深圳市,南山区,113.920858,22.488328,,,,,
235,壹诺齿科,医疗保健服务,专科医院,口腔医院,广东省,深圳市,南山区,113.917795,22.486074,,,,,
236,邓超文口腔诊所,医疗保健服务,专科医院,口腔医院,广东省,深圳市,南山区,113.940075,22.491427,,,,,
237,章敏芳口腔诊所,医疗保健服务,专科医院,口腔医院,广东省,深圳市,南山区,113.931662,22.494318,,,,,
238,ISYOU医疗美容,医疗保健服务,专科医院,整形美容,广东省,深圳市,南山区,113.940247,22.491885,,,,,
239,深圳璐美纳斯医疗美容诊所,医疗保健服务,专科医院,整形美容,广东省,深圳市,南山区,113.942535,22.491821,,,,,
240,深圳市南山区王海鹏口腔诊所,医疗保健服务,专科医院,口腔医院,广东省,深圳市,南山区,113.924225,22.490055,,,,,
241,深圳百适美口腔,医疗保健服务,专科医院,口腔医院,广东省,深圳市,南山区,113.939127,22.492267,,,,,
242,爱齿汇口腔,医疗保健服务,专科医院,口腔医院,广东省,深圳市,南山区,113.924576,22.492865,,,,,
243,深圳西觅医疗美容诊所,医疗保健服务,专科医院,整形美容,广东省,深圳市,南山区,113.917427,22.486338,,,,,
244,懿心齿科,医疗保健服务,专科医院,口腔医院,广东省,深圳市,南山区,113.94015,22.493005,,,,,
245,深圳伊慈佑医疗美容门诊部,医疗保健服务,专科医院,整形美容,广东省,深圳市,南山区,113.94066,22.491693,,,,,
246,深圳瑞港医疗美容门诊部,医疗保健服务,专科医院,整形美容,广东省,深圳市,南山区,113.920338,22.494796,,,,,
247,诺德齿科,医疗保健服务,专科医院,口腔医院,广东省,深圳市,南山区,113.941153,22.494475,,,,,
248,深圳雅尔医疗美容诊所,医疗保健服务,专科医院,整形美容,广东省,深圳市,南山区,113.941278,22.494093,,,,,
249,网谷口腔,医疗保健服务,专科医院,口腔医院,广东省,深圳市,南山区,113.91978,22.495852,,,,,
250,深圳肌漾医疗美容诊所,医疗保健服务,专科医院,整形美容,广东省,深圳市,南山区,113.941187,22.494646,,,,,
251,深圳心一康中广和中医内科诊所,医疗保健服务,专科医院,专科医院,广东省,深圳市,南山区,113.924859,22.49852,,,,,
252,美哈口腔育才二小分院,医疗保健服务,专科医院,口腔医院,广东省,深圳市,南山区,113.931514,22.497739,,,,,
253,深圳星露颜医疗美容诊所,医疗保健服务,专科医院,整形美容,广东省,深圳市,南山区,113.914066,22.484242,,,,,
254,友睦口腔南山招商局广场门诊,医疗保健服务,专科医院,口腔医院,广东省,深圳市,南山区,113.91602,22.481291,,,,,
255,格伦菲尔口腔,医疗保健服务,专科医院,口腔医院,广东省,深圳市,龙华区,113.97908,22.677171,,,,,
256,诺德齿科(石岩旗舰店),医疗保健服务,专科医院,口腔医院,广东省,深圳市,宝安区,113.969689,22.691591,,,,,
257,百兴口腔,医疗保健服务,专科医院,口腔医院,广东省,深圳市,龙华区,113.99029,22.678409,,,,,
258,深圳邓伟光口腔诊所,医疗保健服务,专科医院,口腔医院,广东省,深圳市,宝安区,113.967047,22.697874,,,,,
259,深圳博尔康口腔诊所,医疗保健服务,专科医院,口腔医院,广东省,深圳市,宝安区,113.966892,22.698081,,,,,
260,黄茂来中医内科诊所,医疗保健服务,专科医院,专科医院,广东省,深圳市,宝安区,113.96637,22.698167,,,,,
261,佳鸿口腔,医疗保健服务,专科医院,口腔医院,广东省,深圳市,南山区,113.964877,22.593146,,,,,
262,深圳斯麦尔口腔诊所,医疗保健服务,专科医院,口腔医院,广东省,深圳市,南山区,113.965577,22.587697,,,,,
263,深圳十禾口腔诊所,医疗保健服务,专科医院,口腔医院,广东省,深圳市,南山区,113.971859,22.584402,,,,,
264,深圳汇康口腔诊所,医疗保健服务,专科医院,口腔医院,广东省,深圳市,南山区,113.974691,22.619429,,,,,
265,西丽人民医院口腔医学部大学城分部,医疗保健服务,专科医院,口腔医院,广东省,深圳市,南山区,113.96101,22.58197,,,,,
266,惠源口腔诊所,医疗保健服务,专科医院,口腔医院,广东省,深圳市,南山区,113.974957,22.559709,,,,,
267,雅畅鼻腔健康护理中心,医疗保健服务,专科医院,耳鼻喉医院,广东省,深圳市,南山区,113.973894,22.559285,,,,,
268,陈青华口腔诊所,医疗保健服务,专科医院,口腔医院,广东省,深圳市,南山区,113.975289,22.55807,,,,,
269,深圳唯爱佳口腔诊所,医疗保健服务,专科医院,口腔医院,广东省,深圳市,南山区,113.973671,22.556678,,,,,
270,深圳爱尚美医疗美容医院,医疗保健服务,专科医院,整形美容,广东省,深圳市,南山区,113.972326,22.551762,,,,,
271,舒美齿科,医疗保健服务,专科医院,口腔医院,广东省,深圳市,南山区,113.966319,22.5319,,,,,
272,友诚齿科,医疗保健服务,专科医院,口腔医院,广东省,深圳市,南山区,113.969337,22.531902,,,,,
273,深圳市臻艺医疗美容有限公司千颜医疗美容诊所,医疗保健服务,专科医院,整形美容,广东省,深圳市,南山区,113.965697,22.528405,,,,,
274,李萍口腔科诊所,医疗保健服务,专科医院,口腔医院,广东省,深圳市,南山区,113.967555,22.533856,,,,,
275,积美医疗美容,医疗保健服务,专科医院,整形美容,广东省,深圳市,南山区,113.964533,22.533913,,,,,
276,李文冰口腔诊所,医疗保健服务,专科医院,口腔医院,广东省,深圳市,南山区,113.984288,22.536128,,,,,
277,深圳媄咖医疗美容诊所,医疗保健服务,专科医院,整形美容,广东省,深圳市,南山区,113.973159,22.538168,,,,,
278,阿超牙科,医疗保健服务,专科医院,口腔医院,广东省,深圳市,南山区,113.967467,22.535242,,,,,
279,马泷齿科,医疗保健服务,专科医院,口腔医院,广东省,深圳市,南山区,113.973174,22.53825,,,,,
280,优德医美,医疗保健服务,专科医院,专科医院,广东省,深圳市,南山区,113.973086,22.53813,,,,,
281,Livio励唯齿科,医疗保健服务,专科医院,口腔医院,广东省,深圳市,南山区,113.953826,22.528092,,,,,
282,同步齿科(世界之窗店),医疗保健服务,专科医院,口腔医院,广东省,深圳市,南山区,113.973165,22.538079,,,,,
283,正合天伊口腔,医疗保健服务,专科医院,口腔医院,广东省,深圳市,南山区,113.967076,22.537231,,,,,
284,芊美医疗美容皮肤科诊所,医疗保健服务,专科医院,整形美容,广东省,深圳市,南山区,113.973157,22.538184,,,,,
285,慈恩齿科(瑞思中心店),医疗保健服务,专科医院,口腔医院,广东省,深圳市,南山区,113.973013,22.538374,,,,,
286,深圳弘天悦美医疗美容门诊部,医疗保健服务,专科医院,整形美容,广东省,深圳市,南山区,113.977714,22.537214,,,,,
287,友睦口腔(欢乐海岸门诊部),医疗保健服务,专科医院,口腔医院,广东省,深圳市,南山区,113.989391,22.525485,,,,,
288,正夫口腔(世界之窗旗舰店),医疗保健服务,专科医院,口腔医院,广东省,深圳市,南山区,113.973281,22.538185,,,,,
289,美亚齿科,医疗保健服务,专科医院,口腔医院,广东省,深圳市,南山区,113.983574,22.536227,,,,,
290,张勇牙科,医疗保健服务,专科医院,口腔医院,广东省,深圳市,南山区,113.970846,22.54069,,,,,
291,阿芙罗(深圳)美容服务有限公司欢乐海岸医疗美容诊所,医疗保健服务,专科医院,整形美容,广东省,深圳市,南山区,113.989153,22.525988,,,,,
292,江来更美投资有限公司江来更美医疗美容诊所,医疗保健服务,专科医院,整形美容,广东省,深圳市,南山区,113.954197,22.527771,,,,,
293,深圳荟博口腔门诊部,医疗保健服务,专科医院,口腔医院,广东省,深圳市,南山区,113.951914,22.530848,,,,,
294,深圳荣晟普通专科门诊部,医疗保健服务,专科医院,专科医院,广东省,深圳市,南山区,113.955091,22.541088,,,,,
295,深圳雅圣口腔门诊部,医疗保健服务,专科医院,口腔医院,广东省,深圳市,南山区,113.952958,22.541073,,,,,
296,慈恩齿科(富诚门诊),医疗保健服务,专科医院,口腔医院,广东省,深圳市,南山区,113.951581,22.541032,,,,,
297,深圳诺德南悦口腔门诊部,医疗保健服务,专科医院,口腔医院,广东省,深圳市,南山区,113.952954,22.540934,,,,,
298,哆唻咪心理咨询(南山店),医疗保健服务,专科医院,专科医院,广东省,深圳市,南山区,113.952835,22.541047,,,,,
299,LB盛力会医疗美容门诊部,医疗保健服务,专科医院,整形美容,广东省,深圳市,南山区,113.951644,22.55335,,,,,
300,深圳洁康口腔诊所,医疗保健服务,专科医院,口腔医院,广东省,深圳市,南山区,113.952322,22.574478,,,,,
301,深圳康齿德口腔诊所,医疗保健服务,专科医院,口腔医院,广东省,深圳市,南山区,113.953523,22.577496,,,,,
302,西丽丽城口腔门诊部,医疗保健服务,专科医院,口腔医院,广东省,深圳市,南山区,113.957487,22.581211,,,,,
303,同步齿科·奈斯门诊,医疗保健服务,专科医院,口腔医院,广东省,深圳市,南山区,113.953562,22.542032,,,,,
304,葛景辉口腔诊所(沙河西路),医疗保健服务,专科医院,口腔医院,广东省,深圳市,南山区,113.954823,22.580002,,,,,
305,深圳懿德口腔诊所,医疗保健服务,专科医院,口腔医院,广东省,深圳市,南山区,113.953782,22.578951,,,,,
306,爱齿汇口腔,医疗保健服务,专科医院,口腔医院,广东省,深圳市,南山区,113.953858,22.578901,,,,,
307,NUDTECH诺可研医疗美容中心,医疗保健服务,专科医院,整形美容,广东省,深圳市,南山区,113.98774,22.543941,,,,,
308,尚名口腔,医疗保健服务,专科医院,口腔医院,广东省,深圳市,南山区,113.953546,22.543238,,,,,
309,深圳正夫口腔(西丽旗舰店),医疗保健服务,专科医院,口腔医院,广东省,深圳市,南山区,113.955464,22.580111,,,,,
310,深圳雅至口腔诊所,医疗保健服务,专科医院,口腔医院,广东省,深圳市,南山区,113.952738,22.541795,,,,,
311,友睦口腔((南山华润城门诊),医疗保健服务,专科医院,口腔医院,广东省,深圳市,南山区,113.953571,22.542299,,,,,
312,李琼霞西医妇科诊所,医疗保健服务,专科医院,妇科医院,广东省,深圳市,龙华区,114.019273,22.745221,,,,,
313,玉连口腔诊所(装修中),医疗保健服务,专科医院,口腔医院,广东省,深圳市,龙华区,114.018403,22.745798,,,,,
314,星康,医疗保健服务,专科医院,专科医院,广东省,深圳市,龙华区,114.01876,22.742977,,,,,
315,曹显口腔诊所,医疗保健服务,专科医院,口腔医院,广东省,深圳市,龙华区,114.017403,22.743042,,,,,
316,深圳康俊口腔诊所,医疗保健服务,专科医院,口腔医院,广东省,深圳市,龙华区,114.019028,22.743707,,,,,
317,四季医疗美容门诊部,医疗保健服务,专科医院,整形美容,广东省,深圳市,南山区,113.920411,22.538026,,,,,
318,恒安康口腔连锁,医疗保健服务,专科医院,口腔医院,广东省,深圳市,龙华区,114.012964,22.728969,,,,,
319,深圳友胜口腔诊所,医疗保健服务,专科医院,口腔医院,广东省,深圳市,龙华区,114.012887,22.728958,,,,,
320,鸿泰牙科-深圳鸿泰专业妇科,医疗保健服务,专科医院,妇科医院,广东省,深圳市,龙华区,114.011997,22.73114,,,,,
321,区月华西医妇科诊所,医疗保健服务,专科医院,妇科医院,广东省,深圳市,龙华区,114.015836,22.732722,,,,,
322,深圳博雅口腔诊所,医疗保健服务,专科医院,口腔医院,广东省,深圳市,龙华区,114.009,22.677603,,,,,
323,深圳缪亮声口腔诊所,医疗保健服务,专科医院,口腔医院,广东省,深圳市,龙华区,114.004981,22.679036,,,,,
324,深圳亚美口腔诊所,医疗保健服务,专科医院,口腔医院,广东省,深圳市,龙华区,114.006833,22.676507,,,,,
325,深圳瀚海口腔诊所,医疗保健服务,专科医院,口腔医院,广东省,深圳市,龙华区,114.004007,22.678225,,,,,
326,瀚海齿科,医疗保健服务,专科医院,口腔医院,广东省,深圳市,龙华区,114.003986,22.678232,,,,,
327,深圳笑言口腔诊所,医疗保健服务,专科医院,口腔医院,广东省,深圳市,龙华区,114.010271,22.639873,,,,,
328,美雅口腔,医疗保健服务,专科医院,口腔医院,广东省,深圳市,龙华区,114.011895,22.643928,,,,,
329,鼎尚口腔,医疗保健服务,专科医院,口腔医院,广东省,深圳市,龙华区,114.01354,22.637429,,,,,
330,康健雅口腔,医疗保健服务,专科医院,口腔医院,广东省,深圳市,龙华区,114.015132,22.637478,,,,,
331,雅菲口腔,医疗保健服务,专科医院,口腔医院,广东省,深圳市,南山区,114.000485,22.589373,,,,,
332,正夫口腔(西丽宝能城店),医疗保健服务,专科医院,口腔医院,广东省,深圳市,南山区,113.99757,22.590036,,,,,
333,深圳新尚雅口腔诊所,医疗保健服务,专科医院,口腔医院,广东省,深圳市,龙华区,114.026527,22.619739,,,,,
334,深圳美然口腔诊所,医疗保健服务,专科医院,口腔医院,广东省,深圳市,龙华区,114.009706,22.650811,,,,,
335,暨南大学附属深圳市眼科医院,医疗保健服务,专科医院,眼科医院,广东省,深圳市,福田区,114.014466,22.545914,,,,,
336,香蜜齿科(张新宇口腔诊所),医疗保健服务,专科医院,口腔医院,广东省,深圳市,福田区,114.01515,22.550555,,,,,
337,凯乐齿科,医疗保健服务,专科医院,口腔医院,广东省,深圳市,福田区,114.011829,22.547599,,,,,
338,同步齿科,医疗保健服务,专科医院,口腔医院,广东省,深圳市,福田区,114.010792,22.546447,,,,,
339,香格里医疗美肤,医疗保健服务,专科医院,整形美容,广东省,深圳市,福田区,114.010897,22.546507,,,,,
340,暨南大学附属深圳眼科医院-门诊,医疗保健服务,专科医院,眼科医院,广东省,深圳市,福田区,114.014367,22.546077,,,,,
341,深圳名人口腔门诊部,医疗保健服务,专科医院,口腔医院,广东省,深圳市,福田区,114.009986,22.547202,,,,,
342,深圳市香格丽医疗美容诊所,医疗保健服务,专科医院,整形美容,广东省,深圳市,福田区,114.010843,22.546497,,,,,
343,上善齿科(深国投广场),医疗保健服务,专科医院,口腔医院,广东省,深圳市,福田区,114.010708,22.544654,,,,,
344,同步齿科·同健门诊(侨香店),医疗保健服务,专科医院,口腔医院,广东省,深圳市,福田区,114.010832,22.546454,,,,,
345,嘉合齿科,医疗保健服务,专科医院,口腔医院,广东省,深圳市,福田区,114.009003,22.534359,,,,,
346,韦博口腔(东涌路),医疗保健服务,专科医院,口腔医院,广东省,深圳市,福田区,114.02586,22.527744,,,,,
347,珮斐齿科,医疗保健服务,专科医院,口腔医院,广东省,深圳市,福田区,114.021915,22.531527,,,,,
348,深圳市福田区风湿病专科医院,医疗保健服务,专科医院,专科医院,广东省,深圳市,福田区,114.018736,22.537251,,,,,
349,精润齿科,医疗保健服务,专科医院,口腔医院,广东省,深圳市,福田区,114.027833,22.526104,,,,,
350,深圳希玛林顺潮眼科医院,医疗保健服务,专科医院,眼科医院,广东省,深圳市,福田区,114.024609,22.529496,,,,,
351,痣福缘雀斑中心,医疗保健服务,专科医院,整形美容,广东省,深圳市,福田区,114.025533,22.52504,,,,,
352,深圳谦达医疗美容门诊部,医疗保健服务,专科医院,整形美容,广东省,深圳市,福田区,114.026801,22.528551,,,,,
353,深圳葛艳西医内科诊所,医疗保健服务,专科医院,专科医院,广东省,深圳市,龙华区,114.035142,22.7531,,,,,
354,再生源口腔,医疗保健服务,专科医院,口腔医院,广东省,深圳市,龙华区,114.034478,22.752911,,,,,
355,李氏正骨,医疗保健服务,专科医院,骨科医院,广东省,深圳市,龙华区,114.057328,22.744139,,,,,
356,强兴口腔用品,医疗保健服务,专科医院,口腔医院,广东省,深圳市,龙华区,114.033922,22.753911,,,,,
357,深圳翁阳口腔诊所,医疗保健服务,专科医院,口腔医院,广东省,深圳市,龙华区,114.051073,22.719056,,,,,
358,王建新牙科,医疗保健服务,专科医院,口腔医院,广东省,深圳市,龙华区,114.054132,22.720488,,,,,
359,翁考连,医疗保健服务,专科医院,口腔医院,广东省,深圳市,龙华区,114.055158,22.720438,,,,,
360,翁考连口腔,医疗保健服务,专科医院,口腔医院,广东省,深圳市,龙华区,114.055156,22.720462,,,,,
361,李生口腔,医疗保健服务,专科医院,口腔医院,广东省,深圳市,龙华区,114.048661,22.717207,,,,,
362,深圳缪忠明口腔诊所,医疗保健服务,专科医院,口腔医院,广东省,深圳市,龙华区,114.056278,22.718418,,,,,
363,深圳翁云彬口腔诊所,医疗保健服务,专科医院,口腔医院,广东省,深圳市,龙华区,114.057687,22.720007,,,,,
364,深圳玛莱妇科门诊部,医疗保健服务,专科医院,妇科医院,广东省,深圳市,龙华区,114.059288,22.718842,,,,,
365,远大齿科,医疗保健服务,专科医院,口腔医院,广东省,深圳市,龙华区,114.048998,22.673314,,,,,
366,远大齿科马秀珍口腔诊所,医疗保健服务,专科医院,口腔医院,广东省,深圳市,龙华区,114.049,22.673322,,,,,
367,深圳高林霞口腔诊所,医疗保健服务,专科医院,口腔医院,广东省,深圳市,龙华区,114.049282,22.692263,,,,,
368,深圳天美口腔诊所,医疗保健服务,专科医院,口腔医院,广东省,深圳市,龙华区,114.048773,22.641304,,,,,
369,景明专业牙科,医疗保健服务,专科医院,口腔医院,广东省,深圳市,龙岗区,114.064279,22.63435,,,,,
370,深圳如雅口腔诊所(龙华分店),医疗保健服务,专科医院,口腔医院,广东省,深圳市,龙华区,114.047857,22.642278,,,,,
371,梁海英口腔诊所,医疗保健服务,专科医院,口腔医院,广东省,深圳市,龙华区,114.051586,22.601719,,,,,
372,凯伦口腔民治滢水山庄机构,医疗保健服务,专科医院,口腔医院,广东省,深圳市,龙华区,114.051578,22.601761,,,,,
373,利荣口腔诊所,医疗保健服务,专科医院,口腔医院,广东省,深圳市,龙华区,114.053105,22.601168,,,,,
374,凯伦口腔·数字化矫正·种植牙中心(民治滢水山庄机构),医疗保健服务,专科医院,口腔医院,广东省,深圳市,龙华区,114.051586,22.60175,,,,,
375,深圳黄毅口腔诊所,医疗保健服务,专科医院,口腔医院,广东省,深圳市,龙华区,114.05214,22.599367,,,,,
376,深圳爱齿泰口腔诊所,医疗保健服务,专科医院,口腔医院,广东省,深圳市,龙华区,114.051032,22.599007,,,,,
377,深圳海迈口腔诊所,医疗保健服务,专科医院,口腔医院,广东省,深圳市,龙华区,114.053469,22.59847,,,,,
378,深圳志美口腔诊所,医疗保健服务,专科医院,口腔医院,广东省,深圳市,龙华区,114.054743,22.599202,,,,,
379,心美口腔诊所,医疗保健服务,专科医院,口腔医院,广东省,深圳市,龙华区,114.055159,22.599212,,,,,
380,康雅齿科,医疗保健服务,专科医院,口腔医院,广东省,深圳市,福田区,114.054804,22.560689,,,,,
381,雨田社康口腔,医疗保健服务,专科医院,口腔医院,广东省,深圳市,福田区,114.055177,22.559773,,,,,
382,徕可口腔,医疗保健服务,专科医院,口腔医院,广东省,深圳市,福田区,114.054894,22.564393,,,,,
383,郭建波口腔诊所,医疗保健服务,专科医院,口腔医院,广东省,深圳市,福田区,114.051619,22.566442,,,,,
384,深圳市妇幼保健院(福强院区),医疗保健服务,专科医院,专科医院,广东省,深圳市,福田区,114.048727,22.518468,,,,,
385,深圳仁爱医院,医疗保健服务,专科医院,专科医院,广东省,深圳市,福田区,114.041365,22.520424,,,,,
386,众志齿科,医疗保健服务,专科医院,口腔医院,广东省,深圳市,福田区,114.052815,22.520353,,,,,
387,深圳市福田妇幼保健院,医疗保健服务,专科医院,专科医院,广东省,深圳市,福田区,114.064373,22.5228,,,,,
388,深圳美艾雅口腔诊所,医疗保健服务,专科医院,口腔医院,广东省,深圳市,福田区,114.050964,22.521135,,,,,
389,深圳亿美医疗美容诊所,医疗保健服务,专科医院,整形美容,广东省,深圳市,福田区,114.05338,22.520756,,,,,
390,五一齿科,医疗保健服务,专科医院,口腔医院,广东省,深圳市,福田区,114.05416,22.523398,,,,,
391,深圳中山泌尿外科医院,医疗保健服务,专科医院,专科医院,广东省,深圳市,福田区,114.069027,22.528157,,,,,
392,谢家伟口腔诊所,医疗保健服务,专科医院,口腔医院,广东省,深圳市,福田区,114.054156,22.523408,,,,,
393,德益齿科,医疗保健服务,专科医院,口腔医院,广东省,深圳市,福田区,114.052819,22.518597,,,,,
394,深圳思美口腔门诊部,医疗保健服务,专科医院,口腔医院,广东省,深圳市,龙华区,114.078256,22.684451,,,,,
395,深康医疗,医疗保健服务,专科医院,整形美容,广东省,深圳市,龙华区,114.087441,22.696701,,,,,
396,利尚齿科连锁机构(观澜店),医疗保健服务,专科医院,口腔医院,广东省,深圳市,龙华区,114.077644,22.685608,,,,,
397,深圳怡宁医院,医疗保健服务,专科医院,精神病医院,广东省,深圳市,龙华区,114.078461,22.690414,,,,,
398,麦芽口腔,医疗保健服务,专科医院,口腔医院,广东省,深圳市,龙华区,114.091718,22.699799,,,,,
399,御濞康鼻腔健康中心,医疗保健服务,专科医院,耳鼻喉医院,广东省,深圳市,龙岗区,114.106769,22.691349,,,,,
400,深圳市龙岗区詹奕帆口腔诊所,医疗保健服务,专科医院,口腔医院,广东省,深圳市,龙岗区,114.109222,22.690542,,,,,
401,深圳远东妇产医院,医疗保健服务,专科医院,妇科医院,广东省,深圳市,龙岗区,114.07155,22.63961,,,,,
402,深圳尚诚口腔诊所(上品店),医疗保健服务,专科医院,口腔医院,广东省,深圳市,龙岗区,114.083369,22.633412,,,,,
403,仁汇口腔,医疗保健服务,专科医院,口腔医院,广东省,深圳市,龙岗区,114.081022,22.631093,,,,,
404,森林口腔诊所,医疗保健服务,专科医院,口腔医院,广东省,深圳市,龙岗区,114.081644,22.629834,,,,,
405,深圳杨美嘉良口腔诊所,医疗保健服务,专科医院,口腔医院,广东省,深圳市,龙岗区,114.079694,22.630581,,,,,
406,嘉良口腔(杨美店),医疗保健服务,专科医院,口腔医院,广东省,深圳市,龙岗区,114.079497,22.630698,,,,,
407,深圳美博口腔诊所,医疗保健服务,专科医院,口腔医院,广东省,深圳市,龙岗区,114.102505,22.610913,,,,,
408,深圳戴上有口腔诊所,医疗保健服务,专科医院,口腔医院,广东省,深圳市,龙岗区,114.106426,22.608566,,,,,
409,深圳市妇幼保健院(红荔路),医疗保健服务,专科医院,专科医院,广东省,深圳市,福田区,114.09422,22.549689,,,,,
410,拜博口腔(华强北店),医疗保健服务,专科医院,口腔医院,广东省,深圳市,福田区,114.08803,22.548402,,,,,
411,弘和齿科(百花四路),医疗保健服务,专科医院,口腔医院,广东省,深圳市,福田区,114.090144,22.552977,,,,,
412,正尚医美,医疗保健服务,专科医院,整形美容,广东省,深圳市,福田区,114.096115,22.559913,,,,,
413,深圳佳至口腔门诊部,医疗保健服务,专科医院,口腔医院,广东省,深圳市,福田区,114.096019,22.557994,,,,,
414,牙科诊疗中心,医疗保健服务,专科医院,专科医院,广东省,深圳市,福田区,114.099896,22.559855,,,,,
415,粤康中医疼痛专科,医疗保健服务,专科医院,专科医院,广东省,深圳市,福田区,114.099346,22.559088,,,,,
416,鹏盛牙科,医疗保健服务,专科医院,口腔医院,广东省,深圳市,福田区,114.098049,22.557947,,,,,
417,嘉信医疗美容,医疗保健服务,专科医院,整形美容,广东省,深圳市,福田区,114.095655,22.558403,,,,,
418,深圳军科门诊,医疗保健服务,专科医院,传染病医院,广东省,深圳市,福田区,114.082438,22.535144,,,,,
419,福华口腔,医疗保健服务,专科医院,口腔医院,广东省,深圳市,福田区,114.084389,22.537464,,,,,
420,深圳美莱医疗美容医院,医疗保健服务,专科医院,整形美容,广东省,深圳市,福田区,114.090429,22.541285,,,,,
421,深圳市福田区耀光口腔诊所,医疗保健服务,专科医院,口腔医院,广东省,深圳市,福田区,114.091189,22.538194,,,,,
422,深圳平乐骨伤科医院,医疗保健服务,专科医院,骨科医院,广东省,深圳市,罗湖区,114.107403,22.538767,,,,,
423,汇港齿科,医疗保健服务,专科医院,口腔医院,广东省,深圳市,福田区,114.08382,22.530715,,,,,
424,军科整形医院,医疗保健服务,专科医院,整形美容,广东省,深圳市,福田区,114.082434,22.535142,,,,,
425,华悦口腔,医疗保健服务,专科医院,口腔医院,广东省,深圳市,福田区,114.082101,22.528893,,,,,
426,深圳曾锋口腔诊所,医疗保健服务,专科医院,口腔医院,广东省,深圳市,福田区,114.083847,22.530667,,,,,
427,众美齿科,医疗保健服务,专科医院,口腔医院,广东省,深圳市,福田区,114.085175,22.532846,,,,,
428,深圳伟棠口腔诊所,医疗保健服务,专科医院,口腔医院,广东省,深圳市,龙岗区,114.134318,22.681724,,,,,
429,深圳欣美口腔诊所,医疗保健服务,专科医院,口腔医院,广东省,深圳市,龙岗区,114.125031,22.682098,,,,,
430,深圳市第三人民医院-胸痛中心,医疗保健服务,专科医院,胸科医院,广东省,深圳市,龙岗区,114.129397,22.635015,,,,,
431,杰益牙科,医疗保健服务,专科医院,口腔医院,广东省,深圳市,龙岗区,114.128772,22.644157,,,,,
432,国家感染性疾病临床医学研究中心,医疗保健服务,专科医院,传染病医院,广东省,深圳市,龙岗区,114.12998,22.636079,,,,,
433,旭正堂鼻腔健康护理中心,医疗保健服务,专科医院,耳鼻喉医院,广东省,深圳市,龙岗区,114.135236,22.636645,,,,,
434,深圳鑫博睿口腔,医疗保健服务,专科医院,口腔医院,广东省,深圳市,龙岗区,114.136409,22.626783,,,,,
435,曾伟跌打骨科,医疗保健服务,专科医院,骨科医院,广东省,深圳市,龙岗区,114.114159,22.62627,,,,,
436,艾牙口腔种植研究中心,医疗保健服务,专科医院,口腔医院,广东省,深圳市,龙岗区,114.127948,22.599027,,,,,
437,深圳张圣宇口腔诊所,医疗保健服务,专科医院,口腔医院,广东省,深圳市,龙岗区,114.134216,22.598123,,,,,
438,深圳刘君口腔诊所,医疗保健服务,专科医院,口腔医院,广东省,深圳市,龙岗区,114.128437,22.597736,,,,,
439,深圳依美医疗美容门诊部,医疗保健服务,专科医院,整形美容,广东省,深圳市,龙岗区,114.126903,22.604518,,,,,
440,博耀齿科(翠竹店),医疗保健服务,专科医院,口腔医院,广东省,深圳市,罗湖区,114.130007,22.560672,,,,,
441,深圳市罗湖区妇幼保健院(太白路),医疗保健服务,专科医院,专科医院,广东省,深圳市,罗湖区,114.136659,22.576369,,,,,
442,深圳非凡医疗美容医院,医疗保健服务,专科医院,整形美容,广东省,深圳市,罗湖区,114.119527,22.54744,,,,,
443,颜美医疗美容,医疗保健服务,专科医院,整形美容,广东省,深圳市,罗湖区,114.129883,22.557692,,,,,
444,深圳远东妇产医院,医疗保健服务,专科医院,专科医院,广东省,深圳市,罗湖区,114.123855,22.543511,,,,,
445,甘美口腔,医疗保健服务,专科医院,口腔医院,广东省,深圳市,罗湖区,114.129936,22.563105,,,,,
446,古氏牙医世家,医疗保健服务,专科医院,口腔医院,广东省,深圳市,罗湖区,114.13765,22.559538,,,,,
447,孙存亮医疗美容诊所,医疗保健服务,专科医院,整形美容,广东省,深圳市,罗湖区,114.130216,22.558413,,,,,
448,古氏牙医诊所,医疗保健服务,专科医院,口腔医院,广东省,深圳市,罗湖区,114.132469,22.557289,,,,,
449,深圳仁和整形美容医院,医疗保健服务,专科医院,整形美容,广东省,深圳市,罗湖区,114.140256,22.564145,,,,,
450,青少年视力防控中心,医疗保健服务,专科医院,眼科医院,广东省,深圳市,龙岗区,114.180045,22.638937,,,,,
451,深圳市龙岗区陈泉口腔诊所,医疗保健服务,专科医院,口腔医院,广东省,深圳市,龙岗区,114.179527,22.638846,,,,,
452,深圳联太口腔诊所,医疗保健服务,专科医院,口腔医院,广东省,深圳市,龙岗区,114.182449,22.643713,,,,,
453,陈家弟口腔诊所,医疗保健服务,专科医院,口腔医院,广东省,深圳市,龙岗区,114.182413,22.643665,,,,,
454,圣浩齿科,医疗保健服务,专科医院,口腔医院,广东省,深圳市,龙岗区,114.179951,22.633232,,,,,
455,深圳圣浩锦上口腔门诊部,医疗保健服务,专科医院,口腔医院,广东省,深圳市,龙岗区,114.179562,22.633434,,,,,
456,桂萍牙科(装修中),医疗保健服务,专科医院,口腔医院,广东省,深圳市,罗湖区,114.170629,22.603365,,,,,
457,深圳大望口腔诊所,医疗保健服务,专科医院,口腔医院,广东省,深圳市,罗湖区,114.173386,22.603639,,,,,
458,索菲齿科,医疗保健服务,专科医院,口腔医院,广东省,深圳市,龙岗区,114.164253,22.607669,,,,,
459,深圳美仕口腔诊所,医疗保健服务,专科医院,口腔医院,广东省,深圳市,龙岗区,114.165166,22.612037,,,,,
460,深圳瑞敏南湾皮肤科诊所,医疗保健服务,专科医院,专科医院,广东省,深圳市,龙岗区,114.155492,22.605762,,,,,
461,缪锦南口腔诊所,医疗保健服务,专科医院,口腔医院,广东省,深圳市,罗湖区,114.171664,22.561304,,,,,
462,同步齿科(莲塘店),医疗保健服务,专科医院,口腔医院,广东省,深圳市,罗湖区,114.169727,22.562565,,,,,
463,深圳臻雅口腔诊所,医疗保健服务,专科医院,口腔医院,广东省,深圳市,罗湖区,114.170958,22.562265,,,,,
464,付国安西医外科诊所,医疗保健服务,专科医院,专科医院,广东省,深圳市,罗湖区,114.172736,22.563451,,,,,
465,博耀齿科(莲塘店),医疗保健服务,专科医院,口腔医院,广东省,深圳市,罗湖区,114.16915,22.561695,,,,,
466,一诚口腔诊所,医疗保健服务,专科医院,口腔医院,广东省,深圳市,罗湖区,114.170946,22.563863,,,,,
467,同步齿科·同祥门诊(莲塘店),医疗保健服务,专科医院,口腔医院,广东省,深圳市,罗湖区,114.169972,22.562492,,,,,
468,翁水山口腔诊所,医疗保健服务,专科医院,口腔医院,广东省,深圳市,罗湖区,114.173845,22.563966,,,,,
469,深圳雅冠口腔门诊部,医疗保健服务,专科医院,口腔医院,广东省,深圳市,罗湖区,114.173169,22.56394,,,,,
470,永铭口腔诊所(莲塘店),医疗保健服务,专科医院,口腔医院,广东省,深圳市,罗湖区,114.169787,22.559444,,,,,
471,ww视力养护中心,医疗保健服务,专科医院,眼科医院,广东省,深圳市,罗湖区,114.17312,22.564418,,,,,
472,微尔口腔(莲塘分店),医疗保健服务,专科医院,口腔医院,广东省,深圳市,罗湖区,114.171143,22.564675,,,,,
473,瞳宝贝视光视力防控中心,医疗保健服务,专科医院,眼科医院,广东省,深圳市,罗湖区,114.16505,22.561677,,,,,
474,瞳宝贝视光视力防控中心,医疗保健服务,专科医院,眼科医院,广东省,深圳市,罗湖区,114.16505,22.561677,,,,,
475,吴海标口腔诊所,医疗保健服务,专科医院,口腔医院,广东省,深圳市,龙岗区,114.229327,22.748961,,,,,
476,铭德口腔,医疗保健服务,专科医院,口腔医院,广东省,深圳市,龙岗区,114.228218,22.746973,,,,,
477,甘正口腔诊所,医疗保健服务,专科医院,口腔医院,广东省,深圳市,罗湖区,114.137108,22.547542,,,,,
478,杨珠莉口腔诊所(太白店),医疗保健服务,专科医院,口腔医院,广东省,深圳市,罗湖区,114.124369,22.576382,,,,,
479,深圳古利团口腔诊所,医疗保健服务,专科医院,口腔医院,广东省,深圳市,罗湖区,114.136057,22.547141,,,,,
480,正夫口腔激光中心,医疗保健服务,专科医院,口腔医院,广东省,深圳市,罗湖区,114.122748,22.548582,,,,,
481,亲亲爱牙,医疗保健服务,专科医院,口腔医院,广东省,深圳市,龙岗区,114.216267,22.722388,,,,,
482,同步齿科,医疗保健服务,专科医院,口腔医院,广东省,深圳市,龙岗区,114.218615,22.720596,,,,,
483,深圳英博尔口腔诊所,医疗保健服务,专科医院,口腔医院,广东省,深圳市,龙岗区,114.224297,22.674856,,,,,
484,深圳市钟乐辉口腔诊所,医疗保健服务,专科医院,口腔医院,广东省,深圳市,龙岗区,114.214039,22.668673,,,,,
485,深圳吴锦鸿西医内科诊所,医疗保健服务,专科医院,专科医院,广东省,深圳市,龙岗区,114.214844,22.668897,,,,,
486,深圳横岗尹刚口腔诊所,医疗保健服务,专科医院,口腔医院,广东省,深圳市,龙岗区,114.210013,22.6439,,,,,
487,翁伟明口腔诊所,医疗保健服务,专科医院,口腔医院,广东省,深圳市,龙岗区,114.210081,22.644933,,,,,
488,燕朝阳口腔诊所,医疗保健服务,专科医院,口腔医院,广东省,深圳市,龙岗区,114.211408,22.644158,,,,,
489,翁段高口腔诊所,医疗保健服务,专科医院,口腔医院,广东省,深圳市,龙岗区,114.211012,22.646012,,,,,
490,千喜口腔(横岗分店),医疗保健服务,专科医院,口腔医院,广东省,深圳市,龙岗区,114.208111,22.645874,,,,,
491,多人选同步齿科,医疗保健服务,专科医院,口腔医院,广东省,深圳市,龙岗区,114.213427,22.646564,,,,,
492,深圳横岗雅贝康口腔门诊部,医疗保健服务,专科医院,口腔医院,广东省,深圳市,龙岗区,114.211284,22.646564,,,,,
493,友恩口腔,医疗保健服务,专科医院,口腔医院,广东省,深圳市,龙岗区,114.207038,22.645906,,,,,
494,君佳口腔诊所,医疗保健服务,专科医院,口腔医院,广东省,深圳市,龙岗区,114.223557,22.612831,,,,,
495,妇幼保健院梧桐山社康,医疗保健服务,专科医院,专科医院,广东省,深圳市,罗湖区,114.192318,22.59264,,,,,
496,爱视眼科,医疗保健服务,专科医院,眼科医院,广东省,深圳市,龙岗区,114.20297,22.643279,,,,,
497,岚世纪口腔,医疗保健服务,专科医院,口腔医院,广东省,深圳市,龙岗区,114.209184,22.64979,,,,,
498,深圳皓美齿科瑞皓口腔诊所,医疗保健服务,专科医院,口腔医院,广东省,深圳市,龙岗区,114.203728,22.643833,,,,,
499,深圳臻品好口腔诊所,医疗保健服务,专科医院,口腔医院,广东省,深圳市,盐田区,114.222739,22.55571,,,,,
500,粤深昌口腔诊所,医疗保健服务,专科医院,口腔医院,广东省,深圳市,盐田区,114.225265,22.55296,,,,,
501,深圳王陆英口腔诊所,医疗保健服务,专科医院,口腔医院,广东省,深圳市,盐田区,114.228375,22.554308,,,,,
502,深圳立民中医内科诊所,医疗保健服务,专科医院,专科医院,广东省,深圳市,盐田区,114.229872,22.548319,,,,,
503,深圳钟柳清口腔诊所,医疗保健服务,专科医院,口腔医院,广东省,深圳市,盐田区,114.229737,22.550045,,,,,
504,林霞妇科,医疗保健服务,专科医院,专科医院,广东省,深圳市,龙岗区,114.197934,22.646443,,,,,
505,深圳张龙喜口腔诊所,医疗保健服务,专科医院,口腔医院,广东省,深圳市,龙岗区,114.213889,22.654726,,,,,
506,梅梅口腔诊所,医疗保健服务,专科医院,口腔医院,广东省,深圳市,龙岗区,114.214364,22.656019,,,,,
507,张汉平口腔诊所,医疗保健服务,专科医院,口腔医院,广东省,深圳市,龙岗区,114.19921,22.650591,,,,,
508,深圳市龙岗区杨淑贤中医内科诊所,医疗保健服务,专科医院,专科医院,广东省,深圳市,龙岗区,114.198538,22.644512,,,,,
509,深圳张进升西医内科诊所,医疗保健服务,专科医院,专科医院,广东省,深圳市,龙岗区,114.200114,22.650193,,,,,
510,深圳加贝口腔门诊部,医疗保健服务,专科医院,口腔医院,广东省,深圳市,龙岗区,114.195974,22.646614,,,,,
511,深圳横岗爱尔眼科诊所,医疗保健服务,专科医院,眼科医院,广东省,深圳市,龙岗区,114.195818,22.646584,,,,,
512,一树口腔门诊部,医疗保健服务,专科医院,口腔医院,广东省,深圳市,龙岗区,114.196009,22.647158,,,,,
513,辉辉口腔,医疗保健服务,专科医院,口腔医院,广东省,深圳市,龙岗区,114.248175,22.751263,,,,,
514,专业儿科,医疗保健服务,专科医院,专科医院,广东省,深圳市,龙岗区,114.252347,22.748164,,,,,
515,深圳关爱门诊部牙科,医疗保健服务,专科医院,口腔医院,广东省,深圳市,龙岗区,114.248706,22.7457,,,,,
516,龙岗区妇幼保健院,医疗保健服务,专科医院,专科医院,广东省,深圳市,龙岗区,114.235682,22.727482,,,,,
517,丽港丽格医疗美容门诊部,医疗保健服务,专科医院,整形美容,广东省,深圳市,龙岗区,114.250367,22.722436,,,,,
518,同步齿科(龙岗正中店),医疗保健服务,专科医院,口腔医院,广东省,深圳市,龙岗区,114.251212,22.726276,,,,,
519,牙福口腔,医疗保健服务,专科医院,口腔医院,广东省,深圳市,龙岗区,114.251446,22.720513,,,,,
520,深圳牙尔乐口腔诊所,医疗保健服务,专科医院,口腔医院,广东省,深圳市,龙岗区,114.253047,22.72222,,,,,
521,汪洋齿科(龙城店),医疗保健服务,专科医院,口腔医院,广东省,深圳市,龙岗区,114.240187,22.723172,,,,,
522,深圳隽美口腔诊所,医疗保健服务,专科医院,口腔医院,广东省,深圳市,龙岗区,114.251396,22.724643,,,,,
523,陈伟模口腔诊所,医疗保健服务,专科医院,口腔医院,广东省,深圳市,龙岗区,114.254003,22.719144,,,,,
524,深圳港龙妇产医院,医疗保健服务,专科医院,妇科医院,广东省,深圳市,龙岗区,114.245662,22.709805,,,,,
525,茹雅口腔,医疗保健服务,专科医院,口腔医院,广东省,深圳市,龙岗区,114.254352,22.724586,,,,,
526,御筋宫,医疗保健服务,专科医院,专科医院,广东省,深圳市,龙岗区,114.248547,22.726825,,,,,
527,五冠口腔,医疗保健服务,专科医院,口腔医院,广东省,深圳市,龙岗区,114.250433,22.726144,,,,,
528,同步齿科(同欣门诊),医疗保健服务,专科医院,口腔医院,广东省,深圳市,龙岗区,114.251368,22.72633,,,,,
529,正夫口腔(铭德店),医疗保健服务,专科医院,口腔医院,广东省,深圳市,龙岗区,114.254121,22.71782,,,,,
530,深圳铭德口腔门诊部,医疗保健服务,专科医院,口腔医院,广东省,深圳市,龙岗区,114.254039,22.717784,,,,,
531,深圳廖裕芳口腔诊所,医疗保健服务,专科医院,口腔医院,广东省,深圳市,龙岗区,114.242105,22.68513,,,,,
532,芽美口腔诊所,医疗保健服务,专科医院,口腔医院,广东省,深圳市,龙岗区,114.241818,22.685122,,,,,
533,深圳嘉悦口腔诊所,医疗保健服务,专科医院,口腔医院,广东省,深圳市,龙岗区,114.262225,22.682546,,,,,
534,深圳嶂背百怡口腔诊所,医疗保健服务,专科医院,口腔医院,广东省,深圳市,龙岗区,114.240992,22.684349,,,,,
535,佳洁口腔诊所,医疗保健服务,专科医院,口腔医院,广东省,深圳市,龙岗区,114.262285,22.683322,,,,,
536,嘉悦齿科,医疗保健服务,专科医院,口腔医院,广东省,深圳市,龙岗区,114.262247,22.682589,,,,,
537,深圳百康口腔诊所,医疗保健服务,专科医院,口腔医院,广东省,深圳市,龙岗区,114.24484,22.646224,,,,,
538,深圳徐纯如西医内科诊所,医疗保健服务,专科医院,专科医院,广东省,深圳市,龙岗区,114.246256,22.647328,,,,,
539,康丽洁牙,医疗保健服务,专科医院,口腔医院,广东省,深圳市,龙岗区,114.2417,22.645568,,,,,
540,深圳廖康西医内科诊所,医疗保健服务,专科医院,专科医院,广东省,深圳市,龙岗区,114.242463,22.64863,,,,,
541,深圳市龙岗区丁会礼口腔诊所,医疗保健服务,专科医院,口腔医院,广东省,深圳市,龙岗区,114.232085,22.644135,,,,,
542,爱齿口腔,医疗保健服务,专科医院,口腔医院,广东省,深圳市,龙岗区,114.237827,22.692422,,,,,
543,深圳钟守权口腔诊所,医疗保健服务,专科医院,口腔医院,广东省,深圳市,盐田区,114.253434,22.590613,,,,,
544,深圳海港口腔诊所,医疗保健服务,专科医院,口腔医院,广东省,深圳市,盐田区,114.256111,22.589947,,,,,
545,深圳金港口腔诊所,医疗保健服务,专科医院,口腔医院,广东省,深圳市,盐田区,114.255509,22.589951,,,,,
546,廖爱华口腔诊所,医疗保健服务,专科医院,口腔医院,广东省,深圳市,盐田区,114.25745,22.589621,,,,,
547,深圳华富源口腔诊所,医疗保健服务,专科医院,口腔医院,广东省,深圳市,盐田区,114.260915,22.587956,,,,,
548,绍爱华口腔诊所,医疗保健服务,专科医院,口腔医院,广东省,深圳市,盐田区,114.267239,22.589465,,,,,
549,盐田区妇幼保健院,医疗保健服务,专科医院,专科医院,广东省,深圳市,盐田区,114.236637,22.551093,,,,,
550,婳妤医疗美容,医疗保健服务,专科医院,整形美容,广东省,深圳市,盐田区,114.237456,22.554545,,,,,
551,深圳诺德奥博口腔门诊部,医疗保健服务,专科医院,口腔医院,广东省,深圳市,盐田区,114.237325,22.554468,,,,,
552,诺德齿科(盐田店),医疗保健服务,专科医院,口腔医院,广东省,深圳市,盐田区,114.237217,22.554641,,,,,
553,深圳郑安园口腔诊所,医疗保健服务,专科医院,口腔医院,广东省,深圳市,盐田区,114.234907,22.554157,,,,,
554,菲尔齿科门诊部(壹海城店),医疗保健服务,专科医院,口腔医院,广东省,深圳市,盐田区,114.237819,22.553762,,,,,
555,王岩松口腔诊所,医疗保健服务,专科医院,口腔医院,广东省,深圳市,盐田区,114.236648,22.549235,,,,,
556,罗绮平口腔诊所,医疗保健服务,专科医院,口腔医院,广东省,深圳市,盐田区,114.233498,22.553664,,,,,
557,深圳邓石泉口腔诊所,医疗保健服务,专科医院,口腔医院,广东省,深圳市,盐田区,114.233207,22.5524,,,,,
558,博耀口腔(盐田店),医疗保健服务,专科医院,口腔医院,广东省,深圳市,盐田区,114.237312,22.552077,,,,,
559,深圳瑞晨口腔诊所,医疗保健服务,专科医院,口腔医院,广东省,深圳市,龙岗区,114.239395,22.725222,,,,,
560,深圳齿韵口腔门诊部,医疗保健服务,专科医院,口腔医院,广东省,深圳市,龙岗区,114.263787,22.718019,,,,,
561,友睦齿科(万科天誉门诊),医疗保健服务,专科医院,口腔医院,广东省,深圳市,龙岗区,114.242819,22.713612,,,,,
562,深圳龙仕芳口腔诊所,医疗保健服务,专科医院,口腔医院,广东省,深圳市,龙岗区,114.241745,22.711387,,,,,
563,深圳张锦花诊所,医疗保健服务,专科医院,专科医院,广东省,深圳市,龙岗区,114.261083,22.714464,,,,,
564,友睦口腔龙岗万科天誉门诊,医疗保健服务,专科医院,口腔医院,广东省,深圳市,龙岗区,114.242654,22.713478,,,,,
565,深圳艾美美医疗美容门诊部,医疗保健服务,专科医院,整形美容,广东省,深圳市,龙岗区,114.239022,22.725289,,,,,
566,深圳铭德碧湖口腔诊所,医疗保健服务,专科医院,口腔医院,广东省,深圳市,龙岗区,114.238833,22.720227,,,,,
567,深圳月圆西医妇科诊所,医疗保健服务,专科医院,妇科医院,广东省,深圳市,龙岗区,114.251996,22.70947,,,,,
568,深圳盛平口腔诊所,医疗保健服务,专科医院,口腔医院,广东省,深圳市,龙岗区,114.255656,22.733722,,,,,
569,深圳森慕齿科,医疗保健服务,专科医院,口腔医院,广东省,深圳市,龙岗区,114.240805,22.713487,,,,,
570,深圳森慕口腔诊所,医疗保健服务,专科医院,口腔医院,广东省,深圳市,龙岗区,114.240805,22.713488,,,,,
571,龙岗妇儿中心,医疗保健服务,专科医院,专科医院,广东省,深圳市,龙岗区,114.234376,22.718582,,,,,
572,艾美美医疗美容,医疗保健服务,专科医院,整形美容,广东省,深圳市,龙岗区,114.239082,22.725198,,,,,
573,东芳韵美医疗美容门诊部,医疗保健服务,专科医院,整形美容,广东省,深圳市,龙岗区,114.242673,22.713496,,,,,
574,深圳郑康口腔诊所,医疗保健服务,专科医院,口腔医院,广东省,深圳市,龙岗区,114.301254,22.769637,,,,,
575,深圳雷冬仕西医内科诊所,医疗保健服务,专科医院,专科医院,广东省,深圳市,龙岗区,114.289541,22.774755,,,,,
576,顺发牙科,医疗保健服务,专科医院,口腔医院,广东省,深圳市,龙岗区,114.291761,22.721531,,,,,
577,深圳市龙岗区贾晓燕口腔诊所,医疗保健服务,专科医院,口腔医院,广东省,深圳市,龙岗区,114.29085,22.721756,,,,,
578,深圳优莱口腔诊所,医疗保健服务,专科医院,口腔医院,广东省,深圳市,龙岗区,114.294137,22.722274,,,,,
579,深圳爱维艾夫妇科医院,医疗保健服务,专科医院,妇科医院,广东省,深圳市,龙岗区,114.293445,22.719439,,,,,
580,鑫康源口腔护理,医疗保健服务,专科医院,口腔医院,广东省,深圳市,龙岗区,114.293689,22.717481,,,,,
581,深圳廖志勇中医内科诊所,医疗保健服务,专科医院,专科医院,广东省,深圳市,龙岗区,114.293331,22.717733,,,,,
582,深圳龙盛口腔诊所,医疗保健服务,专科医院,口腔医院,广东省,深圳市,龙岗区,114.296749,22.72209,,,,,
583,富业口腔诊所,医疗保健服务,专科医院,口腔医院,广东省,深圳市,龙岗区,114.290647,22.726718,,,,,
584,深圳益信口腔诊所,医疗保健服务,专科医院,口腔医院,广东省,深圳市,龙岗区,114.296939,22.721958,,,,,
585,魏生洁牙美齿,医疗保健服务,专科医院,口腔医院,广东省,深圳市,坪山区,114.293494,22.669534,,,,,
586,深圳牙美康口腔诊所,医疗保健服务,专科医院,口腔医院,广东省,深圳市,坪山区,114.290448,22.666815,,,,,
587,同步齿科,医疗保健服务,专科医院,口腔医院,广东省,深圳市,龙岗区,114.277856,22.691483,,,,,
588,深圳邓秋连西医妇科诊所,医疗保健服务,专科医院,妇科医院,广东省,深圳市,坪山区,114.287157,22.666333,,,,,
589,深圳魏生口腔诊所,医疗保健服务,专科医院,口腔医院,广东省,深圳市,坪山区,114.311358,22.670347,,,,,
590,深圳市龙岗区骨科医院,医疗保健服务,专科医院,骨科医院,广东省,深圳市,龙岗区,114.309979,22.69628,,,,,
591,口腔护理,医疗保健服务,专科医院,口腔医院,广东省,深圳市,龙岗区,114.307918,22.699853,,,,,
592,李春龙口腔诊所,医疗保健服务,专科医院,口腔医院,广东省,深圳市,盐田区,114.305257,22.595817,,,,,
593,金海口腔诊所,医疗保健服务,专科医院,口腔医院,广东省,深圳市,盐田区,114.276018,22.586887,,,,,
594,深圳卓悦东进口腔门诊部,医疗保健服务,专科医院,口腔医院,广东省,深圳市,龙岗区,114.276383,22.726546,,,,,
595,口腔护理,医疗保健服务,专科医院,口腔医院,广东省,深圳市,龙岗区,114.305637,22.712232,,,,,
596,深圳胡奕红口腔诊所,医疗保健服务,专科医院,口腔医院,广东省,深圳市,龙岗区,114.278131,22.732462,,,,,
597,七秀妇科,医疗保健服务,专科医院,妇科医院,广东省,深圳市,龙岗区,114.273933,22.7328,,,,,
598,深圳市龙岗区缪锦姐口腔诊所,医疗保健服务,专科医院,口腔医院,广东省,深圳市,龙岗区,114.275234,22.730176,,,,,
599,缪记口腔(龙兴街),医疗保健服务,专科医院,口腔医院,广东省,深圳市,龙岗区,114.273184,22.729458,,,,,
600,深圳李超中口腔诊所,医疗保健服务,专科医院,口腔医院,广东省,深圳市,龙岗区,114.308296,22.70978,,,,,
601,健柏齿科(龙岗保利上城店),医疗保健服务,专科医院,口腔医院,广东省,深圳市,龙岗区,114.238311,22.704988,,,,,
602,深圳市龙岗区赵前友西医内科诊所,医疗保健服务,专科医院,专科医院,广东省,深圳市,龙岗区,114.332236,22.766154,,,,,
603,西医妇科,医疗保健服务,专科医院,妇科医院,广东省,深圳市,龙岗区,114.322572,22.765234,,,,,
604,深圳冯奇集西医内科诊所,医疗保健服务,专科医院,专科医院,广东省,深圳市,龙岗区,114.319504,22.761681,,,,,
605,深圳雅恒口腔诊所,医疗保健服务,专科医院,口腔医院,广东省,深圳市,龙岗区,114.322036,22.768869,,,,,
606,余勇平中医骨伤科诊所,医疗保健服务,专科医院,骨科医院,广东省,深圳市,龙岗区,114.317417,22.767312,,,,,
607,深圳馨雅口腔诊所,医疗保健服务,专科医院,口腔医院,广东省,深圳市,龙岗区,114.314577,22.765895,,,,,
608,深圳一欣口腔免费咨询点,医疗保健服务,专科医院,口腔医院,广东省,深圳市,龙岗区,114.323151,22.71692,,,,,
609,健民口腔护理,医疗保健服务,专科医院,口腔医院,广东省,深圳市,龙岗区,114.326354,22.733888,,,,,
610,深圳市龙岗区叶军西医内科诊所,医疗保健服务,专科医院,专科医院,广东省,深圳市,龙岗区,114.31728,22.731259,,,,,
611,口腔护理(阳新路),医疗保健服务,专科医院,口腔医院,广东省,深圳市,龙岗区,114.316459,22.715386,,,,,
612,深圳恒皓口腔诊所,医疗保健服务,专科医院,口腔医院,广东省,深圳市,坪山区,114.33929,22.70625,,,,,
613,优佳口腔,医疗保健服务,专科医院,口腔医院,广东省,深圳市,坪山区,114.340093,22.706758,,,,,
614,深圳张钢岭口腔诊所,医疗保健服务,专科医院,口腔医院,广东省,深圳市,龙岗区,114.314588,22.714388,,,,,
615,深圳博瑞口腔门诊部,医疗保健服务,专科医院,口腔医院,广东省,深圳市,坪山区,114.330971,22.677718,,,,,
616,城美口腔诊所,医疗保健服务,专科医院,口腔医院,广东省,深圳市,坪山区,114.33355,22.677577,,,,,
617,深圳慧智口腔诊所,医疗保健服务,专科医院,口腔医院,广东省,深圳市,坪山区,114.334831,22.678317,,,,,
618,牙美健口腔(坪山天虹店),医疗保健服务,专科医院,口腔医院,广东省,深圳市,坪山区,114.32821,22.679472,,,,,
619,口腔保健,医疗保健服务,专科医院,口腔医院,广东省,深圳市,坪山区,114.337259,22.68728,,,,,
620,深圳市雀记口腔诊所,医疗保健服务,专科医院,口腔医院,广东省,深圳市,坪山区,114.334899,22.689462,,,,,
621,猫科骨科,医疗保健服务,专科医院,骨科医院,广东省,深圳市,坪山区,114.339963,22.686326,,,,,
622,李氏口腔,医疗保健服务,专科医院,口腔医院,广东省,深圳市,坪山区,114.325227,22.674612,,,,,
623,澳子头社康中心牙科,医疗保健服务,专科医院,口腔医院,广东省,深圳市,坪山区,114.317416,22.678531,,,,,
624,缪展辉口腔诊所,医疗保健服务,专科医院,口腔医院,广东省,深圳市,坪山区,114.346692,22.685588,,,,,
625,深圳美真齿科,医疗保健服务,专科医院,口腔医院,广东省,深圳市,坪山区,114.337578,22.691069,,,,,
626,深圳盛迪口腔诊所,医疗保健服务,专科医院,口腔医院,广东省,深圳市,坪山区,114.337528,22.691142,,,,,
627,深圳美真齿科管理有限公司国彬口腔诊所,医疗保健服务,专科医院,口腔医院,广东省,深圳市,坪山区,114.337617,22.691007,,,,,
628,众雅口腔,医疗保健服务,专科医院,口腔医院,广东省,深圳市,坪山区,114.338755,22.693885,,,,,
629,永生口腔清洁用品,医疗保健服务,专科医院,口腔医院,广东省,深圳市,坪山区,114.326465,22.697084,,,,,
630,深圳龙齿口腔诊所,医疗保健服务,专科医院,口腔医院,广东省,深圳市,坪山区,114.315231,22.667305,,,,,
631,科妍美医疗美容,医疗保健服务,专科医院,整形美容,广东省,深圳市,坪山区,114.315097,22.667715,,,,,
632,深圳市坪山区妇幼保健院,医疗保健服务,专科医院,妇科医院,广东省,深圳市,坪山区,114.369225,22.746719,,,,,
633,深圳力雅口腔,医疗保健服务,专科医院,口腔医院,广东省,深圳市,坪山区,114.369352,22.753656,,,,,
634,祝兰珍西医妇科诊所,医疗保健服务,专科医院,妇科医院,广东省,深圳市,坪山区,114.368564,22.753832,,,,,
635,龙湾社康中心牙科,医疗保健服务,专科医院,口腔医院,广东省,深圳市,坪山区,114.368943,22.753895,,,,,
636,柳瑞桂西医妇科诊所,医疗保健服务,专科医院,妇科医院,广东省,深圳市,坪山区,114.365824,22.751995,,,,,
637,深圳平乐骨伤科医院,医疗保健服务,专科医院,骨科医院,广东省,深圳市,坪山区,114.361281,22.737811,,,,,
638,彭兰口腔,医疗保健服务,专科医院,口腔医院,广东省,深圳市,坪山区,114.388531,22.710001,,,,,
639,深圳缪棠口腔诊所,医疗保健服务,专科医院,口腔医院,广东省,深圳市,坪山区,114.364033,22.686843,,,,,
640,南方医科大学深圳口腔医院(坪山),医疗保健服务,专科医院,口腔医院,广东省,深圳市,坪山区,114.36421,22.686053,,,,,
641,深圳宋医尚口腔诊所,医疗保健服务,专科医院,口腔医院,广东省,深圳市,坪山区,114.357216,22.674196,,,,,
642,深圳李立文口腔诊所,医疗保健服务,专科医院,口腔医院,广东省,深圳市,坪山区,114.353806,22.682007,,,,,
643,牙科,医疗保健服务,专科医院,口腔医院,广东省,深圳市,坪山区,114.357468,22.671875,,,,,
644,黎思祥口腔诊所,医疗保健服务,专科医院,口腔医院,广东省,深圳市,坪山区,114.351575,22.688876,,,,,
645,中医专科工作室,医疗保健服务,专科医院,专科医院,广东省,深圳市,坪山区,114.399206,22.709737,,,,,
646,胜华妇科,医疗保健服务,专科医院,妇科医院,广东省,深圳市,坪山区,114.397714,22.712293,,,,,
647,深圳惠民门诊部,医疗保健服务,专科医院,口腔医院,广东省,深圳市,坪山区,114.396383,22.710475,,,,,
648,深圳聚德口腔诊所,医疗保健服务,专科医院,口腔医院,广东省,深圳市,坪山区,114.392602,22.722393,,,,,
649,彭兰口腔护理,医疗保健服务,专科医院,口腔医院,广东省,深圳市,坪山区,114.397825,22.709335,,,,,
650,深圳锦民口腔诊所,医疗保健服务,专科医院,口腔医院,广东省,深圳市,龙岗区,114.420679,22.633644,,,,,
651,小象口腔,医疗保健服务,专科医院,口腔医院,广东省,深圳市,龙岗区,114.419044,22.630216,,,,,
652,深圳市大鹏新区吴秋玲口腔诊所,医疗保健服务,专科医院,口腔医院,广东省,深圳市,龙岗区,114.422194,22.632142,,,,,
653,李志标口腔诊所,医疗保健服务,专科医院,口腔医院,广东省,深圳市,龙岗区,114.424814,22.629994,,,,,
654,深圳市大鹏新区妇幼保健院,医疗保健服务,专科医院,专科医院,广东省,深圳市,龙岗区,114.485316,22.594716,,,,,
655,大鹏郑键浩口腔诊所,医疗保健服务,专科医院,口腔医院,广东省,深圳市,龙岗区,114.475419,22.592999,,,,,
656,深圳诚吉口腔诊所,医疗保健服务,专科医院,口腔医院,广东省,深圳市,龙岗区,114.479047,22.596394,,,,,
657,深圳观志口腔诊所(大鹏店),医疗保健服务,专科医院,口腔医院,广东省,深圳市,龙岗区,114.479262,22.596286,,,,,
658,清雅口腔(建设路),医疗保健服务,专科医院,口腔医院,广东省,深圳市,龙岗区,114.478098,22.588251,,,,,
659,国泰妇科,医疗保健服务,专科医院,妇科医院,广东省,深圳市,龙岗区,114.475794,22.593054,,,,,
660,鹏城王慧玲口腔诊所,医疗保健服务,专科医院,口腔医院,广东省,深圳市,龙岗区,114.511706,22.593384,,,,,
