,深圳西部海上田园旅游区-篮球场,体育休闲服务,运动场馆,篮球场馆,广东省,深圳市,宝安区,113.773874,22.725028
0,英煌台球俱乐部,体育休闲服务,运动场馆,台球厅,广东省,深圳市,宝安区,113.784323,22.725033
1,英煌台球俱乐部(会展店),体育休闲服务,运动场馆,台球厅,广东省,深圳市,宝安区,113.784095,22.717824
2,和一北方永发科技园-羽毛球馆,体育休闲服务,运动场馆,羽毛球场,广东省,深圳市,宝安区,113.782489,22.71567
3,酷式游泳健身俱乐部,体育休闲服务,运动场馆,游泳馆,广东省,深圳市,宝安区,113.784994,22.735445
4,WATERFALL游泳健身(宝安皇冠假日会所),体育休闲服务,运动场馆,游泳馆,广东省,深圳市,宝安区,113.777294,22.686783
5,君成网球(步涌校区),体育休闲服务,运动场馆,网球场,广东省,深圳市,宝安区,113.81274,22.75756
6,桌杆球城,体育休闲服务,运动场馆,台球厅,广东省,深圳市,宝安区,113.810209,22.759172
7,精英桌球城(沙井分店),体育休闲服务,运动场馆,台球厅,广东省,深圳市,宝安区,113.810802,22.758513
8,步涌体育公园便利休闲,体育休闲服务,运动场馆,篮球场馆,广东省,深圳市,宝安区,113.8131,22.756948
9,有间桌球厅,体育休闲服务,运动场馆,台球厅,广东省,深圳市,宝安区,113.811431,22.756141
10,乐道跆拳道,体育休闲服务,运动场馆,跆拳道场馆,广东省,深圳市,宝安区,113.808313,22.758414
11,前线溜冰场,体育休闲服务,运动场馆,溜冰场,广东省,深圳市,宝安区,113.816233,22.75423
12,君爵台球,体育休闲服务,运动场馆,台球厅,广东省,深圳市,宝安区,113.819826,22.759455
13,沙井镇体育场,体育休闲服务,运动场馆,综合体育馆,广东省,深圳市,宝安区,113.81081,22.729369
14,天赋体育篮球训练营,体育休闲服务,运动场馆,篮球场馆,广东省,深圳市,宝安区,113.815196,22.717976
15,维纳斯皇家酒店-户外足球场,体育休闲服务,运动场馆,足球场,广东省,深圳市,宝安区,113.809429,22.726057
16,红中棋牌台球俱乐部,体育休闲服务,运动场馆,台球厅,广东省,深圳市,宝安区,113.815668,22.718973
17,沙头麒麟花园-游泳馆,体育休闲服务,运动场馆,游泳馆,广东省,深圳市,宝安区,113.807451,22.727644
18,沃尔恒温游泳健身,体育休闲服务,运动场馆,游泳馆,广东省,深圳市,宝安区,113.807559,22.677862
19,福永沃尔游泳健身中心,体育休闲服务,运动场馆,游泳馆,广东省,深圳市,宝安区,113.807489,22.67814
20,维度健身游泳俱乐部,体育休闲服务,运动场馆,游泳馆,广东省,深圳市,宝安区,113.806322,22.689409
21,明日世界保龄球馆,体育休闲服务,运动场馆,保龄球馆,广东省,深圳市,宝安区,113.804666,22.678856
22,维度健身游泳搏击射箭,体育休闲服务,运动场馆,游泳馆,广东省,深圳市,宝安区,113.806158,22.689458
23,机场职工俱乐部游泳场,体育休闲服务,运动场馆,游泳馆,广东省,深圳市,宝安区,113.82789,22.643892
24,长乐兴台球城,体育休闲服务,运动场馆,台球厅,广东省,深圳市,宝安区,113.82258,22.650458
25,棋乐桌球俱乐部,体育休闲服务,运动场馆,台球厅,广东省,深圳市,宝安区,113.819601,22.655565
26,伟宏达桌球棋牌,体育休闲服务,运动场馆,台球厅,广东省,深圳市,宝安区,113.824794,22.660829
27,立新湖足球场,体育休闲服务,运动场馆,足球场,广东省,深圳市,宝安区,113.822503,22.680087
28,桥头羽毛球馆,体育休闲服务,运动场馆,羽毛球场,广东省,深圳市,宝安区,113.810852,22.696444
29,煌城台球棋牌俱乐部,体育休闲服务,运动场馆,台球厅,广东省,深圳市,宝安区,113.804295,22.688499
30,田然Tab,体育休闲服务,运动场馆,篮球场馆,广东省,深圳市,宝安区,113.810956,22.668997
31,会展湾羽毛球馆,体育休闲服务,运动场馆,羽毛球场,广东省,深圳市,宝安区,113.804089,22.673182
32,星火篮球公园,体育休闲服务,运动场馆,篮球场馆,广东省,深圳市,宝安区,113.826406,22.68072
33,少儿跆拳道,体育休闲服务,运动场馆,跆拳道场馆,广东省,深圳市,宝安区,113.81124,22.673374
34,福永羽毛球分馆,体育休闲服务,运动场馆,羽毛球场,广东省,深圳市,宝安区,113.803644,22.670457
35,御景水岸游泳池,体育休闲服务,运动场馆,游泳馆,广东省,深圳市,宝安区,113.827527,22.683144
36,威和友桌球棋牌俱乐部,体育休闲服务,运动场馆,台球厅,广东省,深圳市,宝安区,113.820334,22.671909
37,白石厦羽毛球俱乐部,体育休闲服务,运动场馆,羽毛球场,广东省,深圳市,宝安区,113.826069,22.680698
38,大羽羽毛球馆,体育休闲服务,运动场馆,羽毛球场,广东省,深圳市,宝安区,113.803683,22.670391
39,永兴乒乓球馆,体育休闲服务,运动场馆,乒乓球馆,广东省,深圳市,宝安区,113.813638,22.668422
40,战云乔氏台球棋牌,体育休闲服务,运动场馆,台球厅,广东省,深圳市,宝安区,113.804575,22.697269
41,宝安区星光台球俱乐部,体育休闲服务,运动场馆,台球厅,广东省,深圳市,宝安区,113.824804,22.672183
42,深圳星火篮球训练馆,体育休闲服务,运动场馆,篮球场馆,广东省,深圳市,宝安区,113.83006,22.68946
43,冠杰桌球俱乐部,体育休闲服务,运动场馆,台球厅,广东省,深圳市,宝安区,113.822983,22.694525
44,传奇星桌球俱乐部,体育休闲服务,运动场馆,台球厅,广东省,深圳市,宝安区,113.823016,22.694549
45,光爵桌球棋牌,体育休闲服务,运动场馆,台球厅,广东省,深圳市,宝安区,113.830064,22.691658
46,宝安正道馆(福侨花园店),体育休闲服务,运动场馆,跆拳道场馆,广东省,深圳市,宝安区,113.808378,22.667423
47,友聚俱乐部,体育休闲服务,运动场馆,台球厅,广东省,深圳市,宝安区,113.793923,22.674768
48,Uday少儿舞跆拳道,体育休闲服务,运动场馆,跆拳道场馆,广东省,深圳市,宝安区,113.808649,22.668505
49,美术舞蹈跆拳道,体育休闲服务,运动场馆,跆拳道场馆,广东省,深圳市,宝安区,113.824481,22.695239
50,东盟武道武术跆拳道,体育休闲服务,运动场馆,跆拳道场馆,广东省,深圳市,宝安区,113.815234,22.701571
51,铭将发景跆拳道(天欣二分馆),体育休闲服务,运动场馆,跆拳道场馆,广东省,深圳市,宝安区,113.826637,22.669176
52,深圳市福新和物业管理有限公司,体育休闲服务,运动场馆,户外健身场所,广东省,深圳市,宝安区,113.804556,22.666384
53,幸福桌球室,体育休闲服务,运动场馆,台球厅,广东省,深圳市,宝安区,113.842115,22.802764
54,振武国粹乒乓球训练馆,体育休闲服务,运动场馆,跆拳道场馆,广东省,深圳市,宝安区,113.845825,22.796806
55,星鹏桌球俱乐部(众福路店),体育休闲服务,运动场馆,台球厅,广东省,深圳市,宝安区,113.841087,22.800343
56,一马体育宝利游泳池,体育休闲服务,运动场馆,游泳馆,广东省,深圳市,宝安区,113.852466,22.763315
57,宝利来游泳馆,体育休闲服务,运动场馆,游泳馆,广东省,深圳市,宝安区,113.852463,22.763556
58,深圳一马体育网球场,体育休闲服务,运动场馆,网球场,广东省,深圳市,宝安区,113.852491,22.763384
59,豪盛花园大酒店游泳池,体育休闲服务,运动场馆,游泳馆,广东省,深圳市,宝安区,113.845955,22.72028
60,好心情酒吧KTV溜冰场,体育休闲服务,运动场馆,溜冰场,广东省,深圳市,宝安区,113.844442,22.716979
61,羽毛球场,体育休闲服务,运动场馆,羽毛球场,广东省,深圳市,宝安区,113.846199,22.716424
62,岭下足球俱乐部,体育休闲服务,运动场馆,足球场,广东省,深圳市,宝安区,113.839237,22.685277
63,全动力桌球城,体育休闲服务,运动场馆,台球厅,广东省,深圳市,宝安区,113.840064,22.687669
64,新塘溜冰场,体育休闲服务,运动场馆,溜冰场,广东省,深圳市,宝安区,113.834263,22.673525
65,凤凰羽毛球馆,体育休闲服务,运动场馆,羽毛球场,广东省,深圳市,宝安区,113.839458,22.67733
66,智酷教育游泳馆,体育休闲服务,运动场馆,游泳馆,广东省,深圳市,宝安区,113.860665,22.636657
67,博冠羽毛球馆,体育休闲服务,运动场馆,羽毛球场,广东省,深圳市,宝安区,113.86385,22.639175
68,优优体育篮球俱乐部,体育休闲服务,运动场馆,篮球场馆,广东省,深圳市,宝安区,113.832334,22.640752
69,旺发桌球城,体育休闲服务,运动场馆,台球厅,广东省,深圳市,宝安区,113.851608,22.602157
70,雀球汇棋牌桌球,体育休闲服务,运动场馆,台球厅,广东省,深圳市,宝安区,113.851493,22.59883
71,08台球,体育休闲服务,运动场馆,台球厅,广东省,深圳市,宝安区,113.850211,22.598532
72,08乔氏台球,体育休闲服务,运动场馆,台球厅,广东省,深圳市,宝安区,113.850218,22.598537
73,西乡体育中心,体育休闲服务,运动场馆,综合体育馆,广东省,深圳市,宝安区,113.854062,22.578918
74,坪洲篮球公园,体育休闲服务,运动场馆,篮球场馆,广东省,深圳市,宝安区,113.856662,22.564903
75,坪洲新村(二期)游泳池,体育休闲服务,运动场馆,游泳馆,广东省,深圳市,宝安区,113.86193,22.56025
76,海湾桌球城,体育休闲服务,运动场馆,台球厅,广东省,深圳市,宝安区,113.860136,22.578498
77,游泳健身会所,体育休闲服务,运动场馆,游泳馆,广东省,深圳市,宝安区,113.863479,22.56823
78,深圳前岸国际酒店-游泳池,体育休闲服务,运动场馆,游泳馆,广东省,深圳市,宝安区,113.863515,22.568354
79,热火篮球俱乐部,体育休闲服务,运动场馆,篮球场馆,广东省,深圳市,宝安区,113.86878,22.56096
80,合正汇一城游泳池,体育休闲服务,运动场馆,游泳馆,广东省,深圳市,宝安区,113.864059,22.57597
81,球链篮球俱乐部,体育休闲服务,运动场馆,篮球场馆,广东省,深圳市,宝安区,113.871014,22.560976
82,西乡体育中心游泳俱乐部,体育休闲服务,运动场馆,游泳馆,广东省,深圳市,宝安区,113.854197,22.579617
83,西乡体育中心篮球俱乐部,体育休闲服务,运动场馆,篮球场馆,广东省,深圳市,宝安区,113.854189,22.578605
84,东盟武道(香缇湾馆),体育休闲服务,运动场馆,跆拳道场馆,广东省,深圳市,宝安区,113.858451,22.575261
85,王道跆拳道馆(悦和路),体育休闲服务,运动场馆,跆拳道场馆,广东省,深圳市,宝安区,113.858056,22.571771
86,永丰篮球场,体育休闲服务,运动场馆,篮球场馆,广东省,深圳市,宝安区,113.867842,22.572973
87,大益游泳馆,体育休闲服务,运动场馆,游泳馆,广东省,深圳市,宝安区,113.869774,22.579741
88,西乡体育中心羽毛球场,体育休闲服务,运动场馆,羽毛球场,广东省,深圳市,宝安区,113.852757,22.579871
89,海虹羽毛球馆,体育休闲服务,运动场馆,羽毛球场,广东省,深圳市,宝安区,113.860952,22.573058
90,百灵鸟海湾中学篮球场(暂停营业),体育休闲服务,运动场馆,篮球场馆,广东省,深圳市,宝安区,113.857868,22.577624
91,九哥台球,体育休闲服务,运动场馆,台球厅,广东省,深圳市,宝安区,113.870731,22.571461
92,東龍蜂巢跆拳道館,体育休闲服务,运动场馆,跆拳道场馆,广东省,深圳市,宝安区,113.863357,22.573946
93,中国舞跆拳道,体育休闲服务,运动场馆,跆拳道场馆,广东省,深圳市,宝安区,113.869126,22.56572
94,西乡体育中心网球俱乐部,体育休闲服务,运动场馆,网球场,广东省,深圳市,宝安区,113.854424,22.579794
95,各优足球(时代城训练基地),体育休闲服务,运动场馆,足球场,广东省,深圳市,宝安区,113.86792,22.566149
96,罗田森林公园网球场,体育休闲服务,运动场馆,网球场,广东省,深圳市,宝安区,113.892323,22.823592
97,旺角桌球城,体育休闲服务,运动场馆,台球厅,广东省,深圳市,光明区,113.890878,22.801783
98,星城台球俱乐部,体育休闲服务,运动场馆,台球厅,广东省,深圳市,光明区,113.891363,22.800275
99,周记桌球室,体育休闲服务,运动场馆,台球厅,广东省,深圳市,光明区,113.886715,22.801515
100,深圳市苗乡情篮球俱乐部,体育休闲服务,运动场馆,篮球场馆,广东省,深圳市,光明区,113.88761,22.806303
101,下村东宝体育场,体育休闲服务,运动场馆,综合体育馆,广东省,深圳市,光明区,113.888473,22.792261
102,华跃星耀体育馆,体育休闲服务,运动场馆,综合体育馆,广东省,深圳市,光明区,113.901847,22.790788
103,下村足球场,体育休闲服务,运动场馆,足球场,广东省,深圳市,光明区,113.888024,22.791889
104,西田公园-篮球场,体育休闲服务,运动场馆,篮球场馆,广东省,深圳市,光明区,113.900656,22.800379
105,好妈妈母婴生活游泳馆(西田分店),体育休闲服务,运动场馆,游泳馆,广东省,深圳市,光明区,113.901431,22.804006
106,顶峰篮球俱乐部(公明馆),体育休闲服务,运动场馆,篮球场馆,广东省,深圳市,光明区,113.895156,22.791098
107,亿华桌球(西田店),体育休闲服务,运动场馆,台球厅,广东省,深圳市,光明区,113.900908,22.799308
108,儿童轮滑成长中心,体育休闲服务,运动场馆,溜冰场,广东省,深圳市,光明区,113.893154,22.765356
109,公明体育馆,体育休闲服务,运动场馆,综合体育馆,广东省,深圳市,光明区,113.897444,22.780286
110,光明区红花山体育中心,体育休闲服务,运动场馆,综合体育馆,广东省,深圳市,光明区,113.905658,22.775993
111,石围篮球场,体育休闲服务,运动场馆,篮球场馆,广东省,深圳市,光明区,113.899247,22.753831
112,光明区红花山体育中心体育馆,体育休闲服务,运动场馆,综合体育馆,广东省,深圳市,光明区,113.904561,22.774763
113,九嫂桌球室,体育休闲服务,运动场馆,台球厅,广东省,深圳市,光明区,113.899993,22.726846
114,料坑体育馆,体育休闲服务,运动场馆,综合体育馆,广东省,深圳市,宝安区,113.893688,22.668401
115,巨风足球运动中心,体育休闲服务,运动场馆,足球场,广东省,深圳市,宝安区,113.887827,22.671762
116,深圳羽众羽毛球俱乐部训练基地,体育休闲服务,运动场馆,羽毛球场,广东省,深圳市,宝安区,113.893526,22.668304
117,星奥跆拳道俱乐部,体育休闲服务,运动场馆,跆拳道场馆,广东省,深圳市,宝安区,113.893561,22.668469
118,北极光溜冰城,体育休闲服务,运动场馆,溜冰场,广东省,深圳市,光明区,113.890775,22.780764
119,宏胜桌球休闲吧,体育休闲服务,运动场馆,台球厅,广东省,深圳市,宝安区,113.91106,22.652914
120,鑫豪台球会所,体育休闲服务,运动场馆,台球厅,广东省,深圳市,光明区,113.905131,22.746632
121,风云桌球城,体育休闲服务,运动场馆,台球厅,广东省,深圳市,光明区,113.885564,22.781135
122,幸运8桌球俱乐部,体育休闲服务,运动场馆,台球厅,广东省,深圳市,光明区,113.881955,22.780624
123,薯田埔足球场,体育休闲服务,运动场馆,足球场,广东省,深圳市,光明区,113.876048,22.778471
124,光明正道跆拳道,体育休闲服务,运动场馆,跆拳道场馆,广东省,深圳市,光明区,113.907439,22.754399
125,先锋发景跆拳道馆,体育休闲服务,运动场馆,跆拳道场馆,广东省,深圳市,光明区,113.898769,22.777858
126,新羽胜羽毛球馆(公明店),体育休闲服务,运动场馆,羽毛球场,广东省,深圳市,光明区,113.910928,22.776167
127,企龙山篮球公园,体育休闲服务,运动场馆,篮球场馆,广东省,深圳市,宝安区,113.885351,22.596247
128,铁岗足球场,体育休闲服务,运动场馆,足球场,广东省,深圳市,宝安区,113.887423,22.60778
129,凯星羽毛球馆,体育休闲服务,运动场馆,羽毛球场,广东省,深圳市,宝安区,113.883008,22.599979
130,香槟山游泳池,体育休闲服务,运动场馆,游泳馆,广东省,深圳市,宝安区,113.881981,22.59506
131,中粮澜山游泳池,体育休闲服务,运动场馆,游泳馆,广东省,深圳市,宝安区,113.886154,22.591687
132,泳冠体育游泳俱乐部,体育休闲服务,运动场馆,游泳馆,广东省,深圳市,宝安区,113.894456,22.588865
133,山语华庭游泳池,体育休闲服务,运动场馆,游泳馆,广东省,深圳市,宝安区,113.897636,22.588974
134,酷赛俱乐部·台球棋牌,体育休闲服务,运动场馆,台球厅,广东省,深圳市,宝安区,113.890747,22.589725
135,宝安区体育馆,体育休闲服务,运动场馆,综合体育馆,广东省,深圳市,宝安区,113.884791,22.560888
136,宝安体育场,体育休闲服务,运动场馆,综合体育馆,广东省,深圳市,宝安区,113.880896,22.557494
137,宝安游泳馆,体育休闲服务,运动场馆,游泳馆,广东省,深圳市,宝安区,113.885082,22.561436
138,宝体网球场,体育休闲服务,运动场馆,网球场,广东省,深圳市,宝安区,113.885286,22.562836
139,宝安体育馆副馆,体育休闲服务,运动场馆,综合体育馆,广东省,深圳市,宝安区,113.883362,22.560775
140,国防精英战场(宝体店),体育休闲服务,运动场馆,综合体育馆,广东省,深圳市,宝安区,113.880656,22.558687
141,宝安体育馆羽毛球馆,体育休闲服务,运动场馆,游泳馆,广东省,深圳市,宝安区,113.88623,22.562485
142,前海国际足球场,体育休闲服务,运动场馆,足球场,广东省,深圳市,南山区,113.89304,22.521037
143,前海运动公园网球场,体育休闲服务,运动场馆,网球场,广东省,深圳市,南山区,113.895815,22.515097
144,西施荟女子网球俱乐部,体育休闲服务,运动场馆,网球场,广东省,深圳市,南山区,113.902434,22.509335
145,铭威游泳俱乐部,体育休闲服务,运动场馆,游泳馆,广东省,深圳市,南山区,113.903145,22.509922
146,坂山羽毛球馆,体育休闲服务,运动场馆,羽毛球场,广东省,深圳市,南山区,113.909997,22.510079
147,馨锐篮球俱乐部,体育休闲服务,运动场馆,篮球场馆,广东省,深圳市,南山区,113.907626,22.514957
148,诺德国际羽毛球馆,体育休闲服务,运动场馆,羽毛球场,广东省,深圳市,南山区,113.902257,22.510976
149,深圳市嵩山跆拳道,体育休闲服务,运动场馆,跆拳道场馆,广东省,深圳市,南山区,113.903791,22.512949
150,深圳维多丽亚国际马术俱乐部,体育休闲服务,运动场馆,马术俱乐部,广东省,深圳市,南山区,113.907735,22.525186
151,鹏弈跆拳道馆(南山馆),体育休闲服务,运动场馆,跆拳道场馆,广东省,深圳市,南山区,113.911267,22.523614
152,品道国际跆拳道搏击馆北区道场,体育休闲服务,运动场馆,跆拳道场馆,广东省,深圳市,南山区,113.90519,22.536289
153,月亮湾花园游泳馆(暂停营业),体育休闲服务,运动场馆,游泳馆,广东省,深圳市,南山区,113.891594,22.490795
154,Solo Homerun棒球馆,体育休闲服务,运动场馆,综合体育馆,广东省,深圳市,南山区,113.898457,22.466498
155,寿力羽毛球馆,体育休闲服务,运动场馆,羽毛球场,广东省,深圳市,南山区,113.89685,22.476098
156,以前的网名太难听,体育休闲服务,运动场馆,游泳馆,广东省,深圳市,南山区,113.891403,22.495855
157,酷雪coolsnow滑雪主题馆(蛇口店),体育休闲服务,运动场馆,综合体育馆,广东省,深圳市,南山区,113.898842,22.466322
158,科力游泳健身,体育休闲服务,运动场馆,游泳馆,广东省,深圳市,南山区,113.886539,22.495424
159,易建联篮球湄南河训练中心,体育休闲服务,运动场馆,篮球场馆,广东省,深圳市,南山区,113.896975,22.466742
160,铂德体育(君逸世家游泳池店),体育休闲服务,运动场馆,游泳馆,广东省,深圳市,宝安区,113.881193,22.561528
161,星爵桌球棋牌俱乐部(宝民一路),体育休闲服务,运动场馆,台球厅,广东省,深圳市,宝安区,113.897994,22.565953
162,全明星溜冰场,体育休闲服务,运动场馆,溜冰场,广东省,深圳市,宝安区,113.905614,22.560489
163,榕汛体育乒乓球基地,体育休闲服务,运动场馆,羽毛球场,广东省,深圳市,宝安区,113.882389,22.558153
164,榕汛乒乓球训练基地,体育休闲服务,运动场馆,乒乓球馆,广东省,深圳市,宝安区,113.882178,22.558837
165,新羌球场(暂停营业),体育休闲服务,运动场馆,足球场,广东省,深圳市,光明区,113.94188,22.798046
166,跆拳道,体育休闲服务,运动场馆,跆拳道场馆,广东省,深圳市,光明区,113.943727,22.799102
167,雅仕台球,体育休闲服务,运动场馆,台球厅,广东省,深圳市,光明区,113.928004,22.783363
168,黑8台球,体育休闲服务,运动场馆,台球厅,广东省,深圳市,光明区,113.930262,22.78481
169,竞技台球室,体育休闲服务,运动场馆,台球厅,广东省,深圳市,光明区,113.946886,22.790455
170,光明区群众体育中心,体育休闲服务,运动场馆,综合体育馆,广东省,深圳市,光明区,113.948449,22.748784
171,东坑社区生态足球场,体育休闲服务,运动场馆,足球场,广东省,深圳市,光明区,113.915845,22.757205
172,光明办事处羽毛球馆,体育休闲服务,运动场馆,羽毛球场,广东省,深圳市,光明区,113.945703,22.765394
173,新亿华桌球(东坑店),体育休闲服务,运动场馆,台球厅,广东省,深圳市,光明区,113.917505,22.755777
174,打台球,体育休闲服务,运动场馆,台球厅,广东省,深圳市,光明区,113.915002,22.762227
175,光明区群众体育中心-游泳池,体育休闲服务,运动场馆,游泳馆,广东省,深圳市,光明区,113.94781,22.7482
176,长兴工业园球场,体育休闲服务,运动场馆,篮球场馆,广东省,深圳市,光明区,113.923663,22.718891
177,融域名城游泳池,体育休闲服务,运动场馆,游泳馆,广东省,深圳市,光明区,113.933377,22.735049
178,萌萌台球馆,体育休闲服务,运动场馆,台球厅,广东省,深圳市,光明区,113.935808,22.733364
179,精英桌球城,体育休闲服务,运动场馆,台球厅,广东省,深圳市,光明区,113.934337,22.734492
180,卓越台球俱乐部,体育休闲服务,运动场馆,台球厅,广东省,深圳市,宝安区,113.928973,22.684329
181,名豪台球,体育休闲服务,运动场馆,台球厅,广东省,深圳市,宝安区,113.932984,22.681323
182,江珑桌球俱乐部,体育休闲服务,运动场馆,台球厅,广东省,深圳市,宝安区,113.923812,22.646435
183,港龙桌球棋牌室,体育休闲服务,运动场馆,台球厅,广东省,深圳市,南山区,113.935747,22.63314
184,世界波足球场,体育休闲服务,运动场馆,足球场,广东省,深圳市,南山区,113.936997,22.629519
185,大羽球馆,体育休闲服务,运动场馆,羽毛球场,广东省,深圳市,南山区,113.936462,22.600298
186,深职体育馆,体育休闲服务,运动场馆,综合体育馆,广东省,深圳市,南山区,113.948709,22.590643
187,宝石路棒球场,体育休闲服务,运动场馆,综合体育馆,广东省,深圳市,宝安区,113.920094,22.620489
188,万竞老兵篮球场,体育休闲服务,运动场馆,篮球场馆,广东省,深圳市,南山区,113.929229,22.586864
189,留仙洞村球场,体育休闲服务,运动场馆,篮球场馆,广东省,深圳市,南山区,113.92923,22.586868
190,大宇篮球,体育休闲服务,运动场馆,篮球场馆,广东省,深圳市,南山区,113.9294,22.586543
191,深圳职业技术学院东区游泳馆,体育休闲服务,运动场馆,游泳馆,广东省,深圳市,南山区,113.948266,22.590882
192,兴东羽毛球馆,体育休闲服务,运动场馆,羽毛球场,广东省,深圳市,宝安区,113.916319,22.582843
193,金羽羽毛球馆,体育休闲服务,运动场馆,羽毛球场,广东省,深圳市,南山区,113.929086,22.553855
194,南海足球公园,体育休闲服务,运动场馆,足球场,广东省,深圳市,南山区,113.931936,22.554301
195,同乐学校篮球场,体育休闲服务,运动场馆,篮球场馆,广东省,深圳市,南山区,113.923735,22.563583
196,南头边检小区篮球场,体育休闲服务,运动场馆,篮球场馆,广东省,深圳市,南山区,113.914882,22.551976
197,蟋蟀篮球馆,体育休闲服务,运动场馆,篮球场馆,广东省,深圳市,南山区,113.929579,22.553478
198,好一拍运动馆羽毛球B馆,体育休闲服务,运动场馆,综合体育馆,广东省,深圳市,南山区,113.918489,22.562366
199,科技园文体中心羽毛球馆,体育休闲服务,运动场馆,羽毛球场,广东省,深圳市,南山区,113.95136,22.550958
200,传奇羽毛球馆,体育休闲服务,运动场馆,羽毛球场,广东省,深圳市,南山区,113.93859,22.557144
201,SoccerRangers足球猎人室内足球场,体育休闲服务,运动场馆,足球场,广东省,深圳市,南山区,113.929862,22.554128
202,TCL国际E城篮球场,体育休闲服务,运动场馆,篮球场馆,广东省,深圳市,南山区,113.929334,22.575365
203,顶峰篮球俱乐部(南头店),体育休闲服务,运动场馆,篮球场馆,广东省,深圳市,南山区,113.921308,22.554499
204,马家龙文体中心-羽毛球馆,体育休闲服务,运动场馆,羽毛球场,广东省,深圳市,南山区,113.927995,22.551632
205,天朗足球(深圳店),体育休闲服务,运动场馆,足球场,广东省,深圳市,南山区,113.944001,22.558715
206,中山公园-篮球场,体育休闲服务,运动场馆,篮球场馆,广东省,深圳市,南山区,113.921506,22.549935
207,深圳湾体育中心,体育休闲服务,运动场馆,综合体育馆,广东省,深圳市,南山区,113.949998,22.518236
208,海岸城世纪星滑冰俱乐部,体育休闲服务,运动场馆,溜冰场,广东省,深圳市,南山区,113.935169,22.51765
209,金爵士桌球,体育休闲服务,运动场馆,台球厅,广东省,深圳市,南山区,113.933043,22.525894
210,创世纪滨海花园游泳池,体育休闲服务,运动场馆,游泳馆,广东省,深圳市,南山区,113.930789,22.523244
211,冰Fun海岸滑冰场,体育休闲服务,运动场馆,溜冰场,广东省,深圳市,南山区,113.936344,22.516804
212,深圳大学-体育馆,体育休闲服务,运动场馆,综合体育馆,广东省,深圳市,南山区,113.940684,22.536194
213,麒沣创世纪恒温游泳池,体育休闲服务,运动场馆,游泳馆,广东省,深圳市,南山区,113.930862,22.523167
214,中潜潜水世界,体育休闲服务,运动场馆,游泳馆,广东省,深圳市,南山区,113.927374,22.532716
215,海润羽毛球B馆,体育休闲服务,运动场馆,羽毛球场,广东省,深圳市,南山区,113.92168,22.518941
216,深圳湾体育中心游泳馆,体育休闲服务,运动场馆,游泳馆,广东省,深圳市,南山区,113.948273,22.518575
217,龙城格斗家族,体育休闲服务,运动场馆,综合体育馆,广东省,深圳市,南山区,113.923731,22.522071
218,深圳大学游泳馆(深大东路),体育休闲服务,运动场馆,游泳馆,广东省,深圳市,南山区,113.938183,22.531669
219,麦斐体育(茂业足球俱乐部),体育休闲服务,运动场馆,足球场,广东省,深圳市,南山区,113.930358,22.519834
220,半岛会所泳池,体育休闲服务,运动场馆,游泳馆,广东省,深圳市,南山区,113.93306,22.47841
221,育才中学-体育馆,体育休闲服务,运动场馆,综合体育馆,广东省,深圳市,南山区,113.921333,22.493058
222,蛇口体育中心,体育休闲服务,运动场馆,综合体育馆,广东省,深圳市,南山区,113.923608,22.4952
223,东角头羽毛球馆,体育休闲服务,运动场馆,羽毛球场,广东省,深圳市,南山区,113.934878,22.486016
224,蛇口学校羽毛球馆,体育休闲服务,运动场馆,羽毛球场,广东省,深圳市,南山区,113.931266,22.488569
225,索福德体育,体育休闲服务,运动场馆,足球场,广东省,深圳市,南山区,113.921893,22.491924
226,加温国际跆拳道(蛇口店),体育休闲服务,运动场馆,跆拳道场馆,广东省,深圳市,南山区,113.924022,22.486515
227,宏图游泳健身俱乐部,体育休闲服务,运动场馆,游泳馆,广东省,深圳市,南山区,113.931998,22.494349
228,招北足球场,体育休闲服务,运动场馆,足球场,广东省,深圳市,南山区,113.921867,22.492089
229,深圳自贸中心羽毛球场,体育休闲服务,运动场馆,羽毛球场,广东省,深圳市,南山区,113.919159,22.48881
230,英嘉儿童运动成长中心(蛇口店),体育休闲服务,运动场馆,综合体育馆,广东省,深圳市,南山区,113.931252,22.493739
231,佳得乐中心溜冰场,体育休闲服务,运动场馆,溜冰场,广东省,深圳市,南山区,113.92322,22.494362
232,澳银众兄弟足球俱乐部基地,体育休闲服务,运动场馆,足球场,广东省,深圳市,南山区,113.92397,22.493997
233,蛇口体育中心-足球场,体育休闲服务,运动场馆,足球场,广东省,深圳市,南山区,113.923366,22.495092
234,招商雍华府网球场,体育休闲服务,运动场馆,网球场,广东省,深圳市,南山区,113.927896,22.500273
235,崇盛台球俱乐部,体育休闲服务,运动场馆,台球厅,广东省,深圳市,南山区,113.920508,22.497466
236,迳口村篮球场,体育休闲服务,运动场馆,篮球场馆,广东省,深圳市,光明区,113.970496,22.764346
237,海菲尔德马术,体育休闲服务,运动场馆,马术俱乐部,广东省,深圳市,光明区,113.962201,22.758229
238,光明农科大观园-跑马场,体育休闲服务,运动场馆,赛马场,广东省,深圳市,光明区,113.962237,22.759351
239,弘德跆拳道馆,体育休闲服务,运动场馆,跆拳道场馆,广东省,深圳市,光明区,113.951793,22.753414
240,索福德-青少儿快乐足球(深圳蛇口中心),体育休闲服务,运动场馆,足球场,广东省,深圳市,南山区,113.923731,22.495209
241,金载勲跆拳道场(后海馆店),体育休闲服务,运动场馆,跆拳道场馆,广东省,深圳市,南山区,113.940483,22.492772
242,锋速兵乓俱乐部,体育休闲服务,运动场馆,乒乓球馆,广东省,深圳市,南山区,113.919762,22.493615
243,华商体育草地网球俱乐部,体育休闲服务,运动场馆,网球场,广东省,深圳市,光明区,113.960085,22.73514
244,313桌球城,体育休闲服务,运动场馆,台球厅,广东省,深圳市,宝安区,113.970142,22.705894
245,八号台球休闲会所,体育休闲服务,运动场馆,台球厅,广东省,深圳市,光明区,113.989398,22.732052
246,pot台球清吧,体育休闲服务,运动场馆,台球厅,广东省,深圳市,光明区,113.991351,22.739383
247,正一道场跆拳道(七彩店),体育休闲服务,运动场馆,跆拳道场馆,广东省,深圳市,南山区,113.928629,22.517247
248,深圳数字体育中心,体育休闲服务,运动场馆,综合体育馆,广东省,深圳市,南山区,113.948403,22.533604
249,啪啪运动羽胜羽毛球馆,体育休闲服务,运动场馆,羽毛球场,广东省,深圳市,南山区,113.920605,22.518992
250,浩瀚游泳馆,体育休闲服务,运动场馆,游泳馆,广东省,深圳市,宝安区,113.96993,22.692298
251,颐丰华体育馆,体育休闲服务,运动场馆,综合体育馆,广东省,深圳市,龙华区,113.986029,22.686532
252,台球俱乐部,体育休闲服务,运动场馆,台球厅,广东省,深圳市,宝安区,113.962842,22.691636
253,颐丰华羽毛球馆,体育休闲服务,运动场馆,羽毛球场,广东省,深圳市,龙华区,113.986136,22.687378
254,深圳湾体育中心-室外篮球场,体育休闲服务,运动场馆,篮球场馆,广东省,深圳市,南山区,113.94919,22.51945
255,深圳大学-羽毛球场,体育休闲服务,运动场馆,羽毛球场,广东省,深圳市,南山区,113.939003,22.531058
256,ACU跆拳道(创业道场),体育休闲服务,运动场馆,跆拳道场馆,广东省,深圳市,南山区,113.922778,22.517323
257,深圳大学游泳馆(深大北门路),体育休闲服务,运动场馆,游泳馆,广东省,深圳市,南山区,113.938632,22.536666
258,深圳大学网球场,体育休闲服务,运动场馆,网球场,广东省,深圳市,南山区,113.939658,22.532153
259,希望乒乓球俱乐部,体育休闲服务,运动场馆,乒乓球馆,广东省,深圳市,南山区,113.919864,22.51905
260,南山跆拳道馆,体育休闲服务,运动场馆,跆拳道场馆,广东省,深圳市,南山区,113.921839,22.519439
261,深圳麒麟山庄-游泳池,体育休闲服务,运动场馆,游泳馆,广东省,深圳市,南山区,113.973617,22.606597
262,深圳大学城游泳馆,体育休闲服务,运动场馆,游泳馆,广东省,深圳市,南山区,113.980016,22.585509
263,深圳大学城体育中心(西一门店),体育休闲服务,运动场馆,综合体育馆,广东省,深圳市,南山区,113.980479,22.587374
264,深圳麒麟山庄-网球场,体育休闲服务,运动场馆,网球场,广东省,深圳市,南山区,113.97659,22.60193
265,深圳足球俱乐部,体育休闲服务,运动场馆,足球场,广东省,深圳市,南山区,113.963692,22.595374
266,北京大学深圳研究生院体育场,体育休闲服务,运动场馆,综合体育馆,广东省,深圳市,南山区,113.980453,22.591422
267,丽山文体公园篮球场,体育休闲服务,运动场馆,篮球场馆,广东省,深圳市,南山区,113.963427,22.588869
268,北京大学深圳研究生院篮球场,体育休闲服务,运动场馆,篮球场馆,广东省,深圳市,南山区,113.981528,22.591715
269,深圳大学城篮球馆,体育休闲服务,运动场馆,篮球场馆,广东省,深圳市,南山区,113.98118,22.588997
270,深圳跃星极枫Tricking极限特技空翻俱乐部,体育休闲服务,运动场馆,综合体育馆,广东省,深圳市,南山区,113.965472,22.583766
271,水木丹华游泳馆,体育休闲服务,运动场馆,游泳馆,广东省,深圳市,南山区,113.989575,22.591559
272,桑泰羽毛球馆,体育休闲服务,运动场馆,羽毛球场,广东省,深圳市,南山区,113.965051,22.588568
273,飞煜文化篮球训练营,体育休闲服务,运动场馆,篮球场馆,广东省,深圳市,南山区,113.963697,22.588991
274,V5篮球馆(跨界空间店),体育休闲服务,运动场馆,篮球场馆,广东省,深圳市,南山区,113.973595,22.561355
275,康爵足球俱乐部龙珠分部,体育休闲服务,运动场馆,足球场,广东省,深圳市,南山区,113.97247,22.567336
276,顶天台篮球馆,体育休闲服务,运动场馆,篮球场馆,广东省,深圳市,南山区,113.973318,22.56143
277,桃源文体中心(建设中),体育休闲服务,运动场馆,综合体育馆,广东省,深圳市,南山区,113.956324,22.573209
278,樂里天台足球场(龙井店),体育休闲服务,运动场馆,足球场,广东省,深圳市,南山区,113.97474,22.561461
279,沙河公园网球场,体育休闲服务,运动场馆,网球场,广东省,深圳市,南山区,113.963902,22.557676
280,桃源村游泳池,体育休闲服务,运动场馆,游泳馆,广东省,深圳市,南山区,113.978731,22.556467
281,勇士足球,体育休闲服务,运动场馆,足球场,广东省,深圳市,南山区,113.972075,22.567246
282,铂德健身会馆,体育休闲服务,运动场馆,篮球场馆,广东省,深圳市,南山区,113.980216,22.563415
283,深圳市朝向桃源足球公园,体育休闲服务,运动场馆,足球场,广东省,深圳市,南山区,113.966043,22.567044
284,龙光社区光前村篮球场,体育休闲服务,运动场馆,篮球场馆,广东省,深圳市,南山区,113.961741,22.562827
285,成长篮球(光前分馆),体育休闲服务,运动场馆,篮球场馆,广东省,深圳市,南山区,113.964217,22.564833
286,十五峯南会所羽毛球篮球馆,体育休闲服务,运动场馆,篮球场馆,广东省,深圳市,南山区,113.979983,22.563376
287,红树西岸篮球馆,体育休闲服务,运动场馆,篮球场馆,广东省,深圳市,南山区,113.96693,22.522199
288,深圳市南山华侨城体育场,体育休闲服务,运动场馆,综合体育馆,广东省,深圳市,南山区,113.985756,22.537502
289,华侨城体育中心游泳场,体育休闲服务,运动场馆,游泳馆,广东省,深圳市,南山区,113.982924,22.540144
290,中信国际公寓恒温游泳池,体育休闲服务,运动场馆,游泳馆,广东省,深圳市,南山区,113.965345,22.529743
291,华侨城体育文化中心,体育休闲服务,运动场馆,综合体育馆,广东省,深圳市,南山区,113.982806,22.539878
292,小小运动馆(华·生活馆北区),体育休闲服务,运动场馆,综合体育馆,广东省,深圳市,南山区,113.982911,22.537027
293,世界之窗-滑雪场,体育休闲服务,运动场馆,滑雪场,广东省,深圳市,南山区,113.972896,22.533385
294,世界花园游泳池,体育休闲服务,运动场馆,游泳馆,广东省,深圳市,南山区,113.976056,22.538456
295,滑冰场,体育休闲服务,运动场馆,溜冰场,广东省,深圳市,南山区,113.972877,22.534929
296,小小运动馆(华侨城中心店),体育休闲服务,运动场馆,综合体育馆,广东省,深圳市,南山区,113.98262,22.537032
297,深圳益田威斯汀酒店-游泳池,体育休闲服务,运动场馆,游泳馆,广东省,深圳市,南山区,113.975995,22.537704
298,博海名苑-游泳池,体育休闲服务,运动场馆,游泳馆,广东省,深圳市,南山区,113.953312,22.523793
299,星河街桌球城,体育休闲服务,运动场馆,台球厅,广东省,深圳市,南山区,113.972073,22.539057
300,深圳威尼斯睿途酒店-室外恒温游泳池,体育休闲服务,运动场馆,游泳馆,广东省,深圳市,南山区,113.977284,22.536864
301,荔园新村-乒乓球室,体育休闲服务,运动场馆,乒乓球馆,广东省,深圳市,南山区,113.97531,22.54065
302,华侨城体育文化中心-网球场,体育休闲服务,运动场馆,网球场,广东省,深圳市,南山区,113.98272,22.539702
303,IBOBI国际亲子游泳俱乐部(华侨城游泳中心),体育休闲服务,运动场馆,游泳馆,广东省,深圳市,南山区,113.991289,22.539698
304,东方花园会所壁球馆,体育休闲服务,运动场馆,壁球场,广东省,深圳市,南山区,113.977683,22.533717
305,华侨城网球俱乐部,体育休闲服务,运动场馆,网球场,广东省,深圳市,南山区,113.982853,22.54015
306,华侨城体育文化中心-羽毛球场,体育休闲服务,运动场馆,羽毛球场,广东省,深圳市,南山区,113.982544,22.540315
307,暨南大学深圳旅游学院-英东体育中心,体育休闲服务,运动场馆,综合体育馆,广东省,深圳市,南山区,113.985315,22.539073
308,斯诺克台球,体育休闲服务,运动场馆,台球厅,广东省,深圳市,龙华区,114.021399,22.747619
309,智凌桌球室,体育休闲服务,运动场馆,台球厅,广东省,深圳市,龙华区,114.019924,22.74648
310,大英伦台球俱乐部(章阁店),体育休闲服务,运动场馆,台球厅,广东省,深圳市,龙华区,114.022449,22.746339
311,五月广场台球城,体育休闲服务,运动场馆,台球厅,广东省,深圳市,龙华区,114.015445,22.744361
312,夜鹰溜冰场,体育休闲服务,运动场馆,溜冰场,广东省,深圳市,龙华区,114.011971,22.73169
313,新塘体育馆,体育休闲服务,运动场馆,综合体育馆,广东省,深圳市,龙华区,114.022666,22.717254
314,青山棋牌桌球室,体育休闲服务,运动场馆,台球厅,广东省,深圳市,龙华区,114.013075,22.727554
315,篮球场,体育休闲服务,运动场馆,篮球场馆,广东省,深圳市,龙华区,114.009927,22.729643
316,德誉台球馆,体育休闲服务,运动场馆,台球厅,广东省,深圳市,龙华区,114.013039,22.730322
317,深圳市龙华区大浪街道文化体育中心,体育休闲服务,运动场馆,综合体育馆,广东省,深圳市,龙华区,114.006229,22.681705
318,星星台球,体育休闲服务,运动场馆,台球厅,广东省,深圳市,龙华区,114.005326,22.678191
319,博诚恒温游泳馆,体育休闲服务,运动场馆,游泳馆,广东省,深圳市,龙华区,113.997971,22.677329
320,野马桌球(龙胜店),体育休闲服务,运动场馆,台球厅,广东省,深圳市,龙华区,114.021447,22.640439
321,海宁广场-游泳池,体育休闲服务,运动场馆,游泳馆,广东省,深圳市,龙华区,114.008511,22.639504
322,曼海宁花园南区游泳池(暂停营业),体育休闲服务,运动场馆,游泳馆,广东省,深圳市,龙华区,114.009907,22.639673
323,简上体育综合体,体育休闲服务,运动场馆,综合体育馆,广东省,深圳市,龙华区,114.012431,22.632438
324,五扬体育篮球场,体育休闲服务,运动场馆,篮球场馆,广东省,深圳市,龙华区,114.018493,22.640586
325,五扬乒乓球馆篮球场,体育休闲服务,运动场馆,篮球场馆,广东省,深圳市,龙华区,114.018514,22.640434
326,圣莫丽斯B21栋室内恒温游泳馆大龙游泳俱乐部,体育休闲服务,运动场馆,游泳馆,广东省,深圳市,龙华区,114.028826,22.600054
327,华爵台球室,体育休闲服务,运动场馆,台球厅,广东省,深圳市,龙华区,114.024561,22.616737
328,金辰国威乒乓球培训,体育休闲服务,运动场馆,乒乓球馆,广东省,深圳市,南山区,113.994189,22.591257
329,金地网球中心,体育休闲服务,运动场馆,网球场,广东省,深圳市,福田区,114.019321,22.553394
330,万科兰江山第·瑧山道冠蓝体育中心,体育休闲服务,运动场馆,综合体育馆,广东省,深圳市,福田区,114.014016,22.565045
331,新锐网球俱乐部,体育休闲服务,运动场馆,网球场,广东省,深圳市,福田区,114.01451,22.565034
332,香蜜体育中心,体育休闲服务,运动场馆,综合体育馆,广东省,深圳市,福田区,114.019218,22.551195
333,冠蓝室内篮球场羽毛球场网球场(兰江山第店),体育休闲服务,运动场馆,网球场,广东省,深圳市,福田区,114.013604,22.564952
334,香蜜公园体育中心网球场,体育休闲服务,运动场馆,网球场,广东省,深圳市,福田区,114.018278,22.551346
335,深圳高级中学(集团)中心校区-体育馆,体育休闲服务,运动场馆,综合体育馆,广东省,深圳市,福田区,114.017538,22.546371
336,香蜜体育中心-网球场(1),体育休闲服务,运动场馆,网球场,广东省,深圳市,福田区,114.017937,22.551875
337,香蜜体育中心-网球场(3),体育休闲服务,运动场馆,网球场,广东省,深圳市,福田区,114.018134,22.551361
338,香蜜体育中心-网球场(4),体育休闲服务,运动场馆,网球场,广东省,深圳市,福田区,114.018278,22.551354
339,香域中央游泳池,体育休闲服务,运动场馆,游泳馆,广东省,深圳市,福田区,114.017796,22.549278
340,福田体育网球场(6),体育休闲服务,运动场馆,网球场,广东省,深圳市,福田区,114.01904,22.550673
341,香蜜体育中心-网球场(5),体育休闲服务,运动场馆,网球场,广东省,深圳市,福田区,114.018788,22.550869
342,香蜜体育中心-网球场(7),体育休闲服务,运动场馆,网球场,广东省,深圳市,福田区,114.019228,22.550525
343,香蜜公园体育中心篮球场,体育休闲服务,运动场馆,篮球场馆,广东省,深圳市,福田区,114.018223,22.551695
344,香蜜体育中心-足球场(1),体育休闲服务,运动场馆,足球场,广东省,深圳市,福田区,114.019737,22.551576
345,香蜜体育中心-足球场(3),体育休闲服务,运动场馆,足球场,广东省,深圳市,福田区,114.019667,22.550149
346,侨香公馆游泳池,体育休闲服务,运动场馆,游泳馆,广东省,深圳市,福田区,114.00645,22.544871
347,香蜜体育中心-足球场(2),体育休闲服务,运动场馆,足球场,广东省,深圳市,福田区,114.019864,22.550527
348,香榭里会所游泳池,体育休闲服务,运动场馆,游泳馆,广东省,深圳市,福田区,114.019217,22.544105
349,深云村游泳场,体育休闲服务,运动场馆,游泳馆,广东省,深圳市,南山区,113.992607,22.554562
350,皇冠体育中心,体育休闲服务,运动场馆,综合体育馆,广东省,深圳市,福田区,114.020661,22.532826
351,皇冠羽毛球馆,体育休闲服务,运动场馆,羽毛球场,广东省,深圳市,福田区,114.021938,22.533601
352,云松网球中心,体育休闲服务,运动场馆,网球场,广东省,深圳市,福田区,114.022309,22.529498
353,皇冠足球场,体育休闲服务,运动场馆,足球场,广东省,深圳市,福田区,114.02068,22.532374
354,伍人行福田下沙足球场,体育休闲服务,运动场馆,足球场,广东省,深圳市,福田区,114.026332,22.525462
355,泰然体育中心,体育休闲服务,运动场馆,综合体育馆,广东省,深圳市,福田区,114.025061,22.531509
356,花好园游泳池,体育休闲服务,运动场馆,游泳馆,广东省,深圳市,福田区,114.025183,22.528269
357,台球馆,体育休闲服务,运动场馆,台球厅,广东省,深圳市,龙华区,114.052038,22.747519
358,大富篮球场,体育休闲服务,运动场馆,篮球场馆,广东省,深圳市,龙华区,114.040184,22.746892
359,贵湖塘村篮球场,体育休闲服务,运动场馆,篮球场馆,广东省,深圳市,龙华区,114.057098,22.72169
360,阳光乒乓球馆,体育休闲服务,运动场馆,乒乓球馆,广东省,深圳市,龙华区,114.055183,22.718189
361,西伯利亚桌球城,体育休闲服务,运动场馆,台球厅,广东省,深圳市,龙华区,114.05838,22.718001
362,活力羽毛球馆(观澜店),体育休闲服务,运动场馆,羽毛球场,广东省,深圳市,龙华区,114.059954,22.723404
363,深保健身游泳体育中心,体育休闲服务,运动场馆,综合体育馆,广东省,深圳市,龙华区,114.050298,22.674408
364,招商澜园-游泳池(暂停营业),体育休闲服务,运动场馆,游泳馆,广东省,深圳市,龙华区,114.047445,22.685726
365,篮球馆,体育休闲服务,运动场馆,篮球场馆,广东省,深圳市,龙华区,114.050405,22.674428
366,龙华飞翔体育足球场,体育休闲服务,运动场馆,足球场,广东省,深圳市,龙华区,114.049708,22.675155
367,深澜篮球,体育休闲服务,运动场馆,篮球场馆,广东省,深圳市,龙华区,114.052414,22.690617
368,街霸篮球公园,体育休闲服务,运动场馆,篮球场馆,广东省,深圳市,龙华区,114.061112,22.672894
369,龙兴翔博时特运动中心,体育休闲服务,运动场馆,综合体育馆,广东省,深圳市,龙华区,114.045596,22.645266
370,易趣体育中心(龙华俱乐部),体育休闲服务,运动场馆,综合体育馆,广东省,深圳市,龙华区,114.051184,22.646856
371,大家乐溜冰场(油松路),体育休闲服务,运动场馆,溜冰场,广东省,深圳市,龙华区,114.045824,22.64487
372,华雅羽毛球馆(体验馆),体育休闲服务,运动场馆,羽毛球场,广东省,深圳市,龙华区,114.048555,22.641362
373,柒号球场-微谷店,体育休闲服务,运动场馆,综合体育馆,广东省,深圳市,龙岗区,114.061796,22.641214
374,慰篮体育篮球训练营,体育休闲服务,运动场馆,篮球场馆,广东省,深圳市,龙华区,114.053799,22.637417
375,精英篮球公园,体育休闲服务,运动场馆,篮球场馆,广东省,深圳市,龙华区,114.046978,22.644939
376,四季花城游泳池,体育休闲服务,运动场馆,游泳馆,广东省,深圳市,龙岗区,114.058031,22.623846
377,24号篮球馆,体育休闲服务,运动场馆,篮球场馆,广东省,深圳市,龙华区,114.046896,22.645272
378,速8健身游泳馆,体育休闲服务,运动场馆,游泳馆,广东省,深圳市,龙华区,114.044774,22.643608
379,滢水山庄游泳池,体育休闲服务,运动场馆,游泳馆,广东省,深圳市,龙华区,114.053916,22.59959
380,书香门第上河坊游泳池,体育休闲服务,运动场馆,游泳馆,广东省,深圳市,龙华区,114.047671,22.597659
381,易型AT20(玖龙荟店),体育休闲服务,运动场馆,综合体育馆,广东省,深圳市,龙华区,114.041699,22.601279
382,龙华COCO City.QPark篮球馆,体育休闲服务,运动场馆,篮球场馆,广东省,深圳市,龙华区,114.046101,22.602665
383,蔚蓝游泳场(暂停营业),体育休闲服务,运动场馆,游泳馆,广东省,深圳市,福田区,114.050833,22.559593
384,碧华庭居游泳池,体育休闲服务,运动场馆,游泳馆,广东省,深圳市,福田区,114.04926,22.563787
385,梅林一村游泳场,体育休闲服务,运动场馆,游泳馆,广东省,深圳市,福田区,114.03834,22.567121
386,莲花体育中心,体育休闲服务,运动场馆,综合体育馆,广东省,深圳市,福田区,114.046157,22.544968
387,上梅林文体公园网球场,体育休闲服务,运动场馆,网球场,广东省,深圳市,福田区,114.048035,22.566797
388,瑞欧国际马术学院(梅林生活中心店),体育休闲服务,运动场馆,马术俱乐部,广东省,深圳市,福田区,114.053116,22.563261
389,瑞欧国际青少年马术(梅林店),体育休闲服务,运动场馆,马术俱乐部,广东省,深圳市,福田区,114.052821,22.562998
390,景上景桌球棋牌会所(景田店),体育休闲服务,运动场馆,台球厅,广东省,深圳市,福田区,114.044695,22.550801
391,KTF国际跆拳道教育,体育休闲服务,运动场馆,跆拳道场馆,广东省,深圳市,福田区,114.053669,22.561089
392,福田体育公园,体育休闲服务,运动场馆,综合体育馆,广东省,深圳市,福田区,114.036043,22.526018
393,红岭中学-体育馆,体育休闲服务,运动场馆,综合体育馆,广东省,深圳市,福田区,114.052861,22.517402
394,释颜孕产康复运动中心,体育休闲服务,运动场馆,综合体育馆,广东省,深圳市,福田区,114.052832,22.521038
395,福田区委体育馆,体育休闲服务,运动场馆,综合体育馆,广东省,深圳市,福田区,114.054763,22.51999
396,福田机关游泳场,体育休闲服务,运动场馆,游泳馆,广东省,深圳市,福田区,114.05408,22.519682
397,中央花园游泳池,体育休闲服务,运动场馆,游泳馆,广东省,深圳市,福田区,114.053255,22.523143
398,恒温游泳馆,体育休闲服务,运动场馆,游泳馆,广东省,深圳市,福田区,114.049557,22.519306
399,福田体育公园恒温游泳馆,体育休闲服务,运动场馆,游泳馆,广东省,深圳市,福田区,114.035847,22.525415
400,皇岗公园-网球场,体育休闲服务,运动场馆,网球场,广东省,深圳市,福田区,114.058551,22.520548
401,福田区委网球场,体育休闲服务,运动场馆,网球场,广东省,深圳市,福田区,114.055075,22.521508
402,818台球室,体育休闲服务,运动场馆,台球厅,广东省,深圳市,龙华区,114.091068,22.726163
403,天龙正道跆拳道,体育休闲服务,运动场馆,跆拳道场馆,广东省,深圳市,龙华区,114.091222,22.725994
404,牛湖社区篮球场,体育休闲服务,运动场馆,篮球场馆,广东省,深圳市,龙华区,114.09071,22.730461
405,盛悦鼎鸿保龄俱乐部,体育休闲服务,运动场馆,保龄球馆,广东省,深圳市,龙华区,114.075737,22.722232
406,辅城坳足球场,体育休闲服务,运动场馆,足球场,广东省,深圳市,龙岗区,114.101513,22.703024
407,康乐城溜冰场,体育休闲服务,运动场馆,溜冰场,广东省,深圳市,龙岗区,114.107711,22.690491
408,聚福轩台球城,体育休闲服务,运动场馆,台球厅,广东省,深圳市,龙华区,114.078445,22.684002
409,辅城新村网球场,体育休闲服务,运动场馆,网球场,广东省,深圳市,龙岗区,114.103843,22.699297
410,康伟欣溜冰场,体育休闲服务,运动场馆,溜冰场,广东省,深圳市,龙岗区,114.088796,22.640776
411,型动羽毛球馆,体育休闲服务,运动场馆,羽毛球场,广东省,深圳市,龙岗区,114.091064,22.63771
412,金鹏足球场,体育休闲服务,运动场馆,足球场,广东省,深圳市,龙岗区,114.087143,22.645439
413,深圳科比曼巴篮球场,体育休闲服务,运动场馆,篮球场馆,广东省,深圳市,龙岗区,114.086416,22.628997
414,深圳詹姆斯·天空之境篮球场,体育休闲服务,运动场馆,篮球场馆,广东省,深圳市,龙岗区,114.086264,22.627038
415,丽湖花园-游泳池,体育休闲服务,运动场馆,游泳馆,广东省,深圳市,龙岗区,114.107756,22.629897
416,荔枝园西区篮球,体育休闲服务,运动场馆,篮球场馆,广东省,深圳市,龙岗区,114.074646,22.633536
417,元平爱心体育馆,体育休闲服务,运动场馆,综合体育馆,广东省,深圳市,龙岗区,114.106197,22.59345
418,乐泰都保龄球馆,体育休闲服务,运动场馆,保龄球馆,广东省,深圳市,龙岗区,114.111047,22.606875
419,莲花山庄篮球场,体育休闲服务,运动场馆,篮球场馆,广东省,深圳市,龙岗区,114.108247,22.597947
420,篮球场,体育休闲服务,运动场馆,篮球场馆,广东省,深圳市,龙岗区,114.10181,22.608585
421,鹏承1小时网球俱乐部,体育休闲服务,运动场馆,网球场,广东省,深圳市,龙岗区,114.103982,22.610539
422,鹏承e小时网球俱乐部,体育休闲服务,运动场馆,网球场,广东省,深圳市,龙岗区,114.103815,22.610333
423,莲花山庄羽毛球馆,体育休闲服务,运动场馆,羽毛球场,广东省,深圳市,龙岗区,114.110572,22.600373
424,港龙桌球城(西环路店),体育休闲服务,运动场馆,台球厅,广东省,深圳市,龙岗区,114.109742,22.606471
425,大满贯台球,体育休闲服务,运动场馆,台球厅,广东省,深圳市,龙岗区,114.106283,22.608624
426,银湖马场,体育休闲服务,运动场馆,马术俱乐部,广东省,深圳市,罗湖区,114.079684,22.582349
427,银湖游泳池(暂停营业),体育休闲服务,运动场馆,游泳馆,广东省,深圳市,罗湖区,114.077004,22.582664
428,添正跆拳道,体育休闲服务,运动场馆,跆拳道场馆,广东省,深圳市,龙岗区,114.10355,22.610345
429,高时文体中心篮球馆/排球馆,体育休闲服务,运动场馆,综合体育馆,广东省,深圳市,龙岗区,114.080808,22.62082
430,深圳体育场,体育休闲服务,运动场馆,综合体育馆,广东省,深圳市,福田区,114.092056,22.559472
431,深圳体育馆(建设中),体育休闲服务,运动场馆,综合体育馆,广东省,深圳市,福田区,114.093936,22.557113
432,深圳市体育中心,体育休闲服务,运动场馆,综合体育馆,广东省,深圳市,福田区,114.091718,22.558319
433,深圳游泳跳水馆,体育休闲服务,运动场馆,游泳馆,广东省,深圳市,福田区,114.091712,22.556498
434,笔架山运动员训练基地综合训练馆,体育休闲服务,运动场馆,综合体育馆,广东省,深圳市,福田区,114.088143,22.559926
435,深圳网球中心,体育休闲服务,运动场馆,网球场,广东省,深圳市,福田区,114.087488,22.559215
436,深圳市体工大队训练馆,体育休闲服务,运动场馆,综合体育馆,广东省,深圳市,福田区,114.088561,22.560862
437,深圳市球迷会篮球基地,体育休闲服务,运动场馆,篮球场馆,广东省,深圳市,福田区,114.091453,22.561117
438,黄木岗网球中心,体育休闲服务,运动场馆,网球场,广东省,深圳市,福田区,114.080453,22.556045
439,金帝鑫露生活体育馆,体育休闲服务,运动场馆,综合体育馆,广东省,深圳市,福田区,114.09908,22.56163
440,福田区体育训练基地(足球),体育休闲服务,运动场馆,足球场,广东省,深圳市,福田区,114.093433,22.559209
441,中翼体育运动成长中心,体育休闲服务,运动场馆,综合体育馆,广东省,深圳市,福田区,114.094659,22.554262
442,深圳市足球协会青少年足球培训基地,体育休闲服务,运动场馆,足球场,广东省,深圳市,福田区,114.091032,22.560717
443,焦刘洋游泳训练馆,体育休闲服务,运动场馆,游泳馆,广东省,深圳市,福田区,114.091118,22.556936
444,小东家运动馆,体育休闲服务,运动场馆,篮球场馆,广东省,深圳市,福田区,114.096435,22.560959
445,深圳市体育馆篮球训练基地(体育场分部),体育休闲服务,运动场馆,篮球场馆,广东省,深圳市,福田区,114.093243,22.559091
446,城市主场三楼空中游泳池,体育休闲服务,运动场馆,游泳馆,广东省,深圳市,福田区,114.095876,22.557929
447,盛世鹏程网球场,体育休闲服务,运动场馆,网球场,广东省,深圳市,福田区,114.097895,22.556769
448,御景篮球场,体育休闲服务,运动场馆,篮球场馆,广东省,深圳市,福田区,114.086055,22.531414
449,万象一号棋牌桌球,体育休闲服务,运动场馆,台球厅,广东省,深圳市,罗湖区,114.109327,22.540276
450,行动派游泳健身俱乐部,体育休闲服务,运动场馆,游泳馆,广东省,深圳市,龙岗区,114.13558,22.682344
451,华南城冀商篮球场,体育休闲服务,运动场馆,篮球场馆,广东省,深圳市,龙岗区,114.132065,22.67846
452,华南城冀商足球场,体育休闲服务,运动场馆,足球场,广东省,深圳市,龙岗区,114.132065,22.67846
453,万利城·事竟成网球场,体育休闲服务,运动场馆,网球场,广东省,深圳市,龙岗区,114.13689,22.681276
454,平湖体育中心,体育休闲服务,运动场馆,综合体育馆,广东省,深圳市,龙岗区,114.140909,22.698574
455,朗越-大生网球场,体育休闲服务,运动场馆,网球场,广东省,深圳市,龙岗区,114.137475,22.643069
456,朗越-大生羽毛球馆,体育休闲服务,运动场馆,羽毛球场,广东省,深圳市,龙岗区,114.137353,22.642929
457,宝亨达国际大酒店-游泳池,体育休闲服务,运动场馆,游泳馆,广东省,深圳市,龙岗区,114.12112,22.64524
458,上李朗体育运动中心,体育休闲服务,运动场馆,综合体育馆,广东省,深圳市,龙岗区,114.121329,22.654524
459,宝亨达国际大酒店-桌球室,体育休闲服务,运动场馆,台球厅,广东省,深圳市,龙岗区,114.121146,22.645149
460,飛马羽毛球学院(羽毛球馆/篮球场),体育休闲服务,运动场馆,篮球场馆,广东省,深圳市,龙岗区,114.11845,22.645538
461,洲腾工业园蓝球场,体育休闲服务,运动场馆,篮球场馆,广东省,深圳市,龙岗区,114.125515,22.657743
462,创动网球俱乐部,体育休闲服务,运动场馆,网球场,广东省,深圳市,龙岗区,114.129509,22.601612
463,深圳市博志网球俱乐部,体育休闲服务,运动场馆,网球场,广东省,深圳市,龙岗区,114.129584,22.601434
464,WILDFLY时尚运动营,体育休闲服务,运动场馆,综合体育馆,广东省,深圳市,龙岗区,114.139789,22.602277
465,星空少儿篮球馆,体育休闲服务,运动场馆,篮球场馆,广东省,深圳市,龙岗区,114.132575,22.598186
466,弘兴武术运动馆,体育休闲服务,运动场馆,综合体育馆,广东省,深圳市,龙岗区,114.126712,22.593479
467,可园羽毛球馆,体育休闲服务,运动场馆,羽毛球场,广东省,深圳市,龙岗区,114.135278,22.602982
468,扬光体育游泳馆(龙珠花园游泳池),体育休闲服务,运动场馆,游泳馆,广东省,深圳市,龙岗区,114.12608,22.602315
469,布吉羽毛球馆,体育休闲服务,运动场馆,羽毛球场,广东省,深圳市,龙岗区,114.126385,22.609374
470,罗湖体育中心,体育休闲服务,运动场馆,综合体育馆,广东省,深圳市,罗湖区,114.15107,22.555461
471,罗湖游泳场,体育休闲服务,运动场馆,游泳馆,广东省,深圳市,罗湖区,114.150006,22.554697
472,怡景体育馆,体育休闲服务,运动场馆,综合体育馆,广东省,深圳市,罗湖区,114.138285,22.553699
473,港龙桌球·棋牌,体育休闲服务,运动场馆,台球厅,广东省,深圳市,罗湖区,114.130254,22.562103
474,阳光绿地家园游泳池,体育休闲服务,运动场馆,游泳馆,广东省,深圳市,罗湖区,114.136781,22.56327
475,东深体育馆,体育休闲服务,运动场馆,综合体育馆,广东省,深圳市,罗湖区,114.145574,22.56401
476,新村羽毛球馆(水库新村三街),体育休闲服务,运动场馆,羽毛球场,广东省,深圳市,罗湖区,114.137111,22.565768
477,福克斯桌球俱乐部,体育休闲服务,运动场馆,台球厅,广东省,深圳市,罗湖区,114.136742,22.56015
478,天天网球俱乐部,体育休闲服务,运动场馆,网球场,广东省,深圳市,罗湖区,114.120718,22.558819
479,振业城二期游泳池,体育休闲服务,运动场馆,综合体育馆,广东省,深圳市,龙岗区,114.178216,22.642031
480,热火篮球俱乐部,体育休闲服务,运动场馆,综合体育馆,广东省,深圳市,龙岗区,114.181397,22.646856
481,奥博跆拳道馆,体育休闲服务,运动场馆,跆拳道场馆,广东省,深圳市,龙岗区,114.175881,22.643053
482,奥搏跆拳,体育休闲服务,运动场馆,跆拳道场馆,广东省,深圳市,龙岗区,114.175857,22.643044
483,伍人行振业城足球场,体育休闲服务,运动场馆,足球场,广东省,深圳市,龙岗区,114.177683,22.635133
484,四季蓝台球俱乐部,体育休闲服务,运动场馆,台球厅,广东省,深圳市,龙岗区,114.164502,22.650078
485,菲尔尼斯健身游泳会所,体育休闲服务,运动场馆,游泳馆,广东省,深圳市,龙岗区,114.187,22.637692
486,龙之武跆拳道（大望馆）,体育休闲服务,运动场馆,跆拳道场馆,广东省,深圳市,罗湖区,114.175402,22.601409
487,国慧马术俱乐部,体育休闲服务,运动场馆,马术俱乐部,广东省,深圳市,罗湖区,114.17808,22.6037
488,国香山恒温游泳馆,体育休闲服务,运动场馆,游泳馆,广东省,深圳市,龙岗区,114.163988,22.612672
489,添正跆拳道(沙湾馆),体育休闲服务,运动场馆,跆拳道场馆,广东省,深圳市,罗湖区,114.166332,22.60714
490,金色年华游泳馆,体育休闲服务,运动场馆,游泳馆,广东省,深圳市,罗湖区,114.170933,22.561877
491,源动力桌球棋牌,体育休闲服务,运动场馆,台球厅,广东省,深圳市,罗湖区,114.170887,22.564268
492,恒温游泳馆(延芳路),体育休闲服务,运动场馆,游泳馆,广东省,深圳市,罗湖区,114.152321,22.555397
493,华景园游泳池,体育休闲服务,运动场馆,游泳馆,广东省,深圳市,罗湖区,114.176433,22.565072
494,源动力桌球城,体育休闲服务,运动场馆,台球厅,广东省,深圳市,罗湖区,114.170659,22.564357
495,健力羽毛球馆,体育休闲服务,运动场馆,羽毛球场,广东省,深圳市,罗湖区,114.178144,22.557515
496,圳扬武道(莲塘馆),体育休闲服务,运动场馆,跆拳道场馆,广东省,深圳市,罗湖区,114.16984,22.559444
497,鹏兴花园一期-游泳池,体育休闲服务,运动场馆,游泳馆,广东省,深圳市,罗湖区,114.163839,22.564219
498,风飞城梧桐山仙桐体育公园足球场,体育休闲服务,运动场馆,足球场,广东省,深圳市,罗湖区,114.186276,22.562209
499,合正乒乓球室,体育休闲服务,运动场馆,乒乓球馆,广东省,深圳市,罗湖区,114.178166,22.562778
500,玉雅居游泳馆,体育休闲服务,运动场馆,游泳馆,广东省,深圳市,罗湖区,114.185654,22.555976
501,罗湖外语学校-羽毛球馆,体育休闲服务,运动场馆,羽毛球场,广东省,深圳市,罗湖区,114.164469,22.563507
502,仙桐体育公园篮球场,体育休闲服务,运动场馆,篮球场馆,广东省,深圳市,罗湖区,114.18336,22.560856
503,莲塘仙桐网球场,体育休闲服务,运动场馆,网球场,广东省,深圳市,罗湖区,114.185625,22.561822
504,罗湖网球中心,体育休闲服务,运动场馆,网球场,广东省,深圳市,罗湖区,114.151592,22.556036
505,罗湖体育馆篮球训练营,体育休闲服务,运动场馆,篮球场馆,广东省,深圳市,罗湖区,114.152051,22.555546
506,罗湖区罗湖体育馆中心网球场,体育休闲服务,运动场馆,网球场,广东省,深圳市,罗湖区,114.151475,22.556082
507,罗湖乒乓球综合馆,体育休闲服务,运动场馆,乒乓球馆,广东省,深圳市,罗湖区,114.151593,22.556034
508,罗湖体育馆-羽毛球馆,体育休闲服务,运动场馆,羽毛球场,广东省,深圳市,罗湖区,114.151717,22.555219
509,华翰跆拳道馆,体育休闲服务,运动场馆,跆拳道场馆,广东省,深圳市,罗湖区,114.190644,22.557731
510,安芳小学羽毛球馆,体育休闲服务,运动场馆,羽毛球场,广东省,深圳市,罗湖区,114.154311,22.544348
511,名洋桌球城,体育休闲服务,运动场馆,台球厅,广东省,深圳市,罗湖区,114.141505,22.581356
512,罗湖百草园小学篮球场,体育休闲服务,运动场馆,篮球场馆,广东省,深圳市,罗湖区,114.113399,22.549594
513,飞进体育篮球馆,体育休闲服务,运动场馆,篮球场馆,广东省,深圳市,龙岗区,114.229654,22.746028
514,龙岗区社区篮球场,体育休闲服务,运动场馆,篮球场馆,广东省,深圳市,龙岗区,114.228918,22.745248
515,天朋羽毛球馆(千林山居店),体育休闲服务,运动场馆,羽毛球场,广东省,深圳市,龙岗区,114.230765,22.753628
516,星火体育篮球馆(五联店),体育休闲服务,运动场馆,篮球场馆,广东省,深圳市,龙岗区,114.229646,22.746196
517,德与五联羽毛球馆,体育休闲服务,运动场馆,羽毛球场,广东省,深圳市,龙岗区,114.229299,22.746314
518,小漾亲子游泳俱乐部(龙岗大运店),体育休闲服务,运动场馆,游泳馆,广东省,深圳市,龙岗区,114.213153,22.719459
519,龙岗中专体育馆,体育休闲服务,运动场馆,综合体育馆,广东省,深圳市,龙岗区,114.219757,22.716971
520,黄阁翠苑游泳池,体育休闲服务,运动场馆,游泳馆,广东省,深圳市,龙岗区,114.217541,22.7133
521,白灰围村篮球场,体育休闲服务,运动场馆,篮球场馆,广东省,深圳市,龙岗区,114.220512,22.721304
522,海晴篮球俱乐部(福安店),体育休闲服务,运动场馆,篮球场馆,广东省,深圳市,龙岗区,114.213218,22.712885
523,龙岗中专篮球场,体育休闲服务,运动场馆,篮球场馆,广东省,深圳市,龙岗区,114.219245,22.717027
524,盛力人和格斗运动馆(京基店),体育休闲服务,运动场馆,综合体育馆,广东省,深圳市,龙岗区,114.217263,22.706271
525,深圳市龙岗区体育中心,体育休闲服务,运动场馆,综合体育馆,广东省,深圳市,龙岗区,114.203681,22.68257
526,深圳大运中心体育馆,体育休闲服务,运动场馆,综合体育馆,广东省,深圳市,龙岗区,114.216268,22.695945
527,龙岗区体育中心管理处,体育休闲服务,运动场馆,综合体育馆,广东省,深圳市,龙岗区,114.20362,22.684412
528,香港中文大学(深圳)-体育馆,体育休闲服务,运动场馆,综合体育馆,广东省,深圳市,龙岗区,114.210531,22.68511
529,深圳龙岗神仙岭国际网球中心,体育休闲服务,运动场馆,网球场,广东省,深圳市,龙岗区,114.204226,22.68253
530,大运中心游泳馆,体育休闲服务,运动场馆,游泳馆,广东省,深圳市,龙岗区,114.213758,22.697362
531,深圳信息学院游泳馆,体育休闲服务,运动场馆,游泳馆,广东省,深圳市,龙岗区,114.215822,22.680633
532,深圳大运中心体育馆足球场,体育休闲服务,运动场馆,综合体育馆,广东省,深圳市,龙岗区,114.205265,22.682546
533,登顶篮球训练营,体育休闲服务,运动场馆,篮球场馆,广东省,深圳市,龙岗区,114.204993,22.683117
534,龙岗体育中心-网球馆,体育休闲服务,运动场馆,网球场,广东省,深圳市,龙岗区,114.205199,22.684947
535,深圳信息职业技术学院体育馆,体育休闲服务,运动场馆,综合体育馆,广东省,深圳市,龙岗区,114.217914,22.681541
536,龙岗区体育中心-篮球场,体育休闲服务,运动场馆,篮球场馆,广东省,深圳市,龙岗区,114.204787,22.682979
537,大运篮球公园,体育休闲服务,运动场馆,篮球场馆,广东省,深圳市,龙岗区,114.217102,22.698419
538,龙岗区体育中心-羽毛球场,体育休闲服务,运动场馆,羽毛球场,广东省,深圳市,龙岗区,114.206372,22.683593
539,肉减减运动减肥训练营,体育休闲服务,运动场馆,综合体育馆,广东省,深圳市,龙岗区,114.230935,22.68528
540,乐城游泳馆,体育休闲服务,运动场馆,游泳馆,广东省,深圳市,龙岗区,114.224415,22.675434
541,深圳世界大学生运动会体育中心-主体育馆,体育休闲服务,运动场馆,综合体育馆,广东省,深圳市,龙岗区,114.21827,22.69797
542,中铁十五局篮球场,体育休闲服务,运动场馆,篮球场馆,广东省,深圳市,龙岗区,114.216555,22.669336
543,开心台球(横岗店),体育休闲服务,运动场馆,台球厅,广东省,深圳市,龙岗区,114.209256,22.64328
544,浩天桌球棋牌,体育休闲服务,运动场馆,台球厅,广东省,深圳市,龙岗区,114.210486,22.645404
545,天空足球场,体育休闲服务,运动场馆,足球场,广东省,深圳市,龙岗区,114.203961,22.642587
546,宝兴桌球棋牌室,体育休闲服务,运动场馆,台球厅,广东省,深圳市,龙岗区,114.222218,22.614709
547,正德跆拳道馆(西坑馆),体育休闲服务,运动场馆,跆拳道场馆,广东省,深圳市,龙岗区,114.222825,22.612867
548,小鸭先知游泳馆,体育休闲服务,运动场馆,游泳馆,广东省,深圳市,龙岗区,114.195799,22.643164
549,深圳吉如堂跆拳道馆,体育休闲服务,运动场馆,跆拳道场馆,广东省,深圳市,龙岗区,114.20534,22.643172
550,海浪篮球训练营,体育休闲服务,运动场馆,篮球场馆,广东省,深圳市,龙岗区,114.199213,22.647167
551,横岗羽毛球馆,体育休闲服务,运动场馆,羽毛球场,广东省,深圳市,龙岗区,114.203133,22.643189
552,嗨波乐桌球会(茂盛路店),体育休闲服务,运动场馆,台球厅,广东省,深圳市,龙岗区,114.202992,22.651087
553,照相桌球,体育休闲服务,运动场馆,台球厅,广东省,深圳市,龙岗区,114.204124,22.649906
554,谁羽争峰羽毛球生活馆,体育休闲服务,运动场馆,羽毛球场,广东省,深圳市,龙岗区,114.199497,22.647016
555,尚酷网球,体育休闲服务,运动场馆,网球场,广东省,深圳市,罗湖区,114.195704,22.554061
556,糖果篮球馆,体育休闲服务,运动场馆,篮球场馆,广东省,深圳市,盐田区,114.226134,22.550841
557,蓝郡篮球馆,体育休闲服务,运动场馆,篮球场馆,广东省,深圳市,盐田区,114.226068,22.550681
558,金福特保龄球馆,体育休闲服务,运动场馆,保龄球馆,广东省,深圳市,盐田区,114.227239,22.552021
559,新星源桌球城,体育休闲服务,运动场馆,台球厅,广东省,深圳市,盐田区,114.227364,22.552174
560,正龙跆拳道馆,体育休闲服务,运动场馆,跆拳道场馆,广东省,深圳市,盐田区,114.228489,22.552243
561,尚武跆拳道,体育休闲服务,运动场馆,跆拳道场馆,广东省,深圳市,龙岗区,114.220721,22.628878
562,武松ITF跆拳道馆,体育休闲服务,运动场馆,跆拳道场馆,广东省,深圳市,龙岗区,114.19382,22.642977
563,益群乒乓球俱乐部,体育休闲服务,运动场馆,乒乓球馆,广东省,深圳市,龙岗区,114.194093,22.643605
564,震威跆拳道(益群道场),体育休闲服务,运动场馆,跆拳道场馆,广东省,深圳市,龙岗区,114.192342,22.646379
565,震威跆拳道(新益群道馆),体育休闲服务,运动场馆,跆拳道场馆,广东省,深圳市,龙岗区,114.192341,22.646359
566,碰碰桌球棋牌俱乐部,体育休闲服务,运动场馆,台球厅,广东省,深圳市,龙岗区,114.210812,22.644505
567,星8台球俱乐部,体育休闲服务,运动场馆,台球厅,广东省,深圳市,龙岗区,114.246786,22.748096
568,萌虎跆拳道馆,体育休闲服务,运动场馆,跆拳道场馆,广东省,深圳市,龙岗区,114.246903,22.751968
569,龙西羽毛球馆,体育休闲服务,运动场馆,羽毛球场,广东省,深圳市,龙岗区,114.245243,22.74526
570,天湖桌球·棋牌,体育休闲服务,运动场馆,台球厅,广东省,深圳市,龙岗区,114.233977,22.745525
571,派浪游泳俱乐部,体育休闲服务,运动场馆,游泳馆,广东省,深圳市,龙岗区,114.250434,22.723221
572,深正体育·宝钜文体中心,体育休闲服务,运动场馆,综合体育馆,广东省,深圳市,龙岗区,114.248237,22.725361
573,深圳龙岗珠江皇冠假日酒店-室内游泳池,体育休闲服务,运动场馆,游泳馆,广东省,深圳市,龙岗区,114.25048,22.7232
574,Superkid儿童运动馆(世贸店),体育休闲服务,运动场馆,综合体育馆,广东省,深圳市,龙岗区,114.245474,22.716201
575,金爵桌球健身俱乐部,体育休闲服务,运动场馆,台球厅,广东省,深圳市,龙岗区,114.242116,22.683873
576,超越国际跆拳道,体育休闲服务,运动场馆,跆拳道场馆,广东省,深圳市,龙岗区,114.252941,22.688034
577,恒胜台球俱乐部,体育休闲服务,运动场馆,台球厅,广东省,深圳市,龙岗区,114.240136,22.678602
578,超越国际跆拳道馆(嶂背村店),体育休闲服务,运动场馆,跆拳道场馆,广东省,深圳市,龙岗区,114.242129,22.68513
579,南联社区公园网球场,体育休闲服务,运动场馆,网球场,广东省,深圳市,龙岗区,114.251748,22.699042
580,大万台球城,体育休闲服务,运动场馆,台球厅,广东省,深圳市,龙岗区,114.24158,22.646342
581,安良文体中心,体育休闲服务,运动场馆,综合体育馆,广东省,深圳市,龙岗区,114.232775,22.630617
582,迫尔飞客跆拳道运动中心(尖莎咀购物中心),体育休闲服务,运动场馆,跆拳道场馆,广东省,深圳市,龙岗区,114.26658,22.688034
583,龙城跆拳道馆,体育休闲服务,运动场馆,跆拳道场馆,广东省,深圳市,龙岗区,114.231836,22.700949
584,星义跆拳道馆,体育休闲服务,运动场馆,跆拳道场馆,广东省,深圳市,龙岗区,114.236942,22.700989
585,深圳市赛搏体育发展有限公司,体育休闲服务,运动场馆,综合体育馆,广东省,深圳市,龙岗区,114.243783,22.706575
586,悦动篮球馆(龙岗店),体育休闲服务,运动场馆,篮球场馆,广东省,深圳市,龙岗区,114.248696,22.73154
587,英唐台球会所,体育休闲服务,运动场馆,台球厅,广东省,深圳市,龙岗区,114.259455,22.716347
588,简一篮球场,体育休闲服务,运动场馆,篮球场馆,广东省,深圳市,龙岗区,114.26258,22.723078
589,城市主场,体育休闲服务,运动场馆,足球场,广东省,深圳市,盐田区,114.250388,22.593632
590,山海四季城室外游泳池(暂停营业),体育休闲服务,运动场馆,游泳馆,广东省,深圳市,盐田区,114.253855,22.59231
591,东港印象家园游泳池(暂停营业),体育休闲服务,运动场馆,游泳馆,广东省,深圳市,盐田区,114.249006,22.591466
592,东海丽景花园游泳池,体育休闲服务,运动场馆,游泳馆,广东省,深圳市,盐田区,114.257142,22.589781
593,万科金山碧海花园-游泳池,体育休闲服务,运动场馆,游泳馆,广东省,深圳市,盐田区,114.239908,22.58842
594,海湾桌球俱乐部,体育休闲服务,运动场馆,台球厅,广东省,深圳市,盐田区,114.254416,22.588288
595,南方明珠花园B区羽毛球场,体育休闲服务,运动场馆,羽毛球场,广东省,深圳市,盐田区,114.261062,22.587116
596,九龙至尊台球俱乐部,体育休闲服务,运动场馆,台球厅,广东省,深圳市,盐田区,114.269699,22.58926
597,欧意轩小区游泳馆,体育休闲服务,运动场馆,游泳馆,广东省,深圳市,龙岗区,114.25324,22.735551
598,邱屋篮球场,体育休闲服务,运动场馆,篮球场馆,广东省,深圳市,龙岗区,114.261027,22.713568
599,星火体育篮球(龙城店),体育休闲服务,运动场馆,篮球场馆,广东省,深圳市,龙岗区,114.25835,22.710967
600,熊猫减重训练营,体育休闲服务,运动场馆,综合体育馆,广东省,深圳市,盐田区,114.251138,22.568717
601,盐田区沙头角体育馆,体育休闲服务,运动场馆,综合体育馆,广东省,深圳市,盐田区,114.233971,22.548399
602,CBA领航者糖果篮球公园(盐田店),体育休闲服务,运动场馆,篮球场馆,广东省,深圳市,盐田区,114.245551,22.558608
603,盐田区网球俱乐部,体育休闲服务,运动场馆,网球场,广东省,深圳市,盐田区,114.235727,22.560773
604,深圳市盐田区凯福乒乓球俱乐部,体育休闲服务,运动场馆,乒乓球馆,广东省,深圳市,盐田区,114.244932,22.557518
605,叶屋村篮球场,体育休闲服务,运动场馆,篮球场馆,广东省,深圳市,盐田区,114.232805,22.554656
606,盐田区游泳馆,体育休闲服务,运动场馆,游泳馆,广东省,深圳市,盐田区,114.234049,22.547757
607,奇翼跆拳道,体育休闲服务,运动场馆,跆拳道场馆,广东省,深圳市,盐田区,114.234888,22.553043
608,正龙跆拳道馆,体育休闲服务,运动场馆,跆拳道场馆,广东省,深圳市,盐田区,114.235081,22.550793
609,沙头角体育馆羽毛球馆,体育休闲服务,运动场馆,羽毛球场,广东省,深圳市,盐田区,114.234004,22.54866
610,星龙台球俱乐部,体育休闲服务,运动场馆,台球厅,广东省,深圳市,龙岗区,114.259459,22.709301
611,碧湖玫瑰园足球场,体育休闲服务,运动场馆,足球场,广东省,深圳市,龙岗区,114.239268,22.721006
612,乐扬国际网球,体育休闲服务,运动场馆,网球场,广东省,深圳市,龙岗区,114.234068,22.727119
613,绅巢桌球棋牌会所(龙岗分店),体育休闲服务,运动场馆,台球厅,广东省,深圳市,龙岗区,114.253003,22.733587
614,景恒桌球棋牌会所(吉祥店),体育休闲服务,运动场馆,台球厅,广东省,深圳市,龙岗区,114.238838,22.718127
615,龙禧雅苑游泳池,体育休闲服务,运动场馆,游泳馆,广东省,深圳市,龙岗区,114.243905,22.739134
616,少儿中国舞跆拳道,体育休闲服务,运动场馆,跆拳道场馆,广东省,深圳市,龙岗区,114.26107,22.72722
617,8号风球,体育休闲服务,运动场馆,台球厅,广东省,深圳市,龙岗区,114.236377,22.724464
618,老段乒乓球室LAODUAN PING-PONG CLUB,体育休闲服务,运动场馆,乒乓球馆,广东省,深圳市,龙岗区,114.256439,22.73298
619,关键球员少儿篮球俱乐部(南联七巧国馆),体育休闲服务,运动场馆,篮球场馆,广东省,深圳市,龙岗区,114.265965,22.725027
620,星动少儿篮球俱乐部,体育休闲服务,运动场馆,篮球场馆,广东省,深圳市,龙岗区,114.232583,22.726922
621,深长岗羽毛球馆,体育休闲服务,运动场馆,羽毛球场,广东省,深圳市,龙岗区,114.253081,22.733727
622,领先跆拳道馆(总店),体育休闲服务,运动场馆,跆拳道场馆,广东省,深圳市,龙岗区,114.23887,22.72105
623,彩云体育馆,体育休闲服务,运动场馆,综合体育馆,广东省,深圳市,龙岗区,114.30217,22.765491
624,篮球场,体育休闲服务,运动场馆,篮球场馆,广东省,深圳市,龙岗区,114.295075,22.768459
625,众晨曦足球场,体育休闲服务,运动场馆,足球场,广东省,深圳市,龙岗区,114.280734,22.750012
626,上輋文体活动中心足球场,体育休闲服务,运动场馆,足球场,广东省,深圳市,龙岗区,114.304979,22.753242
627,天湖桌球棋牌会所(坪地分店),体育休闲服务,运动场馆,台球厅,广东省,深圳市,龙岗区,114.306443,22.768236
628,迪吧溜冰馆,体育休闲服务,运动场馆,溜冰场,广东省,深圳市,龙岗区,114.298551,22.77771
629,一号桌球城,体育休闲服务,运动场馆,台球厅,广东省,深圳市,龙岗区,114.307554,22.768032
630,恒东溜冰场,体育休闲服务,运动场馆,溜冰场,广东省,深圳市,龙岗区,114.289514,22.717574
631,鸿景棋牌台球室,体育休闲服务,运动场馆,台球厅,广东省,深圳市,龙岗区,114.291467,22.724398
632,碧海蓝天羽毛球馆,体育休闲服务,运动场馆,羽毛球场,广东省,深圳市,龙岗区,114.289885,22.717322
633,赛德台球俱乐部,体育休闲服务,运动场馆,台球厅,广东省,深圳市,龙岗区,114.290537,22.726194
634,糖粿游泳馆,体育休闲服务,运动场馆,游泳馆,广东省,深圳市,龙岗区,114.291226,22.729424
635,迈动体育少儿篮球运动馆,体育休闲服务,运动场馆,篮球场馆,广东省,深圳市,龙岗区,114.296005,22.727728
636,得胜桌球棋牌俱乐部,体育休闲服务,运动场馆,台球厅,广东省,深圳市,龙岗区,114.292494,22.715463
637,发现台球,体育休闲服务,运动场馆,台球厅,广东省,深圳市,龙岗区,114.292055,22.729279
638,宝龙篮球馆,体育休闲服务,运动场馆,篮球场馆,广东省,深圳市,龙岗区,114.283537,22.690091
639,悠悠台球棋牌,体育休闲服务,运动场馆,台球厅,广东省,深圳市,龙岗区,114.287379,22.694218
640,碧海物业运动场,体育休闲服务,运动场馆,篮球场馆,广东省,深圳市,坪山区,114.305613,22.676812
641,篮球场,体育休闲服务,运动场馆,篮球场馆,广东省,深圳市,龙岗区,114.285408,22.694923
642,爵仕汇台球俱乐部,体育休闲服务,运动场馆,台球厅,广东省,深圳市,坪山区,114.295028,22.668978
643,棋牌台球,体育休闲服务,运动场馆,台球厅,广东省,深圳市,龙岗区,114.287356,22.694168
644,比亚迪篮球场,体育休闲服务,运动场馆,篮球场馆,广东省,深圳市,龙岗区,114.273099,22.684917
645,台球室,体育休闲服务,运动场馆,台球厅,广东省,深圳市,龙岗区,114.305226,22.708047
646,网球馆,体育休闲服务,运动场馆,网球场,广东省,深圳市,盐田区,114.277065,22.63466
647,盐田体育中心,体育休闲服务,运动场馆,综合体育馆,广东省,深圳市,盐田区,114.303115,22.599559
648,盐田综合体育馆,体育休闲服务,运动场馆,综合体育馆,广东省,深圳市,盐田区,114.302976,22.599398
649,万科东海岸足球场,体育休闲服务,运动场馆,足球场,广东省,深圳市,盐田区,114.299834,22.599598
650,趣野乒乓球俱乐部,体育休闲服务,运动场馆,乒乓球馆,广东省,深圳市,盐田区,114.303077,22.600065
651,星武会跆拳道,体育休闲服务,运动场馆,跆拳道场馆,广东省,深圳市,盐田区,114.303645,22.600497
652,大梅沙京基海湾大酒店-游泳池,体育休闲服务,运动场馆,游泳馆,广东省,深圳市,盐田区,114.31037,22.597948
653,育震跆拳道馆,体育休闲服务,运动场馆,跆拳道场馆,广东省,深圳市,盐田区,114.273327,22.586871
654,学坑篮球场,体育休闲服务,运动场馆,篮球场馆,广东省,深圳市,龙岗区,114.333248,22.784371
655,年丰桌球城,体育休闲服务,运动场馆,台球厅,广东省,深圳市,龙岗区,114.33034,22.766777
656,君爵桌球(坪地旗舰店),体育休闲服务,运动场馆,台球厅,广东省,深圳市,龙岗区,114.313499,22.774184
657,坪地飞奥跆拳道馆,体育休闲服务,运动场馆,跆拳道场馆,广东省,深圳市,龙岗区,114.312435,22.774096
658,潮流时代台球室,体育休闲服务,运动场馆,台球厅,广东省,深圳市,龙岗区,114.322508,22.723118
659,坪山游泳馆,体育休闲服务,运动场馆,游泳馆,广东省,深圳市,坪山区,114.350396,22.71196
660,登顶篮球训练营,体育休闲服务,运动场馆,篮球场馆,广东省,深圳市,龙岗区,114.312592,22.715945
661,贝斯特少儿运动馆(万科馆),体育休闲服务,运动场馆,综合体育馆,广东省,深圳市,坪山区,114.33945,22.704223
662,一鸣足球俱乐部,体育休闲服务,运动场馆,足球场,广东省,深圳市,坪山区,114.350134,22.712562
663,万科金域东郡游泳池(暂停营业),体育休闲服务,运动场馆,游泳馆,广东省,深圳市,坪山区,114.343105,22.705842
664,关键球员少儿篮球俱乐部(坪山中心店),体育休闲服务,运动场馆,篮球场馆,广东省,深圳市,坪山区,114.345664,22.706056
665,KEYPLAYER少儿篮球俱乐部(坪山招商花园校区),体育休闲服务,运动场馆,篮球场馆,广东省,深圳市,坪山区,114.345651,22.706051
666,坪山大工业区羽毛球场馆,体育休闲服务,运动场馆,羽毛球场,广东省,深圳市,坪山区,114.350417,22.712015
667,东城国际花园游泳池,体育休闲服务,运动场馆,游泳馆,广东省,深圳市,坪山区,114.328999,22.67989
668,坪山体育中心体育馆,体育休闲服务,运动场馆,综合体育馆,广东省,深圳市,坪山区,114.342861,22.67417
669,深圳市坪山区深业东晟时代游泳池,体育休闲服务,运动场馆,游泳馆,广东省,深圳市,坪山区,114.329492,22.679279
670,坪山区体育中心,体育休闲服务,运动场馆,综合体育馆,广东省,深圳市,坪山区,114.34286,22.674179
671,关键球员4S小馆·篮球,体育休闲服务,运动场馆,篮球场馆,广东省,深圳市,坪山区,114.334183,22.676269
672,深圳国际网球中心,体育休闲服务,运动场馆,网球场,广东省,深圳市,坪山区,114.343139,22.676517
673,坪山中学-体育馆,体育休闲服务,运动场馆,综合体育馆,广东省,深圳市,坪山区,114.34758,22.685235
674,Rotation蹦床运动中心,体育休闲服务,运动场馆,综合体育馆,广东省,深圳市,坪山区,114.327587,22.69268
675,坪山篮球会所,体育休闲服务,运动场馆,篮球场馆,广东省,深圳市,坪山区,114.328975,22.673087
676,魄力精品健身会.带游泳池(坪山京基店),体育休闲服务,运动场馆,游泳馆,广东省,深圳市,坪山区,114.335217,22.677224
677,坪山区体育中心,体育休闲服务,运动场馆,综合体育馆,广东省,深圳市,坪山区,114.342346,22.676732
678,卓越跆拳道馆,体育休闲服务,运动场馆,跆拳道场馆,广东省,深圳市,坪山区,114.334936,22.676892
679,坪山体育中心体育馆篮球馆主馆,体育休闲服务,运动场馆,综合体育馆,广东省,深圳市,坪山区,114.342862,22.674163
680,君豪台球俱乐部,体育休闲服务,运动场馆,台球厅,广东省,深圳市,坪山区,114.347395,22.679291
681,皇家俱乐部,体育休闲服务,运动场馆,台球厅,广东省,深圳市,坪山区,114.34442,22.678301
682,锦龙足球场,体育休闲服务,运动场馆,足球场,广东省,深圳市,坪山区,114.332956,22.666078
683,领先跆拳道馆(坪山博龙店),体育休闲服务,运动场馆,跆拳道场馆,广东省,深圳市,坪山区,114.347934,22.684315
684,时代羽毛球馆,体育休闲服务,运动场馆,羽毛球场,广东省,深圳市,坪山区,114.37129,22.755784
685,新耀体育SuperA+运动馆,体育休闲服务,运动场馆,综合体育馆,广东省,深圳市,坪山区,114.369339,22.739227
686,亚迪三村游泳馆,体育休闲服务,运动场馆,游泳馆,广东省,深圳市,坪山区,114.386518,22.728138
687,坪山游泳馆,体育休闲服务,运动场馆,游泳馆,广东省,深圳市,坪山区,114.352869,22.712643
688,坪山足球场,体育休闲服务,运动场馆,足球场,广东省,深圳市,坪山区,114.35218,22.712898
689,龙祥跆拳道场,体育休闲服务,运动场馆,跆拳道场馆,广东省,深圳市,坪山区,114.370857,22.736894
690,宝安正道馆(嘉邻中心店),体育休闲服务,运动场馆,跆拳道场馆,广东省,深圳市,坪山区,114.383781,22.730795
691,深圳市大工业区体育中心,体育休闲服务,运动场馆,综合体育馆,广东省,深圳市,坪山区,114.351498,22.712438
692,武德跆拳道馆(坑梓一店),体育休闲服务,运动场馆,跆拳道场馆,广东省,深圳市,坪山区,114.371076,22.737281
693,全民星运动训练馆,体育休闲服务,运动场馆,综合体育馆,广东省,深圳市,坪山区,114.351657,22.68381
694,石井桌球俱乐部,体育休闲服务,运动场馆,台球厅,广东省,深圳市,坪山区,114.38299,22.692597
695,尊皇台球俱乐部,体育休闲服务,运动场馆,台球厅,广东省,深圳市,坪山区,114.355397,22.685144
696,乔氏台球俱乐部,体育休闲服务,运动场馆,台球厅,广东省,深圳市,坪山区,114.356246,22.674813
697,望牛岗篮球场,体育休闲服务,运动场馆,篮球场馆,广东省,深圳市,坪山区,114.377866,22.701082
698,戈尔登游泳健身俱乐部,体育休闲服务,运动场馆,游泳馆,广东省,深圳市,坪山区,114.356795,22.700189
699,溪涌度假村海滨浴场,体育休闲服务,运动场馆,海滨浴场,广东省,深圳市,龙岗区,114.361952,22.607151
700,麓湾国际公馆室外游泳池,体育休闲服务,运动场馆,游泳馆,广东省,深圳市,龙岗区,114.355084,22.612416
701,桌球室,体育休闲服务,运动场馆,台球厅,广东省,深圳市,坪山区,114.410312,22.759859
702,聚龙花园游泳池(暂停营业),体育休闲服务,运动场馆,游泳馆,广东省,深圳市,坪山区,114.391651,22.721346
703,新联桌球城,体育休闲服务,运动场馆,台球厅,广东省,深圳市,坪山区,114.398788,22.710525
704,田头篮球场,体育休闲服务,运动场馆,篮球场馆,广东省,深圳市,坪山区,114.401609,22.691772
705,葵涌篮球馆,体育休闲服务,运动场馆,篮球场馆,广东省,深圳市,龙岗区,114.422486,22.630037
706,芭呐呐游泳馆,体育休闲服务,运动场馆,游泳馆,广东省,深圳市,龙岗区,114.415746,22.628613
707,F6酷炫轮滑俱乐部葵涌分部,体育休闲服务,运动场馆,溜冰场,广东省,深圳市,龙岗区,114.428072,22.635178
708,葵涌中学-体育馆,体育休闲服务,运动场馆,综合体育馆,广东省,深圳市,龙岗区,114.421176,22.625579
709,鹏城桌球俱乐部,体育休闲服务,运动场馆,台球厅,广东省,深圳市,龙岗区,114.429251,22.638823
710,葵冠台球俱乐部,体育休闲服务,运动场馆,台球厅,广东省,深圳市,龙岗区,114.429297,22.631667
711,观海湾泳区,体育休闲服务,运动场馆,游泳馆,广东省,深圳市,龙岗区,114.428652,22.600916
712,深圳市大鹏新区体育中心(装修中),体育休闲服务,运动场馆,综合体育馆,广东省,深圳市,龙岗区,114.475086,22.599541
713,九龙至尊,体育休闲服务,运动场馆,台球厅,广东省,深圳市,龙岗区,114.481431,22.595316
714,大鹏新区文体中心篮球馆,体育休闲服务,运动场馆,篮球场馆,广东省,深圳市,龙岗区,114.474752,22.599702
715,上好体育大鹏佳兆业恒温游泳池,体育休闲服务,运动场馆,游泳馆,广东省,深圳市,龙岗区,114.474543,22.594531
716,西涌海滨浴场,体育休闲服务,运动场馆,海滨浴场,广东省,深圳市,龙岗区,114.532814,22.478484
717,西涌海滨浴场1号沙滩,体育休闲服务,运动场馆,海滨浴场,广东省,深圳市,龙岗区,114.530231,22.467369
718,桔钓沙,体育休闲服务,运动场馆,海滨浴场,广东省,深圳市,龙岗区,114.55292,22.556586
719,浪神冲浪俱乐部,体育休闲服务,运动场馆,海滨浴场,广东省,深圳市,龙岗区,114.583338,22.488832
