,百世快递(沙井分部),生活服务,物流速递,物流速递.1,广东省,深圳市,宝安区,113.782577,22.722213
0,圆通速递,生活服务,物流速递,物流速递,广东省,深圳市,宝安区,113.782566,22.726899
1,互航国际物流有限公司,生活服务,物流速递,物流速递,广东省,深圳市,宝安区,113.782881,22.717049
2,中国移动光纤宽带报装点,生活服务,电讯营业厅,中国移动营业厅,广东省,深圳市,宝安区,113.783884,22.727541
3,中通快递,生活服务,物流速递,物流速递,广东省,深圳市,宝安区,113.783878,22.724042
4,菜鸟驿站(深圳沙井田沁苑1002号店),生活服务,物流速递,物流速递,广东省,深圳市,宝安区,113.78212,22.72154
5,丰巢快递柜,生活服务,物流速递,物流速递,广东省,深圳市,宝安区,113.785003,22.718077
6,收货部,生活服务,物流速递,物流速递,广东省,深圳市,宝安区,113.784608,22.714804
7,菜鸟驿站(深圳三间仔街53号103店),生活服务,物流速递,物流速递,广东省,深圳市,宝安区,113.78271,22.72697
8,菜鸟驿站(深圳沙一村万锦小区15栋店),生活服务,物流速递,物流速递,广东省,深圳市,宝安区,113.78396,22.72397
9,菜鸟驿站(三间仔快递店),生活服务,物流速递,物流速递,广东省,深圳市,宝安区,113.784551,22.72854
10,中国移动社区服务站,生活服务,电讯营业厅,中国移动营业厅,广东省,深圳市,宝安区,113.784349,22.734865
11,东汇运通,生活服务,物流速递,物流速递,广东省,深圳市,宝安区,113.779744,22.678437
12,嗖嗖物流,生活服务,物流速递,物流速递,广东省,深圳市,宝安区,113.781805,22.681608
13,百世快运,生活服务,物流速递,物流速递,广东省,深圳市,宝安区,113.780232,22.688126
14,深圳市圣睿跨境电商物流有限公司,生活服务,物流速递,物流速递,广东省,深圳市,宝安区,113.779609,22.678896
15,华宸通达国际物流有限公司,生活服务,物流速递,物流速递,广东省,深圳市,宝安区,113.781001,22.679067
16,昶颉物流,生活服务,物流速递,物流速递,广东省,深圳市,宝安区,113.782208,22.684106
17,百世物流深圳运转中心,生活服务,物流速递,物流速递,广东省,深圳市,宝安区,113.781091,22.687455
18,深圳市发时特国际物流有限公司,生活服务,物流速递,物流速递,广东省,深圳市,宝安区,113.780486,22.678033
19,百世快递(福园二路店),生活服务,物流速递,物流速递,广东省,深圳市,宝安区,113.781456,22.688275
20,台湾专线,生活服务,物流速递,物流速递,广东省,深圳市,宝安区,113.781882,22.675712
21,天图通逊(福永仓),生活服务,物流速递,物流速递,广东省,深圳市,宝安区,113.783809,22.681598
22,诚远国际速递,生活服务,物流速递,物流速递,广东省,深圳市,宝安区,113.781918,22.675688
23,深圳市辰诺达物流有限公司,生活服务,物流速递,物流速递,广东省,深圳市,宝安区,113.782344,22.684466
24,靓靓邮政便民服务点,生活服务,邮局,邮局,广东省,深圳市,宝安区,113.782486,22.689347
25,卡明速运,生活服务,物流速递,物流速递,广东省,深圳市,宝安区,113.783533,22.675441
26,中国电信(福永高新区营业厅店),生活服务,电讯营业厅,中国电信营业厅,广东省,深圳市,宝安区,113.787253,22.688172
27,百世快递,生活服务,物流速递,物流速递,广东省,深圳市,宝安区,113.782321,22.675644
28,训河邮政便民服务点,生活服务,邮局,邮局,广东省,深圳市,宝安区,113.784175,22.676166
29,振韵国际,生活服务,物流速递,物流速递,广东省,深圳市,宝安区,113.781236,22.677243
30,深圳市润成通国际货运代理有限公司,生活服务,物流速递,物流速递,广东省,深圳市,宝安区,113.781907,22.68153
31,深圳市环行国际货运代理有限公司宝安分公司,生活服务,物流速递,物流速递,广东省,深圳市,宝安区,113.780289,22.677906
32,丰巢快递柜,生活服务,物流速递,物流速递,广东省,深圳市,宝安区,113.784589,22.682416
33,东荣物流福永仓库,生活服务,物流速递,物流仓储场地,广东省,深圳市,宝安区,113.779976,22.678074
34,深圳市成兴旺货运代理有限公司,生活服务,物流速递,物流速递,广东省,深圳市,宝安区,113.781367,22.676851
35,深圳市有为国际供应链管理有限公司,生活服务,物流速递,物流速递,广东省,深圳市,宝安区,113.781898,22.684132
36,洛菲纳国际货运代理有限公,生活服务,物流速递,物流速递,广东省,深圳市,宝安区,113.782875,22.677195
37,福鑫国际快递(福海分公司),生活服务,物流速递,物流速递,广东省,深圳市,宝安区,113.782598,22.676566
38,菜鸟驿站(深圳福海新福工业园A2宿舍店),生活服务,物流速递,物流速递,广东省,深圳市,宝安区,113.7822,22.68195
39,众邮快递(深圳宝安福永桥头公司),生活服务,物流速递,物流速递,广东省,深圳市,宝安区,113.781398,22.676462
40,深圳市华锦国际物流有限公司,生活服务,物流速递,物流速递,广东省,深圳市,宝安区,113.783484,22.684053
41,深圳市钦隆国际物流有限公司,生活服务,物流速递,物流速递,广东省,深圳市,宝安区,113.782078,22.675648
42,信丰物流网福永分公司,生活服务,物流速递,物流速递,广东省,深圳市,宝安区,113.782632,22.685018
43,百易物流,生活服务,物流速递,物流速递,广东省,深圳市,宝安区,113.784136,22.687892
44,深圳市非凡超越物流有限公司,生活服务,物流速递,物流速递,广东省,深圳市,宝安区,113.783986,22.683748
45,深圳振韵国际货运代理有限公司(天瑞仓),生活服务,物流速递,物流速递,广东省,深圳市,宝安区,113.781443,22.676837
46,台泥水泥(深圳)配送中心,生活服务,物流速递,物流速递,广东省,深圳市,宝安区,113.769731,22.669102
47,菜鸟驿站(新冲路),生活服务,物流速递,物流速递,广东省,深圳市,宝安区,113.811396,22.760509
48,永捷物流,生活服务,物流速递,物流速递,广东省,深圳市,宝安区,113.814312,22.760761
49,韵达快递,生活服务,物流速递,物流速递,广东省,深圳市,宝安区,113.811247,22.758886
50,步涌兴隆路菜鸟驿站,生活服务,物流速递,物流速递,广东省,深圳市,宝安区,113.810102,22.759115
51,中国电信,生活服务,电讯营业厅,中国电信营业厅,广东省,深圳市,宝安区,113.810962,22.757055
52,中国移动4g,生活服务,电讯营业厅,中国移动营业厅,广东省,深圳市,宝安区,113.809293,22.759469
53,蜂巢快递柜,生活服务,物流速递,物流速递,广东省,深圳市,宝安区,113.811421,22.759142
54,中国移动(联达专营店),生活服务,电讯营业厅,中国移动营业厅,广东省,深圳市,宝安区,113.802549,22.75723
55,深圳市保琪物流有限公司,生活服务,物流速递,物流速递,广东省,深圳市,宝安区,113.807899,22.759715
56,深圳市航辰物流有限公司,生活服务,物流速递,物流速递,广东省,深圳市,宝安区,113.811701,22.765596
57,中国移动社区服务站,生活服务,电讯营业厅,中国移动营业厅,广东省,深圳市,宝安区,113.806508,22.758836
58,安能物流,生活服务,物流速递,物流速递,广东省,深圳市,宝安区,113.806943,22.760412
59,中国移动,生活服务,电讯营业厅,中国移动营业厅,广东省,深圳市,宝安区,113.815597,22.720511
60,菜鸟驿站(十三巷1号店),生活服务,物流速递,物流速递,广东省,深圳市,宝安区,113.808301,22.722204
61,菜鸟驿站(深圳沙井茭塘公园九巷10号店),生活服务,物流速递,物流速递,广东省,深圳市,宝安区,113.809426,22.721164
62,中国电信(沙井营业厅),生活服务,电讯营业厅,中国电信营业厅,广东省,深圳市,宝安区,113.823063,22.729775
63,明记粮油配送部,生活服务,物流速递,物流速递,广东省,深圳市,宝安区,113.807526,22.723379
64,双璟货运代理有限公司,生活服务,物流速递,物流速递,广东省,深圳市,宝安区,113.815724,22.721184
65,百世快递,生活服务,物流速递,物流速递,广东省,深圳市,宝安区,113.815894,22.721588
66,安能物流(沙井坣岗营业部),生活服务,物流速递,物流速递,广东省,深圳市,宝安区,113.815757,22.721231
67,圆通速递,生活服务,物流速递,物流速递,广东省,深圳市,宝安区,113.811519,22.726508
68,中国移动(沙井营业厅),生活服务,电讯营业厅,中国移动营业厅,广东省,深圳市,宝安区,113.825292,22.731316
69,深圳市昶乐物流有限公司,生活服务,物流速递,物流速递,广东省,深圳市,宝安区,113.810832,22.681939
70,中国电信福海桥头服务厅,生活服务,电讯营业厅,中国电信营业厅,广东省,深圳市,宝安区,113.810414,22.684508
71,深圳市万瑞中港物流有限公司,生活服务,物流速递,物流速递,广东省,深圳市,宝安区,113.811378,22.680377
72,顺丰速运,生活服务,物流速递,物流速递,广东省,深圳市,宝安区,113.812153,22.670281
73,深圳市邦联威国际物流有限公司,生活服务,物流速递,物流速递,广东省,深圳市,宝安区,113.811237,22.680114
74,世纪鸿鹏物流(深圳福永站),生活服务,物流速递,物流速递,广东省,深圳市,宝安区,113.808897,22.68128
75,顺丰速运,生活服务,物流速递,物流速递,广东省,深圳市,宝安区,113.809219,22.681408
76,安晋捷运国际物流,生活服务,物流速递,物流速递,广东省,深圳市,宝安区,113.811677,22.678429
77,汇鼎通国际物流,生活服务,物流速递,物流速递,广东省,深圳市,宝安区,113.811327,22.678359
78,粤航通国际物流,生活服务,物流速递,物流速递,广东省,深圳市,宝安区,113.808466,22.680794
79,深圳市领航速国际物流有限公司,生活服务,物流速递,物流速递,广东省,深圳市,宝安区,113.812411,22.678926
80,中国联通(福永万福营业厅),生活服务,电讯营业厅,中国联通营业厅,广东省,深圳市,宝安区,113.824214,22.668634
81,力创国际物流,生活服务,物流速递,物流速递,广东省,深圳市,宝安区,113.806552,22.681597
82,鹏达威物流,生活服务,物流速递,物流速递,广东省,深圳市,宝安区,113.806492,22.680813
83,德邦(桥头卫生站北),生活服务,物流速递,物流速递,广东省,深圳市,宝安区,113.808653,22.686747
84,壹米滴答(福永福海营业部),生活服务,物流速递,物流速递,广东省,深圳市,宝安区,113.808397,22.684876
85,丰巢快递柜,生活服务,物流速递,物流速递,广东省,深圳市,宝安区,113.810091,22.68535
86,中国电信(桥头营业厅),生活服务,电讯营业厅,中国电信营业厅,广东省,深圳市,宝安区,113.802373,22.688029
87,圆通速递,生活服务,物流速递,物流速递,广东省,深圳市,宝安区,113.806915,22.684843
88,深圳市永盛欣国际物流有限公司,生活服务,物流速递,物流速递,广东省,深圳市,宝安区,113.808478,22.680828
89,上海罗新国际货物运输代理有限公司深圳分公司,生活服务,物流速递,物流速递,广东省,深圳市,宝安区,113.811748,22.67863
90,深圳市锐驰国际物流有限公司,生活服务,物流速递,物流速递,广东省,深圳市,宝安区,113.811065,22.677017
91,中快货运,生活服务,物流速递,物流速递,广东省,深圳市,宝安区,113.824168,22.640967
92,中外运敦豪DHL深圳口岸,生活服务,物流速递,物流速递,广东省,深圳市,宝安区,113.822053,22.638891
93,深圳宏驰物流有限公司,生活服务,物流速递,物流速递,广东省,深圳市,宝安区,113.824066,22.641076
94,联运通物流(机场四路),生活服务,物流速递,物流速递,广东省,深圳市,宝安区,113.827252,22.633741
95,环东货运有限公司(机场营业部),生活服务,物流速递,物流速递,广东省,深圳市,宝安区,113.824202,22.64024
96,弘航通物流,生活服务,物流速递,物流速递,广东省,深圳市,宝安区,113.825226,22.640707
97,FedEx深圳业务口岸,生活服务,物流速递,物流速递,广东省,深圳市,宝安区,113.821827,22.63908
98,美择国际货运,生活服务,物流速递,物流速递,广东省,深圳市,宝安区,113.823602,22.648988
99,鸿飞越物流(机场四路),生活服务,物流速递,物流速递,广东省,深圳市,宝安区,113.82548,22.641055
100,递四方速递(机场部),生活服务,物流速递,物流速递,广东省,深圳市,宝安区,113.822513,22.637861
101,中国邮政(机场支局),生活服务,邮局,邮局,广东省,深圳市,宝安区,113.826502,22.64184
102,丰本物流,生活服务,物流速递,物流速递,广东省,深圳市,宝安区,113.82429,22.640702
103,国凤物流,生活服务,物流速递,物流速递,广东省,深圳市,宝安区,113.823503,22.641547
104,晟德通物流有限公司,生活服务,物流速递,物流速递,广东省,深圳市,宝安区,113.824817,22.641349
105,骏辉物流园,生活服务,物流速递,物流速递,广东省,深圳市,宝安区,113.824518,22.640348
106,万国集通物流有限公司,生活服务,物流速递,物流速递,广东省,深圳市,宝安区,113.823971,22.641117
107,飞速达物流,生活服务,物流速递,物流速递,广东省,深圳市,宝安区,113.823968,22.641191
108,顺丰速运深圳宝安中转场,生活服务,物流速递,物流速递,广东省,深圳市,宝安区,113.823767,22.641704
109,飞帆物流(深圳海关国际快件监管中心东北),生活服务,物流速递,物流速递,广东省,深圳市,宝安区,113.824218,22.640219
110,兴鸿基物流园,生活服务,物流速递,物流仓储场地,广东省,深圳市,宝安区,113.828578,22.639633
111,涵文物流,生活服务,物流速递,物流速递,广东省,深圳市,宝安区,113.823946,22.641393
112,深圳机场国际货站有限公司,生活服务,物流速递,物流速递,广东省,深圳市,宝安区,113.823088,22.636306
113,好运物流,生活服务,物流速递,物流速递,广东省,深圳市,宝安区,113.825101,22.647901
114,深圳方达物流有限公司,生活服务,物流速递,物流速递,广东省,深圳市,宝安区,113.821543,22.651928
115,上海协创公司,生活服务,物流速递,物流速递,广东省,深圳市,宝安区,113.825209,22.641353
116,深圳市飞翔达国际货运,生活服务,物流速递,物流速递,广东省,深圳市,宝安区,113.820503,22.650196
117,卓越速递,生活服务,物流速递,物流速递,广东省,深圳市,宝安区,113.823651,22.649033
118,裕丰国际物流有限公司,生活服务,物流速递,物流速递,广东省,深圳市,宝安区,113.822175,22.650952
119,天腾物流,生活服务,物流速递,物流速递,广东省,深圳市,宝安区,113.823406,22.649637
120,飞力士全球物流,生活服务,物流速递,物流速递,广东省,深圳市,宝安区,113.823434,22.646829
121,汇顺达国际速递,生活服务,物流速递,物流速递,广东省,深圳市,宝安区,113.824156,22.649235
122,雅超国际物流,生活服务,物流速递,物流速递,广东省,深圳市,宝安区,113.823107,22.650203
123,志诚天地国际货运代理,生活服务,物流速递,物流速递,广东省,深圳市,宝安区,113.824098,22.649453
124,华冠通物流,生活服务,物流速递,物流速递,广东省,深圳市,宝安区,113.829919,22.640853
125,深圳棋洋国际物流有限公司,生活服务,物流速递,物流速递,广东省,深圳市,宝安区,113.823654,22.639533
126,中航联物流(航站四路),生活服务,物流速递,物流速递,广东省,深圳市,宝安区,113.82702,22.637232
127,深圳泓明供应链有限公司,生活服务,物流速递,物流速递,广东省,深圳市,宝安区,113.824944,22.641188
128,物流园国内货运村2期,生活服务,物流速递,物流速递,广东省,深圳市,宝安区,113.825086,22.640955
129,全路达物流,生活服务,物流速递,物流速递,广东省,深圳市,宝安区,113.822924,22.65104
130,顺成快递有限公司,生活服务,物流速递,物流速递,广东省,深圳市,宝安区,113.819718,22.653981
131,群利达货运,生活服务,物流速递,物流速递,广东省,深圳市,宝安区,113.824024,22.650341
132,鑫捷航空货运,生活服务,物流速递,物流速递,广东省,深圳市,宝安区,113.825085,22.640916
133,深圳市盛通货运有限公司,生活服务,物流速递,物流速递,广东省,深圳市,宝安区,113.813486,22.60178
134,兴华运物流,生活服务,物流速递,物流速递,广东省,深圳市,宝安区,113.821973,22.611978
135,航空货站,生活服务,物流速递,物流速递,广东省,深圳市,宝安区,113.821693,22.61201
136,大美物流(深圳公司),生活服务,物流速递,物流速递,广东省,深圳市,宝安区,113.821332,22.612591
137,深圳市柯莱货运有限公司,生活服务,物流速递,物流速递,广东省,深圳市,宝安区,113.821789,22.611882
138,深航货物发运处,生活服务,物流速递,物流速递,广东省,深圳市,宝安区,113.819307,22.616576
139,跨越速运(深圳机场店),生活服务,物流速递,物流速递,广东省,深圳市,宝安区,113.822061,22.612118
140,快运通物流(进港营业厅),生活服务,物流速递,物流速递,广东省,深圳市,宝安区,113.821913,22.613331
141,神行速运仓库,生活服务,物流速递,物流速递,广东省,深圳市,宝安区,113.821943,22.61191
142,深圳市快运通物流有限公司,生活服务,物流速递,物流速递,广东省,深圳市,宝安区,113.821371,22.613224
143,龙田物流,生活服务,物流速递,物流速递,广东省,深圳市,宝安区,113.817832,22.618873
144,深圳市德源物流有限公司,生活服务,物流速递,物流速递,广东省,深圳市,宝安区,113.818625,22.618557
145,明达辉航空快运,生活服务,物流速递,物流速递,广东省,深圳市,宝安区,113.818969,22.61682
146,粤新通国际货运,生活服务,物流速递,物流速递,广东省,深圳市,宝安区,113.822347,22.650822
147,友信货运,生活服务,物流速递,物流速递,广东省,深圳市,宝安区,113.822648,22.650595
148,三和达国际货运,生活服务,物流速递,物流速递,广东省,深圳市,宝安区,113.827824,22.648498
149,凯时达速递(东福围西街),生活服务,物流速递,物流速递,广东省,深圳市,宝安区,113.819428,22.654401
150,联合专线,生活服务,物流速递,物流速递,广东省,深圳市,宝安区,113.823053,22.650272
151,华航物流,生活服务,物流速递,物流速递,广东省,深圳市,宝安区,113.829057,22.640679
152,天域通运国际货运代理有限公司,生活服务,物流速递,物流速递,广东省,深圳市,宝安区,113.823012,22.649593
153,深圳立盟国际货运代理有限公司,生活服务,物流速递,物流速递,广东省,深圳市,宝安区,113.824129,22.641032
154,海达俄罗斯专线,生活服务,物流速递,物流速递,广东省,深圳市,宝安区,113.823156,22.650227
155,保利佐川物流有限公司机场营业点,生活服务,物流速递,物流速递,广东省,深圳市,宝安区,113.823819,22.641598
156,深圳市鸿太国际供应链,生活服务,物流速递,物流速递,广东省,深圳市,宝安区,113.824174,22.648888
157,顺丰速运广生营业站,生活服务,物流速递,物流速递,广东省,深圳市,宝安区,113.821426,22.65206
158,百腾物流(机场营业部),生活服务,物流速递,物流速递,广东省,深圳市,宝安区,113.820445,22.652868
159,快易航,生活服务,物流速递,物流速递,广东省,深圳市,宝安区,113.822695,22.650969
160,cdek国际快递,生活服务,物流速递,物流速递,广东省,深圳市,宝安区,113.821166,22.652369
161,长隆国际物流,生活服务,物流速递,物流速递,广东省,深圳市,宝安区,113.824584,22.649354
162,高翔物流,生活服务,物流速递,物流速递,广东省,深圳市,宝安区,113.823296,22.650488
163,深圳市英州国际物流,生活服务,物流速递,物流速递,广东省,深圳市,宝安区,113.820344,22.65311
164,深圳市驰晨国际物流,生活服务,物流速递,物流速递,广东省,深圳市,宝安区,113.824411,22.649813
165,深圳市航驿物流有限公司,生活服务,物流速递,物流速递,广东省,深圳市,宝安区,113.825861,22.640781
166,深圳市中马航国际物流有限公司,生活服务,物流速递,物流速递,广东省,深圳市,宝安区,113.825694,22.6411
167,跨个境,生活服务,物流速递,物流速递,广东省,深圳市,宝安区,113.821038,22.652703
168,深圳市创加现代物流有限公司,生活服务,物流速递,物流速递,广东省,深圳市,宝安区,113.825322,22.64087
169,东浩联运货运代理,生活服务,物流速递,物流速递,广东省,深圳市,宝安区,113.824447,22.649944
170,深圳深佳耀国际货运代理有限公司,生活服务,物流速递,物流速递,广东省,深圳市,宝安区,113.824512,22.640259
171,高盛国际物流公司,生活服务,物流速递,物流速递,广东省,深圳市,宝安区,113.823559,22.65303
172,深圳市全展货运代理有限公司,生活服务,物流速递,物流速递,广东省,深圳市,宝安区,113.824174,22.650611
173,深圳市优台物流有限公司,生活服务,物流速递,物流速递,广东省,深圳市,宝安区,113.824174,22.649041
174,福围航空物流园,生活服务,物流速递,物流仓储场地,广东省,深圳市,宝安区,113.823984,22.649414
175,众方国际,生活服务,物流速递,物流速递,广东省,深圳市,宝安区,113.828117,22.638758
176,深圳格威跨境物流服务,生活服务,物流速递,物流速递,广东省,深圳市,宝安区,113.822039,22.65214
177,ocs物流,生活服务,物流速递,物流速递,广东省,深圳市,宝安区,113.824333,22.640615
178,佳诚达国际物流有限公司,生活服务,物流速递,物流速递,广东省,深圳市,宝安区,113.822236,22.651055
179,鑫鸿运达物流有限公司,生活服务,物流速递,物流速递,广东省,深圳市,宝安区,113.822266,22.652534
180,鼎信鸿国际货运,生活服务,物流速递,物流速递,广东省,深圳市,宝安区,113.824241,22.650497
181,富邦物流仓务中心,生活服务,物流速递,物流速递,广东省,深圳市,宝安区,113.826891,22.639943
182,中国邮政,生活服务,邮局,邮局,广东省,深圳市,宝安区,113.823349,22.653148
183,深圳市好顺达国际货运代理有限公司,生活服务,物流速递,物流速递,广东省,深圳市,宝安区,113.824221,22.640953
184,深圳市富衡物流有限公司,生活服务,物流速递,物流速递,广东省,深圳市,宝安区,113.82297,22.650485
185,百腾物流(机场营业部),生活服务,物流速递,物流速递,广东省,深圳市,宝安区,113.828592,22.640138
186,杰辉兴围物流中心,生活服务,物流速递,物流仓储场地,广东省,深圳市,宝安区,113.828103,22.639471
187,深圳市帜远承货运代理,生活服务,物流速递,物流速递,广东省,深圳市,宝安区,113.821466,22.653048
188,亚太转运中心,生活服务,物流速递,物流仓储场地,广东省,深圳市,宝安区,113.830803,22.623482
189,路丰国际货运,生活服务,物流速递,物流速递,广东省,深圳市,宝安区,113.819745,22.654203
190,深圳他拍档国际物流,生活服务,物流速递,物流速递,广东省,深圳市,宝安区,113.824266,22.650368
191,嘉航捷运国际物流,生活服务,物流速递,物流速递,广东省,深圳市,宝安区,113.824235,22.650496
192,协诚物流,生活服务,物流速递,物流速递,广东省,深圳市,宝安区,113.828754,22.637571
193,畅承国际物流,生活服务,物流速递,物流速递,广东省,深圳市,宝安区,113.825057,22.649977
194,青铱国际物流有限公司,生活服务,物流速递,物流速递,广东省,深圳市,宝安区,113.820513,22.654666
195,华崴鹏达货运公司,生活服务,物流速递,物流速递,广东省,深圳市,宝安区,113.819341,22.65452
196,深圳市百分递物流有限公司,生活服务,物流速递,物流速递,广东省,深圳市,宝安区,113.822844,22.650291
197,BZS国际货运(暂停营业),生活服务,物流速递,物流速递,广东省,深圳市,宝安区,113.824284,22.650075
198,彬腾国际物流,生活服务,物流速递,物流速递,广东省,深圳市,宝安区,113.820011,22.654333
199,远泰物流有限公司,生活服务,物流速递,物流速递,广东省,深圳市,宝安区,113.82699,22.637321
200,秀驿物流,生活服务,物流速递,物流速递,广东省,深圳市,宝安区,113.819058,22.654831
201,近铁国际货运有限公司,生活服务,物流速递,物流速递,广东省,深圳市,宝安区,113.82526,22.63914
202,睿安达国际物流,生活服务,物流速递,物流速递,广东省,深圳市,宝安区,113.82323,22.652472
203,诚爵国际,生活服务,物流速递,物流速递,广东省,深圳市,宝安区,113.828414,22.647689
204,深圳DHL国际快递,生活服务,物流速递,物流速递,广东省,深圳市,宝安区,113.821846,22.655785
205,中通国际,生活服务,物流速递,物流速递,广东省,深圳市,宝安区,113.819275,22.65485
206,迅捷速运中东专线,生活服务,物流速递,物流速递,广东省,深圳市,宝安区,113.82952,22.640668
207,兴围物流中心一期,生活服务,物流速递,物流速递,广东省,深圳市,宝安区,113.827969,22.639591
208,深圳市翠航物流有限公司,生活服务,物流速递,物流速递,广东省,深圳市,宝安区,113.820891,22.654038
209,启赛达货运国际代理,生活服务,物流速递,物流速递,广东省,深圳市,宝安区,113.822645,22.652703
210,下十围韵达分部,生活服务,物流速递,物流速递,广东省,深圳市,宝安区,113.823412,22.652007
211,天棱物流,生活服务,物流速递,物流速递,广东省,深圳市,宝安区,113.825172,22.650637
212,西部物流中心,生活服务,物流速递,物流仓储场地,广东省,深圳市,宝安区,113.829412,22.649262
213,秦溢物流机场操作中心,生活服务,物流速递,物流速递,广东省,深圳市,宝安区,113.830107,22.638471
214,深圳市瀚羽国际物流,生活服务,物流速递,物流速递,广东省,深圳市,宝安区,113.826107,22.648658
215,高飞货运,生活服务,物流速递,物流速递,广东省,深圳市,宝安区,113.82094,22.654637
216,坤达国际物流,生活服务,物流速递,物流速递,广东省,深圳市,宝安区,113.821983,22.653751
217,兴围物流中心Ⅱ,生活服务,物流速递,物流速递,广东省,深圳市,宝安区,113.827873,22.639765
218,帝欣国际货运,生活服务,物流速递,物流速递,广东省,深圳市,宝安区,113.823966,22.651833
219,深圳美港国际货运代理有限公司,生活服务,物流速递,物流速递,广东省,深圳市,宝安区,113.823067,22.649457
220,鑫丰物流(兴围南九巷),生活服务,物流速递,物流速递,广东省,深圳市,宝安区,113.829447,22.637285
221,经纬国际物流有限公司,生活服务,物流速递,物流速递,广东省,深圳市,宝安区,113.821826,22.65427
222,兴围物流中心2期,生活服务,物流速递,物流速递,广东省,深圳市,宝安区,113.82796,22.639558
223,深圳市锐诚国际航运有限责任公司,生活服务,物流速递,物流速递,广东省,深圳市,宝安区,113.822207,22.651192
224,享时达国际物流代理有限公司,生活服务,物流速递,物流速递,广东省,深圳市,宝安区,113.820571,22.652531
225,深圳市万事达货运,生活服务,物流速递,物流速递,广东省,深圳市,宝安区,113.82156,22.655887
226,深圳市奔腾物流有限公司,生活服务,物流速递,物流速递,广东省,深圳市,宝安区,113.826913,22.645859
227,深圳市佳时速国际物流有限公司,生活服务,物流速递,物流速递,广东省,深圳市,宝安区,113.821291,22.651469
228,中通速递,生活服务,物流速递,物流速递,广东省,深圳市,宝安区,113.828802,22.638806
229,快递小站,生活服务,物流速递,物流速递,广东省,深圳市,宝安区,113.826856,22.647846
230,超顺特国际物流有限公司,生活服务,物流速递,物流速递,广东省,深圳市,宝安区,113.821856,22.652976
231,宝安机场福围菜鸟驿站服务站,生活服务,物流速递,物流速递,广东省,深圳市,宝安区,113.820563,22.653018
232,深圳市飞洋国际物流有限公司,生活服务,物流速递,物流速递,广东省,深圳市,宝安区,113.823933,22.649836
233,深圳市天壹国际货运代理有限公司,生活服务,物流速递,物流速递,广东省,深圳市,宝安区,113.821069,22.651744
234,深圳忠进捷运物流有限公司,生活服务,物流速递,物流速递,广东省,深圳市,宝安区,113.821812,22.653689
235,深圳市德航运通国际物流有限公司,生活服务,物流速递,物流速递,广东省,深圳市,宝安区,113.821147,22.65171
236,深圳市蒲公英物流有限公司,生活服务,物流速递,物流速递,广东省,深圳市,宝安区,113.820791,22.652909
237,深圳合众中港物流有限公司,生活服务,物流速递,物流速递,广东省,深圳市,宝安区,113.820347,22.653845
238,深圳市创捷通达国际货运,生活服务,物流速递,物流速递,广东省,深圳市,宝安区,113.825067,22.649625
239,万邮国际货运有限公司,生活服务,物流速递,物流速递,广东省,深圳市,宝安区,113.822403,22.653614
240,深圳市易王国际快递有限公司,生活服务,物流速递,物流速递,广东省,深圳市,宝安区,113.82317,22.650364
241,陆深物流,生活服务,物流速递,物流速递,广东省,深圳市,宝安区,113.82949,22.640909
242,追风逐日国际快递,生活服务,物流速递,物流速递,广东省,深圳市,宝安区,113.825178,22.650858
243,镖多多国际物流,生活服务,物流速递,物流速递,广东省,深圳市,宝安区,113.824818,22.651422
244,深圳市邦盛国际物流有限公司,生活服务,物流速递,物流速递,广东省,深圳市,宝安区,113.821009,22.652556
245,宝安航空货运,生活服务,物流速递,物流速递,广东省,深圳市,宝安区,113.827361,22.647199
246,深圳市易派国际货运代理有限公司,生活服务,物流速递,物流速递,广东省,深圳市,宝安区,113.823039,22.650143
247,惠通全球国际货运代理,生活服务,物流速递,物流速递,广东省,深圳市,宝安区,113.824517,22.649981
248,浩运达通运货运代理有限公司,生活服务,物流速递,物流速递,广东省,深圳市,宝安区,113.820784,22.653751
249,言必行国际物流,生活服务,物流速递,物流速递,广东省,深圳市,宝安区,113.827424,22.647285
250,深圳市环域天地物流有限公司,生活服务,物流速递,物流速递,广东省,深圳市,宝安区,113.824367,22.64909
251,筋斗云国际物流,生活服务,物流速递,物流速递,广东省,深圳市,宝安区,113.824097,22.652351
252,深圳市顺顺飞国际物流有限公司,生活服务,物流速递,物流速递,广东省,深圳市,宝安区,113.821143,22.652056
253,升华国际货运,生活服务,物流速递,物流速递,广东省,深圳市,宝安区,113.828191,22.647564
254,联合物流园,生活服务,物流速递,物流仓储场地,广东省,深圳市,宝安区,113.852077,22.804236
255,盛辉物流(松岗分公司),生活服务,物流速递,物流速递,广东省,深圳市,宝安区,113.854553,22.801598
256,苏宇物流,生活服务,物流速递,物流速递,广东省,深圳市,宝安区,113.854618,22.802215
257,深圳市中金兴物流有限公司,生活服务,物流速递,物流速递,广东省,深圳市,宝安区,113.854557,22.801611
258,中国邮政集团公司深圳市塘下涌支局,生活服务,邮局,邮局,广东省,深圳市,宝安区,113.842646,22.801053
259,速尔快递松岗分公司,生活服务,物流速递,物流速递,广东省,深圳市,宝安区,113.847064,22.80319
260,深圳市中龙捷运物流有限公司,生活服务,物流速递,物流速递,广东省,深圳市,宝安区,113.854582,22.802797
261,信丰物流(燕川分公司),生活服务,物流速递,物流速递,广东省,深圳市,宝安区,113.847242,22.800633
262,安能物流(广田路),生活服务,物流速递,物流速递,广东省,深圳市,宝安区,113.856003,22.804271
263,优速快递(松岗二部),生活服务,物流速递,物流速递,广东省,深圳市,宝安区,113.855976,22.804337
264,恒一物流,生活服务,物流速递,物流速递,广东省,深圳市,宝安区,113.848774,22.805685
265,金恒丰物流,生活服务,物流速递,物流速递,广东省,深圳市,宝安区,113.848725,22.805685
266,中国电信营业厅,生活服务,电讯营业厅,中国电信营业厅,广东省,深圳市,宝安区,113.841889,22.79901
267,天地华宇(燕山大道),生活服务,物流速递,物流速递,广东省,深圳市,宝安区,113.857828,22.80162
268,圆通速递(塘下涌分部),生活服务,物流速递,物流速递,广东省,深圳市,宝安区,113.846535,22.798212
269,塘二邮政代办所,生活服务,邮局,邮局,广东省,深圳市,宝安区,113.842704,22.801154
270,深圳市盈通达物流有限公司,生活服务,物流速递,物流速递,广东省,深圳市,宝安区,113.848359,22.804041
271,中国电信(塘下涌营业厅),生活服务,电讯营业厅,中国电信营业厅,广东省,深圳市,宝安区,113.843363,22.801203
272,中通快运燕川营业厅,生活服务,物流速递,物流速递,广东省,深圳市,宝安区,113.857177,22.804322
273,顺心捷达,生活服务,物流速递,物流速递,广东省,深圳市,宝安区,113.857886,22.801472
274,菜鸟驿站(杰奇电脑科技),生活服务,物流速递,物流速递,广东省,深圳市,宝安区,113.84571,22.7991
275,邮政快递,生活服务,邮局,邮政速递,广东省,深圳市,宝安区,113.843858,22.802469
276,中国移动,生活服务,电讯营业厅,中国移动营业厅,广东省,深圳市,宝安区,113.843278,22.800966
277,顺丰速运,生活服务,物流速递,物流速递,广东省,深圳市,宝安区,113.844261,22.799719
278,飞驰邮政便民服务点,生活服务,邮局,邮局,广东省,深圳市,宝安区,113.843266,22.801371
279,华勋德坤物流(松岗营业部),生活服务,物流速递,物流速递,广东省,深圳市,宝安区,113.848726,22.805685
280,中国移动,生活服务,电讯营业厅,中国移动营业厅,广东省,深圳市,宝安区,113.850732,22.76225
281,中国联通(松岗宝利来店),生活服务,电讯营业厅,中国移动营业厅,广东省,深圳市,宝安区,113.850497,22.763827
282,中国电信(松岗营业厅),生活服务,电讯营业厅,中国电信营业厅,广东省,深圳市,宝安区,113.853157,22.764995
283,中国移动(宝利豪庭营业厅),生活服务,电讯营业厅,中国移动营业厅,广东省,深圳市,宝安区,113.851103,22.762633
284,中国电信,生活服务,电讯营业厅,中国电信营业厅,广东省,深圳市,宝安区,113.850846,22.76386
285,顺丰快运,生活服务,物流速递,物流速递,广东省,深圳市,宝安区,113.851185,22.760705
286,中国邮政速递物流,生活服务,邮局,邮政速递,广东省,深圳市,宝安区,113.848787,22.762334
287,中国移动(广源通讯授权店),生活服务,电讯营业厅,中国移动营业厅,广东省,深圳市,宝安区,113.854699,22.761899
288,中国移动极光宽带(立业路),生活服务,电讯营业厅,中国移动营业厅,广东省,深圳市,宝安区,113.854891,22.76273
289,菜鸟驿站,生活服务,物流速递,物流速递,广东省,深圳市,宝安区,113.85495,22.762047
290,菜鸟驿站(深圳沙井德昌南二门体验店),生活服务,物流速递,物流速递,广东省,深圳市,宝安区,113.849736,22.72107
291,百世快运,生活服务,物流速递,物流速递,广东省,深圳市,宝安区,113.848552,22.72497
292,乐新邮政便民服务点,生活服务,邮局,邮局,广东省,深圳市,宝安区,113.846969,22.719617
293,韵达快递,生活服务,物流速递,物流速递,广东省,深圳市,宝安区,113.856134,22.721846
294,中国电信,生活服务,电讯营业厅,中国电信营业厅,广东省,深圳市,宝安区,113.857462,22.724094
295,韵达快递(沙井德昌分部),生活服务,物流速递,物流速递,广东省,深圳市,宝安区,113.845224,22.720084
296,德邦快递(庄村路),生活服务,物流速递,物流速递,广东省,深圳市,宝安区,113.859613,22.719228
297,e栈快递柜,生活服务,物流速递,物流速递,广东省,深圳市,宝安区,113.845476,22.719992
298,顺丰速运店,生活服务,物流速递,物流速递,广东省,深圳市,宝安区,113.857307,22.719513
299,顺丰速运,生活服务,物流速递,物流速递,广东省,深圳市,宝安区,113.846849,22.72576
300,中国联通,生活服务,电讯营业厅,中国联通营业厅,广东省,深圳市,宝安区,113.846739,22.715056
301,深圳华南仓储物流股份有限公司,生活服务,物流速递,物流速递,广东省,深圳市,宝安区,113.856665,22.717758
302,丰巢快递柜,生活服务,物流速递,物流速递,广东省,深圳市,宝安区,113.850724,22.681674
303,港鸿国际物流,生活服务,物流速递,物流速递,广东省,深圳市,宝安区,113.848664,22.685995
304,深圳市天地航宇供应链有限公司,生活服务,物流速递,物流速递,广东省,深圳市,宝安区,113.848757,22.685796
305,驰天下供应链,生活服务,物流速递,物流速递,广东省,深圳市,宝安区,113.841823,22.680709
306,百世快运,生活服务,物流速递,物流速递,广东省,深圳市,宝安区,113.841369,22.680419
307,深圳诚易通国际物流有限公司,生活服务,物流速递,物流速递,广东省,深圳市,宝安区,113.841978,22.68042
308,深圳市庆方国际物流有限公司,生活服务,物流速递,物流速递,广东省,深圳市,宝安区,113.841867,22.680685
309,百腾物流(凤凰营业部),生活服务,物流速递,物流速递,广东省,深圳市,宝安区,113.840268,22.67853
310,丰巢箱智能柜,生活服务,物流速递,物流速递,广东省,深圳市,宝安区,113.839582,22.680645
311,深圳市彤天口国际物流,生活服务,物流速递,物流速递,广东省,深圳市,宝安区,113.840172,22.678012
312,中国电信,生活服务,电讯营业厅,中国电信营业厅,广东省,深圳市,宝安区,113.838253,22.686609
313,中通快递(凤凰营业部),生活服务,物流速递,物流速递,广东省,深圳市,宝安区,113.839124,22.686485
314,冠捷物流,生活服务,物流速递,物流速递,广东省,深圳市,宝安区,113.83934,22.678413
315,菜鸟驿站(深圳福永凤凰石山岭小区57栋店),生活服务,物流速递,物流速递,广东省,深圳市,宝安区,113.84181,22.689938
316,浩欣宏国际物流,生活服务,物流速递,物流速递,广东省,深圳市,宝安区,113.839693,22.676132
317,凤凰邮局,生活服务,邮局,邮局,广东省,深圳市,宝安区,113.839764,22.690328
318,优速快递,生活服务,物流速递,物流速递,广东省,深圳市,宝安区,113.839481,22.673388
319,深圳市展辉物流有限公司,生活服务,物流速递,物流速递,广东省,深圳市,宝安区,113.838743,22.677609
320,中国联通(西乡黄田营业厅),生活服务,电讯营业厅,中国联通营业厅,广东省,深圳市,宝安区,113.846072,22.627049
321,中国邮政邮件处理中心,生活服务,邮局,邮政速递,广东省,深圳市,宝安区,113.836342,22.62472
322,中国电信(黄田营业厅),生活服务,电讯营业厅,中国电信营业厅,广东省,深圳市,宝安区,113.847021,22.628009
323,顺丰快运三围集配站,生活服务,物流速递,物流速递,广东省,深圳市,宝安区,113.847385,22.635589
324,中国移动黄田营业厅,生活服务,电讯营业厅,中国移动营业厅,广东省,深圳市,宝安区,113.847454,22.627385
325,中国电信(九围营业厅),生活服务,电讯营业厅,中国电信营业厅,广东省,深圳市,宝安区,113.862693,22.643502
326,鸿通物流城,生活服务,物流速递,物流仓储场地,广东省,深圳市,宝安区,113.83353,22.64026
327,顺丰速运(翠湖花园),生活服务,物流速递,物流速递,广东省,深圳市,宝安区,113.841911,22.636222
328,中冠润物流园,生活服务,物流速递,物流速递,广东省,深圳市,宝安区,113.84,22.638989
329,壹米滴答九围中心营业部,生活服务,物流速递,物流速递,广东省,深圳市,宝安区,113.860705,22.643613
330,深圳远泰物流有限公司,生活服务,物流速递,物流速递,广东省,深圳市,宝安区,113.84052,22.63977
331,蓝极物流,生活服务,物流速递,物流速递,广东省,深圳市,宝安区,113.840584,22.639698
332,君安惠物流,生活服务,物流速递,物流速递,广东省,深圳市,宝安区,113.840584,22.639698
333,中国邮政(洲石路),生活服务,邮局,邮局,广东省,深圳市,宝安区,113.863935,22.65295
334,顺丰快递(九围新村),生活服务,物流速递,物流速递,广东省,深圳市,宝安区,113.861718,22.64709
335,极兔速递,生活服务,物流速递,物流速递,广东省,深圳市,宝安区,113.840457,22.639617
336,徐氏龙晨物流有限公司,生活服务,物流速递,物流速递,广东省,深圳市,宝安区,113.850105,22.63112
337,圆通速递,生活服务,物流速递,物流速递,广东省,深圳市,宝安区,113.862263,22.644586
338,信丰物流(九围分公司),生活服务,物流速递,物流速递,广东省,深圳市,宝安区,113.863193,22.638463
339,大胜物流,生活服务,物流速递,物流速递,广东省,深圳市,宝安区,113.841922,22.635855
340,吉顺通达专线直达,生活服务,物流速递,物流速递,广东省,深圳市,宝安区,113.840187,22.639037
341,韵达快递(恒丰服务站),生活服务,物流速递,物流速递,广东省,深圳市,宝安区,113.863095,22.638826
342,深圳机场保税物流中心,生活服务,物流速递,物流速递,广东省,深圳市,宝安区,113.834806,22.627789
343,深圳市荣兴达物流有限公司,生活服务,物流速递,物流速递,广东省,深圳市,宝安区,113.840871,22.637988
344,SEKO深圳分拨中心,生活服务,物流速递,物流速递,广东省,深圳市,宝安区,113.839342,22.641099
345,深圳市盛通鑫亿物流有限公司,生活服务,物流速递,物流速递,广东省,深圳市,宝安区,113.840909,22.639935
346,善飞物流(广深公路),生活服务,物流速递,物流速递,广东省,深圳市,宝安区,113.842632,22.632604
347,深圳市新意航航空货运,生活服务,物流速递,物流速递,广东省,深圳市,宝安区,113.838224,22.637019
348,京东快递,生活服务,物流速递,物流速递,广东省,深圳市,宝安区,113.863157,22.638134
349,韵达国际,生活服务,物流速递,物流速递,广东省,深圳市,宝安区,113.839566,22.639773
350,诚信物流,生活服务,物流速递,物流速递,广东省,深圳市,宝安区,113.839709,22.638402
351,景盛物流,生活服务,物流速递,物流速递,广东省,深圳市,宝安区,113.839673,22.638478
352,腾飞达航空物流,生活服务,物流速递,物流速递,广东省,深圳市,宝安区,113.838747,22.641152
353,深圳市中环快运有限公司,生活服务,物流速递,物流速递,广东省,深圳市,宝安区,113.839409,22.640635
354,晟路物流,生活服务,物流速递,物流速递,广东省,深圳市,宝安区,113.83802,22.640484
355,中国联通3G专营店(捷通恒发3g专营店),生活服务,电讯营业厅,中国联通营业厅,广东省,深圳市,宝安区,113.86279,22.636631
356,韵达快递,生活服务,物流速递,物流速递,广东省,深圳市,宝安区,113.842344,22.636266
357,博方达物流,生活服务,物流速递,物流速递,广东省,深圳市,宝安区,113.842403,22.631355
358,深圳市宏观国际物流有限公司,生活服务,物流速递,物流速递,广东省,深圳市,宝安区,113.840574,22.637914
359,中国电信固戍北营业厅,生活服务,电讯营业厅,中国电信营业厅,广东省,深圳市,宝安区,113.8515,22.602854
360,骏熠微移动电源生产厂家,生活服务,电讯营业厅,中国移动营业厅,广东省,深圳市,宝安区,113.849329,22.601367
361,中国电信(固戍上围园服务厅),生活服务,电讯营业厅,中国电信营业厅,广东省,深圳市,宝安区,113.851748,22.601342
362,妈妈驿站,生活服务,物流速递,物流速递,广东省,深圳市,宝安区,113.850573,22.603081
363,中国电信(联嘉服务厅),生活服务,电讯营业厅,中国电信营业厅,广东省,深圳市,宝安区,113.852079,22.599525
364,中国电信光纤受理点,生活服务,电讯营业厅,电讯营业厅,广东省,深圳市,宝安区,113.851159,22.600621
365,中通快递(固戍上围园分部),生活服务,物流速递,物流速递,广东省,深圳市,宝安区,113.851701,22.601895
366,中国电信(石街中讯万隆服务厅),生活服务,电讯营业厅,中国电信营业厅,广东省,深圳市,宝安区,113.850595,22.602999
367,长城宽带宽带业务办理点,生活服务,电讯营业厅,电讯营业厅,广东省,深圳市,宝安区,113.850586,22.601421
368,中国移动4g,生活服务,电讯营业厅,电讯营业厅,广东省,深圳市,宝安区,113.850906,22.598423
369,顺丰速运(腾联路营业部),生活服务,物流速递,物流速递,广东省,深圳市,宝安区,113.849064,22.600186
370,中国电信,生活服务,电讯营业厅,中国电信营业厅,广东省,深圳市,宝安区,113.851016,22.59852
371,菜鸟驿站,生活服务,物流速递,物流速递,广东省,深圳市,宝安区,113.849646,22.602917
372,轩寿饮品(深圳)有限公司上围园配送中心,生活服务,物流速递,物流速递,广东省,深圳市,宝安区,113.852017,22.601448
373,深圳市宝安区上围园货运代理部,生活服务,物流速递,物流速递,广东省,深圳市,宝安区,113.852296,22.600901
374,中国联通宝安固戍营业厅,生活服务,电讯营业厅,中国联通营业厅,广东省,深圳市,宝安区,113.847924,22.600947
375,中国电信(西乡营业厅),生活服务,电讯营业厅,中国电信营业厅,广东省,深圳市,宝安区,113.861878,22.569875
376,中轿运输,生活服务,物流速递,物流速递,广东省,深圳市,宝安区,113.849606,22.564916
377,中国联通(宝安西乡圣陶沙营业厅),生活服务,电讯营业厅,中国联通营业厅,广东省,深圳市,宝安区,113.862659,22.575005
378,运速达,生活服务,物流速递,物流速递,广东省,深圳市,宝安区,113.84862,22.565115
379,深圳市旭东浩迈物流有限公司,生活服务,物流速递,物流速递,广东省,深圳市,宝安区,113.848519,22.563802
380,大铲湾港区顺生汇储运中心,生活服务,物流速递,物流仓储场地,广东省,深圳市,宝安区,113.8486,22.56381
381,深圳市顺生物流有限公司,生活服务,物流速递,物流速递,广东省,深圳市,宝安区,113.849468,22.565123
382,中铁快运,生活服务,物流速递,物流速递,广东省,深圳市,宝安区,113.854921,22.556678
383,菜鸟驿站,生活服务,物流速递,物流速递,广东省,深圳市,宝安区,113.854378,22.567825
384,管道配送中心,生活服务,物流速递,物流速递,广东省,深圳市,宝安区,113.855498,22.556393
385,快递超市,生活服务,物流速递,物流速递,广东省,深圳市,宝安区,113.859892,22.56634
386,中国电信(马鞍山专营店),生活服务,电讯营业厅,中国电信营业厅,广东省,深圳市,宝安区,113.862203,22.564243
387,骧腾建材物流有限公司,生活服务,物流速递,物流速递,广东省,深圳市,南山区,113.867522,22.525689
388,深圳市康云货运代理有限公司,生活服务,物流速递,物流速递,广东省,深圳市,南山区,113.870799,22.513408
389,丰巢快递柜,生活服务,物流速递,物流速递,广东省,深圳市,宝安区,113.855301,22.570164
390,韵达快递(劳动路),生活服务,物流速递,物流速递,广东省,深圳市,宝安区,113.8622,22.565445
391,春谷园粮食集团,生活服务,物流速递,物流速递,广东省,深圳市,宝安区,113.860134,22.557073
392,丰巢快递柜,生活服务,物流速递,物流速递,广东省,深圳市,宝安区,113.849434,22.571431
393,丰巢快递柜,生活服务,物流速递,物流速递,广东省,深圳市,宝安区,113.859696,22.564465
394,华展汽车物流园,生活服务,物流速递,物流仓储场地,广东省,深圳市,宝安区,113.858178,22.554581
395,华展国际汽车口岸物流中心,生活服务,物流速递,物流速递,广东省,深圳市,宝安区,113.858255,22.554547
396,菜鸟驿站(深圳宝源二区35栋店),生活服务,物流速递,物流速递,广东省,深圳市,宝安区,113.859454,22.566362
397,中国电信(速控海城店),生活服务,电讯营业厅,中国电信营业厅,广东省,深圳市,宝安区,113.864829,22.564914
398,龙胜货运(西乡大道店),生活服务,物流速递,物流速递,广东省,深圳市,宝安区,113.85887,22.56852
399,菜鸟驿站社区服务站,生活服务,物流速递,物流速递,广东省,深圳市,宝安区,113.84741,22.571914
400,英航英达物流有限公司,生活服务,物流速递,物流速递,广东省,深圳市,宝安区,113.862274,22.565552
401,圆通速递(建设中),生活服务,物流速递,物流速递,广东省,深圳市,宝安区,113.859986,22.565842
402,中国移动(光纤宽带受理点),生活服务,电讯营业厅,中国移动营业厅,广东省,深圳市,宝安区,113.864455,22.566007
403,顺丰速运,生活服务,物流速递,物流速递,广东省,深圳市,宝安区,113.854581,22.572291
404,深圳市双鸭山农产品交易物流中心,生活服务,物流速递,物流速递,广东省,深圳市,宝安区,113.860405,22.557253
405,中通快递(宝源二区二巷),生活服务,物流速递,物流速递,广东省,深圳市,宝安区,113.861611,22.568681
406,菜鸟驿站(申通快递),生活服务,物流速递,物流速递,广东省,深圳市,宝安区,113.86528,22.564575
407,速尔快递(沿河路),生活服务,物流速递,物流速递,广东省,深圳市,宝安区,113.864604,22.565565
408,中通速递,生活服务,物流速递,物流速递,广东省,深圳市,宝安区,113.863363,22.566196
409,高兴粮油仓储配送,生活服务,物流速递,物流速递,广东省,深圳市,宝安区,113.863923,22.565362
410,圆通速递,生活服务,物流速递,物流速递,广东省,深圳市,宝安区,113.863534,22.567028
411,包裹超市,生活服务,物流速递,物流速递,广东省,深圳市,宝安区,113.864591,22.562997
412,深圳隆平顺运输公司,生活服务,物流速递,物流速递,广东省,深圳市,宝安区,113.863694,22.555907
413,百世快递,生活服务,物流速递,物流速递,广东省,深圳市,宝安区,113.864554,22.565131
414,顺丰速运,生活服务,物流速递,物流速递,广东省,深圳市,宝安区,113.851095,22.574441
415,菜鸟驿站,生活服务,物流速递,物流速递,广东省,深圳市,光明区,113.890287,22.801603
416,昌盛数码邮政便民服务点,生活服务,邮局,邮局,广东省,深圳市,光明区,113.890847,22.800212
417,中国电信宽带光纤办理点,生活服务,电讯营业厅,中国电信营业厅,广东省,深圳市,光明区,113.88936,22.801131
418,百世汇通快递(朗新路),生活服务,物流速递,物流速递,广东省,深圳市,光明区,113.889384,22.80088
419,中国电信营业厅,生活服务,电讯营业厅,中国电信营业厅,广东省,深圳市,光明区,113.887741,22.80048
420,中国移动,生活服务,电讯营业厅,中国移动营业厅,广东省,深圳市,光明区,113.892155,22.798741
421,菜鸟驿站(深圳公明李松蓢新村58号店),生活服务,物流速递,物流速递,广东省,深圳市,光明区,113.891248,22.800555
422,中国电信,生活服务,电讯营业厅,中国电信营业厅,广东省,深圳市,光明区,113.892047,22.798752
423,骏峰邮政便民服务点,生活服务,邮局,邮局,广东省,深圳市,光明区,113.887129,22.803846
424,圆通速递(朗新路),生活服务,物流速递,物流速递,广东省,深圳市,光明区,113.887195,22.799753
425,百世快递,生活服务,物流速递,物流速递,广东省,深圳市,光明区,113.895679,22.799957
426,中通快递深圳分拨中心,生活服务,物流速递,物流仓储场地,广东省,深圳市,宝安区,113.877917,22.805057
427,中国电信,生活服务,电讯营业厅,中国电信营业厅,广东省,深圳市,光明区,113.9004,22.799521
428,菜鸟驿站(美宜佳公明李松店),生活服务,物流速递,物流速递,广东省,深圳市,光明区,113.888307,22.799572
429,马山头普服邮政点,生活服务,邮局,邮局,广东省,深圳市,光明区,113.883286,22.776389
430,安能(海恩楼西南),生活服务,物流速递,物流速递,广东省,深圳市,光明区,113.89346,22.758664
431,顺丰速运(公明南环大道),生活服务,物流速递,物流速递,广东省,深圳市,光明区,113.896108,22.764791
432,集亚物流,生活服务,物流速递,物流速递,广东省,深圳市,光明区,113.894646,22.758586
433,安能物流(招商加盟),生活服务,物流速递,物流速递,广东省,深圳市,光明区,113.898463,22.7666
434,菜鸟驿站(深圳公明上石家旧村189栋店),生活服务,物流速递,物流速递,广东省,深圳市,光明区,113.894246,22.760238
435,上石家邮政代办所,生活服务,邮局,邮局,广东省,深圳市,光明区,113.886332,22.758362
436,菜鸟驿站(深圳公明上石家新村10E栋店),生活服务,物流速递,物流速递,广东省,深圳市,光明区,113.894715,22.763159
437,菜鸟驿站(深圳公明锦鸿花园5栋113号店),生活服务,物流速递,物流速递,广东省,深圳市,光明区,113.892153,22.765365
438,中国电信营业厅,生活服务,电讯营业厅,中国电信营业厅,广东省,深圳市,光明区,113.897209,22.766122
439,菜鸟驿站(深圳公明上石家北区25栋店),生活服务,物流速递,物流速递,广东省,深圳市,光明区,113.89575,22.76129
440,菜鸟驿站,生活服务,物流速递,物流速递,广东省,深圳市,光明区,113.896976,22.766801
441,信丰物流,生活服务,物流速递,物流速递,广东省,深圳市,光明区,113.894179,22.722776
442,中国联通(玉律营业厅),生活服务,电讯营业厅,中国联通营业厅,广东省,深圳市,光明区,113.895581,22.716647
443,塘口邮政代办所,生活服务,邮局,邮局,广东省,深圳市,光明区,113.886264,22.722184
444,百世快递(光明玉塘路店),生活服务,物流速递,物流速递,广东省,深圳市,光明区,113.894783,22.723847
445,深圳天达顺物流有限公司,生活服务,物流速递,物流速递,广东省,深圳市,光明区,113.888925,22.718331
446,圆通快递授权代理点,生活服务,物流速递,物流速递,广东省,深圳市,光明区,113.891498,22.715734
447,菜鸟驿站(深圳公明玉律2区158号店),生活服务,物流速递,物流速递,广东省,深圳市,光明区,113.893591,22.716893
448,中国移动,生活服务,电讯营业厅,中国移动营业厅,广东省,深圳市,光明区,113.898229,22.719418
449,韵达快递·物流(光明龙湾分部),生活服务,物流速递,物流速递,广东省,深圳市,光明区,113.896251,22.722049
450,中通快递玉律四区店,生活服务,物流速递,物流速递,广东省,深圳市,光明区,113.897478,22.719785
451,深圳市盛跃物流有限公司,生活服务,物流速递,物流速递,广东省,深圳市,光明区,113.888515,22.716897
452,87号菜鸟,生活服务,物流速递,物流速递,广东省,深圳市,光明区,113.896398,22.717805
453,菜鸟驿站(玉律一区店),生活服务,物流速递,物流速递,广东省,深圳市,光明区,113.892541,22.715522
454,深圳市水源物流有限公司,生活服务,物流速递,物流速递,广东省,深圳市,光明区,113.897298,22.719688
455,菜鸟驿站玉律二区169号158号店,生活服务,物流速递,物流速递,广东省,深圳市,光明区,113.89342,22.717013
456,四区九巷二号菜鸟驿站,生活服务,物流速递,物流速递,广东省,深圳市,光明区,113.898073,22.719438
457,圆通速递,生活服务,物流速递,物流速递,广东省,深圳市,光明区,113.899171,22.719957
458,菜鸟驿站九巷12号店,生活服务,物流速递,物流速递,广东省,深圳市,光明区,113.899295,22.720325
459,顺丰速运授权代办点,生活服务,物流速递,物流速递,广东省,深圳市,光明区,113.899484,22.719862
460,菜鸟驿站(好旺家店),生活服务,物流速递,物流速递,广东省,深圳市,光明区,113.89133,22.71371
461,风信物流,生活服务,物流速递,物流速递,广东省,深圳市,宝安区,113.890285,22.683135
462,大华集运,生活服务,物流速递,物流速递,广东省,深圳市,宝安区,113.890348,22.683237
463,深圳市先达物流有限公司,生活服务,物流速递,物流速递,广东省,深圳市,宝安区,113.895174,22.674534
464,国友物流,生活服务,物流速递,物流速递,广东省,深圳市,宝安区,113.895986,22.673856
465,深圳市陆顺物流有限公司,生活服务,物流速递,物流速递,广东省,深圳市,宝安区,113.896039,22.673871
466,深圳市金秒物流有限公司,生活服务,物流速递,物流速递,广东省,深圳市,宝安区,113.895883,22.674371
467,深圳市悦源物流有限公司,生活服务,物流速递,物流速递,广东省,深圳市,宝安区,113.896917,22.673843
468,中国电信,生活服务,电讯营业厅,中国电信营业厅,广东省,深圳市,宝安区,113.900823,22.674553
469,恒胜亿物流园,生活服务,物流速递,物流仓储场地,广东省,深圳市,宝安区,113.896079,22.673235
470,顺丰速运,生活服务,物流速递,物流速递,广东省,深圳市,宝安区,113.891664,22.669369
471,深圳市唐招物流有限公司,生活服务,物流速递,物流速递,广东省,深圳市,宝安区,113.900605,22.675211
472,跨越速运,生活服务,物流速递,物流速递,广东省,深圳市,宝安区,113.888199,22.671191
473,中国电信,生活服务,电讯营业厅,中国电信营业厅,广东省,深圳市,宝安区,113.897495,22.672589
474,东方快运,生活服务,物流速递,物流速递,广东省,深圳市,宝安区,113.896176,22.671343
475,快递超市,生活服务,物流速递,物流速递,广东省,深圳市,宝安区,113.893208,22.670536
476,百世驿站,生活服务,物流速递,物流速递,广东省,深圳市,宝安区,113.894024,22.670401
477,平乐物流,生活服务,物流速递,物流速递,广东省,深圳市,宝安区,113.899119,22.672155
478,深圳市亚洲顺物流有限公司,生活服务,物流速递,物流速递,广东省,深圳市,宝安区,113.895919,22.673868
479,百世驿站,生活服务,物流速递,物流速递,广东省,深圳市,宝安区,113.893746,22.67002
480,顺丰速运,生活服务,物流速递,物流速递,广东省,深圳市,宝安区,113.899645,22.67202
481,菜鸟驿站(深圳石岩麻布新村五巷八号店),生活服务,物流速递,物流速递,广东省,深圳市,宝安区,113.89949,22.67425
482,深圳市盛华宏物流有限公司,生活服务,物流速递,物流速递,广东省,深圳市,宝安区,113.888896,22.669546
483,韵达物流(深圳石岩料坑分部),生活服务,物流速递,物流速递,广东省,深圳市,宝安区,113.895919,22.670751
484,菜鸟驿站(深圳石岩麻布新村七巷12号店),生活服务,物流速递,物流速递,广东省,深圳市,宝安区,113.900787,22.674561
485,盛丰物流,生活服务,物流速递,物流速递,广东省,深圳市,宝安区,113.900819,22.669692
486,壹米滴答,生活服务,物流速递,物流速递,广东省,深圳市,宝安区,113.90002,22.671902
487,百腾物流(深圳转运场),生活服务,物流速递,物流速递,广东省,深圳市,宝安区,113.901313,22.668369
488,运达物流AIYO,生活服务,物流速递,物流速递,广东省,深圳市,宝安区,113.907291,22.653272
489,运达物流仓,生活服务,物流速递,物流速递,广东省,深圳市,宝安区,113.907703,22.653696
490,丰巢快递柜,生活服务,物流速递,物流速递,广东省,深圳市,宝安区,113.910433,22.65257
491,运达锦顺(深圳)物流有限公司,生活服务,物流速递,物流速递,广东省,深圳市,宝安区,113.910863,22.654578
492,菜鸟驿站(深圳塘头第三工业区518号店),生活服务,物流速递,物流速递,广东省,深圳市,宝安区,113.91107,22.65304
493,宝安区石岩街道办事处塘头社区24小时自助服务区,生活服务,电讯营业厅,电讯营业厅,广东省,深圳市,宝安区,113.90858,22.654795
494,原飞航物流宝安分公司,生活服务,物流速递,物流速递,广东省,深圳市,宝安区,113.888085,22.664351
495,皇丰物流,生活服务,物流速递,物流速递,广东省,深圳市,宝安区,113.879536,22.66788
496,中柱冷链(宝安)RDC,生活服务,物流速递,物流仓储场地,广东省,深圳市,宝安区,113.887883,22.667775
497,深圳市华秀物流有限公司,生活服务,物流速递,物流速递,广东省,深圳市,宝安区,113.879714,22.667003
498,恒聚物流,生活服务,物流速递,物流速递,广东省,深圳市,宝安区,113.89291,22.662449
499,壹米滴答深圳九围营业部,生活服务,物流速递,物流速递,广东省,深圳市,宝安区,113.897739,22.666929
500,宝运达物流中心,生活服务,物流速递,物流速递,广东省,深圳市,宝安区,113.884925,22.592393
501,顺丰速运(铁岗东二巷),生活服务,物流速递,物流速递,广东省,深圳市,宝安区,113.888877,22.601029
502,铁岗中国电信,生活服务,电讯营业厅,中国电信营业厅,广东省,深圳市,宝安区,113.888042,22.600593
503,山鹰物流(宝田一路),生活服务,物流速递,物流速递,广东省,深圳市,宝安区,113.889085,22.599018
504,深圳市富裕创跃物流有限公司,生活服务,物流速递,物流速递,广东省,深圳市,宝安区,113.888335,22.600824
505,58速运,生活服务,物流速递,物流速递,广东省,深圳市,宝安区,113.886091,22.599543
506,金鹏物流(宝运达物流信息大厦东南),生活服务,物流速递,物流速递,广东省,深圳市,宝安区,113.884567,22.593663
507,菜鸟驿站(深圳西乡铁岗村55栋店),生活服务,物流速递,物流速递,广东省,深圳市,宝安区,113.886894,22.600937
508,中通快递,生活服务,物流速递,物流速递,广东省,深圳市,宝安区,113.886471,22.598966
509,深圳市安信达货物运输有限公司,生活服务,物流速递,物流速递,广东省,深圳市,宝安区,113.88622,22.604162
510,燕文物流,生活服务,物流速递,物流速递,广东省,深圳市,宝安区,113.884271,22.598013
511,菜鸟驿站(深圳西乡铁岗村南三巷9号店),生活服务,物流速递,物流速递,广东省,深圳市,宝安区,113.885733,22.600048
512,中国移动(垦讯达特约代理点),生活服务,电讯营业厅,中国移动营业厅,广东省,深圳市,宝安区,113.892878,22.562861
513,中国移动(丽晶国际营业厅),生活服务,电讯营业厅,中国移动营业厅,广东省,深圳市,宝安区,113.889949,22.556323
514,中国电信(宝安46区怡华新村授权厅),生活服务,电讯营业厅,中国电信营业厅,广东省,深圳市,宝安区,113.892144,22.560694
515,韵达快递超市,生活服务,物流速递,物流速递,广东省,深圳市,宝安区,113.891915,22.560623
516,广东省邮政速递物流有限公司,生活服务,邮局,邮政速递,广东省,深圳市,宝安区,113.890498,22.562394
517,顺丰速运,生活服务,物流速递,物流速递,广东省,深圳市,宝安区,113.892842,22.560778
518,菜鸟驿站,生活服务,物流速递,物流速递,广东省,深圳市,宝安区,113.892231,22.560148
519,中国移动(翻身服营厅),生活服务,电讯营业厅,中国移动营业厅,广东省,深圳市,宝安区,113.886563,22.567704
520,顺丰(风临洲店),生活服务,物流速递,物流速递,广东省,深圳市,宝安区,113.889344,22.55949
521,中国电信(川安路店),生活服务,电讯营业厅,中国电信营业厅,广东省,深圳市,宝安区,113.888651,22.56384
522,海滨广场邮政所,生活服务,邮局,邮局,广东省,深圳市,宝安区,113.890659,22.562481
523,中国电信(48区海华公园),生活服务,电讯营业厅,中国电信营业厅,广东省,深圳市,宝安区,113.888633,22.563828
524,中国电信(前海自贸区营业厅),生活服务,电讯营业厅,中国电信营业厅,广东省,深圳市,南山区,113.901811,22.51748
525,中国联通(南山前海自贸营业厅),生活服务,电讯营业厅,中国联通营业厅,广东省,深圳市,南山区,113.9013,22.517153
526,中国电信,生活服务,电讯营业厅,中国电信营业厅,广东省,深圳市,南山区,113.899127,22.529936
527,中国电信(前海湾花园服务厅),生活服务,电讯营业厅,中国电信营业厅,广东省,深圳市,南山区,113.886459,22.510491
528,京东快递,生活服务,物流速递,物流速递,广东省,深圳市,南山区,113.886433,22.510488
529,丰巢快递柜,生活服务,物流速递,物流速递,广东省,深圳市,南山区,113.886414,22.509111
530,中国邮政速递物流,生活服务,邮局,邮政速递,广东省,深圳市,南山区,113.907002,22.51598
531,鼎太风华邮政所,生活服务,邮局,邮局,广东省,深圳市,南山区,113.907012,22.515997
532,中国电信(前海龙海家园营业厅),生活服务,电讯营业厅,中国电信营业厅,广东省,深圳市,南山区,113.905691,22.532855
533,中国电信诺德服务厅,生活服务,电讯营业厅,中国电信营业厅,广东省,深圳市,南山区,113.904832,22.510179
534,中国电信,生活服务,电讯营业厅,中国移动营业厅,广东省,深圳市,南山区,113.890156,22.479944
535,赤湾邮政代办所,生活服务,邮局,邮局,广东省,深圳市,南山区,113.88877,22.478479
536,丰巢快递柜,生活服务,物流速递,物流速递,广东省,深圳市,南山区,113.887909,22.478912
537,益海嘉里配送中心,生活服务,物流速递,物流速递,广东省,深圳市,南山区,113.889759,22.477708
538,前海湾物流园,生活服务,物流速递,物流速递,广东省,深圳市,南山区,113.884892,22.496637
539,中通快递深圳月亮湾公司,生活服务,物流速递,物流速递,广东省,深圳市,南山区,113.893645,22.489379
540,申通快递,生活服务,物流速递,物流速递,广东省,深圳市,南山区,113.894159,22.487387
541,顺丰快运赤湾营业部,生活服务,物流速递,物流速递,广东省,深圳市,南山区,113.896723,22.477663
542,深圳市浩源骏物流有限公司,生活服务,物流速递,物流速递,广东省,深圳市,南山区,113.885831,22.479059
543,宝湾物流控股有限公司,生活服务,物流速递,物流速递,广东省,深圳市,南山区,113.895855,22.47871
544,京东物流(深圳招商快运集配站),生活服务,物流速递,物流速递,广东省,深圳市,南山区,113.895218,22.477117
545,丰巢快递柜,生活服务,物流速递,物流速递,广东省,深圳市,南山区,113.892342,22.487711
546,丰巢快递柜,生活服务,物流速递,物流速递,广东省,深圳市,南山区,113.884071,22.478608
547,赤湾东方恒温仓,生活服务,物流速递,物流仓储场地,广东省,深圳市,南山区,113.889626,22.477487
548,招商局物流(深圳一湾分发中心),生活服务,物流速递,物流速递,广东省,深圳市,南山区,113.895263,22.464252
549,月亮湾快递点,生活服务,物流速递,物流速递,广东省,深圳市,南山区,113.889213,22.491414
550,丰巢智能柜,生活服务,物流速递,物流速递,广东省,深圳市,光明区,113.935362,22.808219
551,信丰物流光明分公司,生活服务,物流速递,物流速递,广东省,深圳市,光明区,113.939167,22.798257
552,深圳公明苏通快运,生活服务,物流速递,物流速递,广东省,深圳市,光明区,113.939592,22.798553
553,百世快运,生活服务,物流速递,物流速递,广东省,深圳市,光明区,113.940116,22.798892
554,德邦快递,生活服务,物流速递,物流速递,广东省,深圳市,光明区,113.936244,22.794379
555,韵达快运,生活服务,物流速递,物流速递,广东省,深圳市,光明区,113.935957,22.79419
556,钧鹏物流,生活服务,物流速递,物流速递,广东省,深圳市,光明区,113.937447,22.808356
557,深圳市明浩通国际货运代理有限公司,生活服务,物流速递,物流速递,广东省,深圳市,光明区,113.934574,22.79483
558,盛辉物流,生活服务,物流速递,物流速递,广东省,深圳市,光明区,113.939321,22.798372
559,深圳市德信安物流有限公司,生活服务,物流速递,物流速递,广东省,深圳市,光明区,113.936175,22.793967
560,美林华邮政便民服务点,生活服务,邮局,邮局,广东省,深圳市,光明区,113.943459,22.799549
561,菜鸟驿站(深圳光明新陂头村324号店),生活服务,物流速递,物流速递,广东省,深圳市,光明区,113.94281,22.802119
562,妈妈驿站邮政便民服务点,生活服务,邮局,邮局,广东省,深圳市,光明区,113.943937,22.8033
563,深圳市全通速达物流有限责任公司(公明营业部),生活服务,物流速递,物流速递,广东省,深圳市,光明区,113.939624,22.798641
564,中国电信楼村店,生活服务,电讯营业厅,中国电信营业厅,广东省,深圳市,光明区,113.929219,22.785834
565,妈妈驿站,生活服务,物流速递,物流速递,广东省,深圳市,光明区,113.944078,22.80341
566,顺丰速运,生活服务,物流速递,物流速递,广东省,深圳市,光明区,113.944149,22.803288
567,菜鸟驿站,生活服务,物流速递,物流速递,广东省,深圳市,光明区,113.944314,22.799016
568,优速快递,生活服务,物流速递,物流速递,广东省,深圳市,光明区,113.940558,22.792458
569,中国电信(圳美营业厅),生活服务,电讯营业厅,中国电信营业厅,广东省,深圳市,光明区,113.945639,22.790031
570,菜鸟驿站(深圳光明新陂头南33栋店),生活服务,物流速递,物流速递,广东省,深圳市,光明区,113.9437,22.79998
571,e栈(碧园路),生活服务,物流速递,物流速递,广东省,深圳市,光明区,113.944365,22.75654
572,中国邮政(光明支局),生活服务,邮局,邮局,广东省,深圳市,光明区,113.942974,22.763829
573,菜鸟驿站(深圳公明东明公寓1栋6号店),生活服务,物流速递,物流速递,广东省,深圳市,光明区,113.929863,22.765126
574,中国联通光明自有营业厅,生活服务,电讯营业厅,中国联通营业厅,广东省,深圳市,光明区,113.945861,22.758808
575,安能物流(高新路),生活服务,物流速递,物流速递,广东省,深圳市,光明区,113.925241,22.762751
576,中国电信(光明营业厅),生活服务,电讯营业厅,中国电信营业厅,广东省,深圳市,光明区,113.945556,22.759201
577,中通快递深圳光明分公司,生活服务,物流速递,物流速递,广东省,深圳市,光明区,113.936924,22.764398
578,中国移动,生活服务,电讯营业厅,中国移动营业厅,广东省,深圳市,光明区,113.922772,22.763244
579,丰巢快递柜,生活服务,物流速递,物流速递,广东省,深圳市,光明区,113.93866,22.758831
580,顺丰速运,生活服务,物流速递,物流速递,广东省,深圳市,光明区,113.924563,22.76497
581,菜鸟驿站(深圳光明木墩新村35号店),生活服务,物流速递,物流速递,广东省,深圳市,光明区,113.926113,22.764003
582,迈腾物流,生活服务,物流速递,物流速递,广东省,深圳市,光明区,113.937995,22.769304
583,菜鸟驿站(深圳公明木墩旧村19号店),生活服务,物流速递,物流速递,广东省,深圳市,光明区,113.92286,22.76247
584,中国移动(光明营业厅),生活服务,电讯营业厅,中国移动营业厅,广东省,深圳市,光明区,113.942912,22.753589
585,中国移动,生活服务,电讯营业厅,中国移动营业厅,广东省,深圳市,光明区,113.944243,22.763193
586,菜鸟驿站(深圳光明木墩旧村14栋1号店),生活服务,物流速递,物流速递,广东省,深圳市,光明区,113.92285,22.76311
587,安能,生活服务,物流速递,物流速递,广东省,深圳市,光明区,113.926522,22.719684
588,安能(长圳路),生活服务,物流速递,物流速递,广东省,深圳市,光明区,113.924118,22.717057
589,深圳市鑫中益物流有限公司,生活服务,物流速递,物流速递,广东省,深圳市,光明区,113.924944,22.7173
590,长兴代办所,生活服务,邮局,邮局,广东省,深圳市,光明区,113.922859,22.718035
591,菜鸟驿站,生活服务,物流速递,物流速递,广东省,深圳市,光明区,113.939825,22.724708
592,腾讯王卡驿站,生活服务,电讯营业厅,电讯营业厅,广东省,深圳市,光明区,113.923261,22.719377
593,顺丰快递(深圳光明新区长圳村营业部),生活服务,物流速递,物流速递,广东省,深圳市,光明区,113.923793,22.718617
594,中国电信,生活服务,电讯营业厅,中国电信营业厅,广东省,深圳市,光明区,113.937657,22.73081
595,红坳邮政代办所,生活服务,邮局,邮局,广东省,深圳市,光明区,113.922366,22.716154
596,深圳市冠丰源物流有限公司,生活服务,物流速递,物流速递,广东省,深圳市,光明区,113.933419,22.730264
597,中国电信,生活服务,电讯营业厅,中国电信营业厅,广东省,深圳市,光明区,113.918203,22.718158
598,中国电信(塘家专营店),生活服务,电讯营业厅,中国电信营业厅,广东省,深圳市,光明区,113.937509,22.7341
599,深圳佳义物流有限公司,生活服务,物流速递,物流速递,广东省,深圳市,光明区,113.920952,22.716499
600,菜鸟驿站(深圳长兴科技园17栋116号店),生活服务,物流速递,物流速递,广东省,深圳市,光明区,113.922872,22.719527
601,菜鸟驿站(唐家南路松园大厦),生活服务,物流速递,物流速递,广东省,深圳市,光明区,113.941124,22.724866
602,NAo菜鸟驿站,生活服务,物流速递,物流速递,广东省,深圳市,光明区,113.938007,22.730867
603,天天快递(宝安光明分部),生活服务,物流速递,物流速递,广东省,深圳市,光明区,113.94045,22.729667
604,中通快递(塘家营业部),生活服务,物流速递,物流速递,广东省,深圳市,光明区,113.939901,22.729521
605,快宝驿站(塘家新村店),生活服务,物流速递,物流速递,广东省,深圳市,光明区,113.939273,22.730174
606,菜鸟驿站(深圳长兴科技园17栋117号店),生活服务,物流速递,物流速递,广东省,深圳市,光明区,113.92243,22.71925
607,安能快递,生活服务,物流速递,物流速递,广东省,深圳市,光明区,113.920226,22.716303
608,光明塘家村综合服务中心,生活服务,物流速递,物流速递,广东省,深圳市,光明区,113.939855,22.729376
609,丰巢快递柜,生活服务,物流速递,物流速递,广东省,深圳市,光明区,113.92965,22.733223
610,中国电信(塘家村服务厅),生活服务,电讯营业厅,中国电信营业厅,广东省,深圳市,光明区,113.93874,22.729468
611,菜鸟驿站,生活服务,物流速递,物流速递,广东省,深圳市,光明区,113.940638,22.729828
612,中通快递,生活服务,物流速递,物流速递,广东省,深圳市,光明区,113.917172,22.718595
613,中国移动(石岩沟通100营业厅),生活服务,电讯营业厅,中国移动营业厅,广东省,深圳市,宝安区,113.93122,22.682589
614,中国联通(石岩宝石南路营业厅),生活服务,电讯营业厅,中国联通营业厅,广东省,深圳市,宝安区,113.930767,22.677313
615,老街邮政代办所,生活服务,邮局,邮局,广东省,深圳市,宝安区,113.931328,22.681619
616,中国电信(石岩营业厅),生活服务,电讯营业厅,中国电信营业厅,广东省,深圳市,宝安区,113.939939,22.679882
617,天天国际物流,生活服务,物流速递,物流速递,广东省,深圳市,宝安区,113.931184,22.682018
618,深圳大大速递有限公司,生活服务,物流速递,物流速递,广东省,深圳市,宝安区,113.931013,22.682061
619,韵达包裹超市,生活服务,物流速递,物流速递,广东省,深圳市,宝安区,113.929478,22.682458
620,韵达速递,生活服务,物流速递,物流速递,广东省,深圳市,宝安区,113.933471,22.6826
621,百世物流,生活服务,物流速递,物流速递,广东省,深圳市,宝安区,113.933363,22.682925
622,中国移动,生活服务,电讯营业厅,中国移动营业厅,广东省,深圳市,宝安区,113.934389,22.680247
623,宏源石岩物流园,生活服务,物流速递,物流仓储场地,广东省,深圳市,宝安区,113.918925,22.670556
624,菜鸟驿站(深圳石岩老街一区15号店),生活服务,物流速递,物流速递,广东省,深圳市,宝安区,113.931437,22.680636
625,顺丰速运(湖景苑南),生活服务,物流速递,物流速递,广东省,深圳市,宝安区,113.930278,22.6786
626,德邦物流(天宝路营业部),生活服务,物流速递,物流速递,广东省,深圳市,宝安区,113.930764,22.637895
627,中国联通,生活服务,电讯营业厅,中国联通营业厅,广东省,深圳市,宝安区,113.92855,22.643038
628,妈妈驿站,生活服务,物流速递,物流速递,广东省,深圳市,宝安区,113.929107,22.644085
629,中国电信,生活服务,电讯营业厅,中国电信营业厅,广东省,深圳市,宝安区,113.928436,22.643041
630,通鸿荣邮政便民服务点,生活服务,邮局,邮局,广东省,深圳市,宝安区,113.928217,22.64524
631,丰巢快递柜,生活服务,物流速递,物流速递,广东省,深圳市,宝安区,113.92741,22.640341
632,德邦(塘头大道营业部),生活服务,物流速递,物流速递,广东省,深圳市,宝安区,113.917055,22.654497
633,百腾物流(总部),生活服务,物流速递,物流速递,广东省,深圳市,南山区,113.933472,22.636257
634,百世快递(应人石店),生活服务,物流速递,物流速递,广东省,深圳市,宝安区,113.927936,22.644543
635,韵达快递(西丽大勘分部),生活服务,物流速递,物流速递,广东省,深圳市,宝安区,113.927878,22.644224
636,顺丰速运(应人石新村站点),生活服务,物流速递,物流速递,广东省,深圳市,宝安区,113.928443,22.644713
637,深圳市优正国际物流有限公司,生活服务,物流速递,物流速递,广东省,深圳市,宝安区,113.928356,22.638931
638,菜鸟驿站(应人石新村店),生活服务,物流速递,物流速递,广东省,深圳市,宝安区,113.92845,22.64444
639,中国电信光纤宽带报装,生活服务,电讯营业厅,中国电信营业厅,广东省,深圳市,宝安区,113.925559,22.645698
640,菜鸟驿站(深圳石岩石景花园25栋店),生活服务,物流速递,物流速递,广东省,深圳市,宝安区,113.92725,22.6432
641,中国电信(创新谷营业厅),生活服务,电讯营业厅,中国电信营业厅,广东省,深圳市,宝安区,113.923419,22.641754
642,深圳神影物流有限公司西丽基地,生活服务,物流速递,物流速递,广东省,深圳市,南山区,113.93405,22.600466
643,速尔物流,生活服务,物流速递,物流速递,广东省,深圳市,南山区,113.937429,22.608355
644,中柱冷库,生活服务,物流速递,物流速递,广东省,深圳市,南山区,113.937594,22.589239
645,顺丰速运,生活服务,物流速递,物流速递,广东省,深圳市,南山区,113.928963,22.614499
646,中柱冷链,生活服务,物流速递,物流速递,广东省,深圳市,南山区,113.937325,22.589484
647,中国电信(牛城村店),生活服务,电讯营业厅,中国电信营业厅,广东省,深圳市,南山区,113.928779,22.614768
648,深圳市中柱物流有限公司,生活服务,物流速递,物流速递,广东省,深圳市,南山区,113.937521,22.589332
649,菜鸟驿站(深圳南山壮大工业区1012号店),生活服务,物流速递,物流速递,广东省,深圳市,南山区,113.93347,22.58961
650,欣发通信,生活服务,电讯营业厅,电讯营业厅,广东省,深圳市,南山区,113.92856,22.616299
651,菜鸟驿站(深圳南山牛成村85栋一楼店),生活服务,物流速递,物流速递,广东省,深圳市,南山区,113.928234,22.614202
652,深圳韵达速递有限公司,生活服务,物流速递,物流速递,广东省,深圳市,南山区,113.930416,22.585087
653,德坤物流(南山西丽营业部),生活服务,物流速递,物流速递,广东省,深圳市,南山区,113.931489,22.616239
654,菜鸟驿站(深圳牛成工业区207号店),生活服务,物流速递,物流速递,广东省,深圳市,南山区,113.929681,22.615087
655,顺丰速运(旺棠分部),生活服务,物流速递,物流速递,广东省,深圳市,南山区,113.948051,22.587346
656,丰巢快递柜,生活服务,物流速递,物流速递,广东省,深圳市,南山区,113.926669,22.587578
657,中国电信,生活服务,电讯营业厅,中国电信营业厅,广东省,深圳市,宝安区,113.921582,22.584882
658,圆通速递业务代理点,生活服务,物流速递,物流速递,广东省,深圳市,南山区,113.930363,22.584992
659,广东怀远物流实业有限公司,生活服务,物流速递,物流速递,广东省,深圳市,南山区,113.936829,22.56425
660,一本物流,生活服务,物流速递,物流速递,广东省,深圳市,南山区,113.949023,22.56776
661,路擎二手车服务,生活服务,物流速递,物流速递,广东省,深圳市,南山区,113.934739,22.560449
662,中国移动(科技园服务厅),生活服务,电讯营业厅,中国移动营业厅,广东省,深圳市,南山区,113.944709,22.548969
663,神彩·彩联物流中心,生活服务,物流速递,物流速递,广东省,深圳市,南山区,113.929384,22.553991
664,高新邮政支局,生活服务,邮局,邮局,广东省,深圳市,南山区,113.943631,22.543367
665,中铁物流集团有限公司,生活服务,物流速递,物流速递,广东省,深圳市,南山区,113.932297,22.549427
666,顺丰速运(深圳南山朗山路营业部),生活服务,物流速递,物流速递,广东省,深圳市,南山区,113.935776,22.558778
667,互联易电商物流园,生活服务,物流速递,物流速递,广东省,深圳市,南山区,113.938615,22.557531
668,深圳市方跃物流有限公司,生活服务,物流速递,物流速递,广东省,深圳市,南山区,113.925018,22.55901
669,宏达货运,生活服务,物流速递,物流速递,广东省,深圳市,南山区,113.922951,22.558882
670,菜鸟驿站(深圳建工村13栋127号店),生活服务,物流速递,物流速递,广东省,深圳市,南山区,113.924595,22.563007
671,菜鸟驿站(深圳南山建工村37号长兴旺店),生活服务,物流速递,物流速递,广东省,深圳市,南山区,113.9257,22.56441
672,优速快递,生活服务,物流速递,物流速递,广东省,深圳市,南山区,113.940212,22.564731
673,深圳市鼎通国际货运代理,生活服务,物流速递,物流速递,广东省,深圳市,南山区,113.929776,22.553605
674,彩联物流中心,生活服务,物流速递,物流速递,广东省,深圳市,南山区,113.930007,22.552966
675,京东快递(深圳建功营业部),生活服务,物流速递,物流速递,广东省,深圳市,南山区,113.93044,22.553819
676,深圳川越物流有限公司,生活服务,物流速递,物流速递,广东省,深圳市,南山区,113.939876,22.56634
677,明辉物流,生活服务,物流速递,物流速递,广东省,深圳市,南山区,113.941747,22.563226
678,信丰物流(深圳科技园分公司),生活服务,物流速递,物流速递,广东省,深圳市,南山区,113.929876,22.55166
679,安能物流,生活服务,物流速递,物流速递,广东省,深圳市,南山区,113.942467,22.563495
680,中国电信(高新区营业厅),生活服务,电讯营业厅,中国电信营业厅,广东省,深圳市,南山区,113.945227,22.541859
681,大为配送,生活服务,物流速递,物流速递,广东省,深圳市,南山区,113.922218,22.557053
682,中国电信(豪方天际办理点),生活服务,电讯营业厅,中国电信营业厅,广东省,深圳市,南山区,113.921289,22.555642
683,深圳华溢仓储运输有限公司,生活服务,物流速递,物流速递,广东省,深圳市,南山区,113.942032,22.563414
684,德邦快递(玉泉路店),生活服务,物流速递,物流速递,广东省,深圳市,南山区,113.924835,22.546611
685,中国邮政(深圳市南油支局),生活服务,邮局,邮局,广东省,深圳市,南山区,113.927329,22.513861
686,马士基(中国)航运有限公司深圳分公司,生活服务,物流速递,物流速递,广东省,深圳市,南山区,113.930336,22.519882
687,天威视讯,生活服务,电讯营业厅,电讯营业厅,广东省,深圳市,南山区,113.931983,22.513458
688,中国移动沟通100南油服务厅(南油服营厅),生活服务,电讯营业厅,中国移动营业厅,广东省,深圳市,南山区,113.931847,22.515201
689,中海通海运有限公司,生活服务,物流速递,物流速递,广东省,深圳市,南山区,113.930336,22.519882
690,中国电信(海岸城营业厅),生活服务,电讯营业厅,中国电信营业厅,广东省,深圳市,南山区,113.934002,22.518229
691,中国联通(深圳南商路营业厅),生活服务,电讯营业厅,中国联通营业厅,广东省,深圳市,南山区,113.928689,22.513728
692,菜鸟驿站(全家南山茂业店),生活服务,物流速递,物流速递,广东省,深圳市,南山区,113.93032,22.5197
693,顺丰速运,生活服务,物流速递,物流速递,广东省,深圳市,南山区,113.933842,22.487158
694,百世快递,生活服务,物流速递,物流速递,广东省,深圳市,南山区,113.93215,22.485199
695,中通快递,生活服务,物流速递,物流速递,广东省,深圳市,南山区,113.928967,22.486008
696,中国电信(蛇口营业厅),生活服务,电讯营业厅,中国电信营业厅,广东省,深圳市,南山区,113.922389,22.494169
697,德邦,生活服务,物流速递,物流速递,广东省,深圳市,光明区,113.959579,22.795152
698,菜鸟驿站(深圳光明迳口新村39栋102店),生活服务,物流速递,物流速递,广东省,深圳市,光明区,113.96805,22.76462
699,深圳市蓼城物流有限公司,生活服务,物流速递,物流速递,广东省,深圳市,光明区,113.952137,22.76141
700,极兔速递,生活服务,物流速递,物流速递,广东省,深圳市,光明区,113.952288,22.752817
701,八达运输公司,生活服务,物流速递,物流速递,广东省,深圳市,光明区,113.951691,22.761374
702,深圳市立科汽车运输服务有限公司,生活服务,物流速递,物流速递,广东省,深圳市,光明区,113.951675,22.753476
703,深圳白沙物流光明仓库,生活服务,物流速递,物流速递,广东省,深圳市,光明区,113.982624,22.722576
704,深圳白沙物流光明仓库,生活服务,物流速递,物流仓储场地,广东省,深圳市,光明区,113.98126,22.721602
705,中国电信,生活服务,电讯营业厅,中国电信营业厅,广东省,深圳市,宝安区,113.968568,22.705451
706,深圳市金皖汽车运输服务有限公司,生活服务,物流速递,物流速递,广东省,深圳市,光明区,113.971023,22.732897
707,中通快运,生活服务,物流速递,物流速递,广东省,深圳市,光明区,113.984147,22.729169
708,锦坤物流,生活服务,物流速递,物流速递,广东省,深圳市,光明区,113.984366,22.728987
709,恒汇智能物流,生活服务,物流速递,物流速递,广东省,深圳市,光明区,113.984147,22.729169
710,沛达捷运,生活服务,物流速递,物流速递,广东省,深圳市,光明区,113.984536,22.729239
711,百世快递,生活服务,物流速递,物流速递,广东省,深圳市,宝安区,113.964842,22.708422
712,广东都市物流光明分公司,生活服务,物流速递,物流速递,广东省,深圳市,光明区,113.985079,22.728629
713,德邦快递(大水坑营业部),生活服务,物流速递,物流速递,广东省,深圳市,光明区,113.985301,22.729318
714,腾讯王卡驿站,生活服务,电讯营业厅,电讯营业厅,广东省,深圳市,宝安区,113.966157,22.707714
715,深圳市荣力物流有限公司,生活服务,物流速递,物流速递,广东省,深圳市,光明区,113.975372,22.733772
716,深圳市飞龙世纪物流公明仓库,生活服务,物流速递,物流仓储场地,广东省,深圳市,光明区,113.982554,22.724664
717,丰巢快递柜,生活服务,物流速递,物流速递,广东省,深圳市,宝安区,113.969101,22.707006
718,深圳市德友物流有限公司,生活服务,物流速递,物流速递,广东省,深圳市,宝安区,113.972728,22.704271
719,深圳市少年军校邮局,生活服务,邮局,邮局,广东省,深圳市,光明区,113.960453,22.738507
720,深圳捷能国际物流有限公司,生活服务,物流速递,物流速递,广东省,深圳市,宝安区,113.962808,22.707316
721,菜鸟驿站(深圳石岩裕同民营路10号店),生活服务,物流速递,物流速递,广东省,深圳市,宝安区,113.965507,22.707498
722,中通快递,生活服务,物流速递,物流速递,广东省,深圳市,宝安区,113.966745,22.703571
723,壹运通,生活服务,物流速递,物流速递,广东省,深圳市,光明区,113.988514,22.731871
724,铭新物流,生活服务,物流速递,物流速递,广东省,深圳市,光明区,113.988514,22.731871
725,壹米滴答,生活服务,物流速递,物流速递,广东省,深圳市,光明区,113.989013,22.732091
726,中国移动,生活服务,电讯营业厅,中国移动营业厅,广东省,深圳市,光明区,113.987838,22.736743
727,菜鸟驿站(明浪路),生活服务,物流速递,物流速递,广东省,深圳市,光明区,113.9889,22.732056
728,京东货运分拣中心,生活服务,物流速递,物流速递,广东省,深圳市,光明区,113.988946,22.732071
729,深圳市大和兴搬迁运输有限公司,生活服务,物流速递,物流速递,广东省,深圳市,宝安区,113.966359,22.683243
730,龙华区新围物流园,生活服务,物流速递,物流仓储场地,广东省,深圳市,龙华区,113.977359,22.690373
731,中国邮政(水田支局),生活服务,邮局,邮局,广东省,深圳市,宝安区,113.962857,22.683395
732,盛辉物流大浪分公司,生活服务,物流速递,物流速递,广东省,深圳市,龙华区,113.976348,22.687919
733,金捷达物流,生活服务,物流速递,物流速递,广东省,深圳市,龙华区,113.977105,22.687788
734,龙华致远物流,生活服务,物流速递,物流速递,广东省,深圳市,龙华区,113.976748,22.688063
735,尊龙物流(华宁路),生活服务,物流速递,物流速递,广东省,深圳市,龙华区,113.977274,22.688075
736,浙商物流,生活服务,物流速递,物流速递,广东省,深圳市,龙华区,113.97699,22.687745
737,伟超捷快运,生活服务,物流速递,物流速递,广东省,深圳市,龙华区,113.976898,22.688186
738,八骏货运香港专线,生活服务,物流速递,物流速递,广东省,深圳市,龙华区,113.976834,22.68791
739,创越物流(罗泰路),生活服务,物流速递,物流速递,广东省,深圳市,龙华区,113.977382,22.688218
740,深达山物流,生活服务,物流速递,物流速递,广东省,深圳市,龙华区,113.977139,22.690429
741,中国电信(石岩汇邦名都店),生活服务,电讯营业厅,中国电信营业厅,广东省,深圳市,宝安区,113.970618,22.690914
742,鸿运达物流,生活服务,物流速递,物流速递,广东省,深圳市,龙华区,113.97663,22.688194
743,龙兴物流,生活服务,物流速递,物流速递,广东省,深圳市,龙华区,113.977072,22.68857
744,顺亿北方物流,生活服务,物流速递,物流速递,广东省,深圳市,龙华区,113.976969,22.688415
745,鑫金达物流,生活服务,物流速递,物流速递,广东省,深圳市,龙华区,113.976698,22.688395
746,金链物流,生活服务,物流速递,物流速递,广东省,深圳市,龙华区,113.977092,22.688637
747,中国电信(上横朗营业厅),生活服务,电讯营业厅,中国电信营业厅,广东省,深圳市,龙华区,113.98181,22.677971
748,深圳东风快运,生活服务,物流速递,物流速递,广东省,深圳市,龙华区,113.977248,22.688011
749,创世通达物流,生活服务,物流速递,物流速递,广东省,深圳市,龙华区,113.977517,22.688482
750,景光物流(兴强苑山庄南),生活服务,物流速递,物流速递,广东省,深圳市,龙华区,113.976699,22.68844
751,骏安物流,生活服务,物流速递,物流速递,广东省,深圳市,龙华区,113.976707,22.688545
752,韵达速递,生活服务,物流速递,物流速递,广东省,深圳市,龙华区,113.97677,22.688544
753,中铁快运,生活服务,物流速递,物流速递,广东省,深圳市,龙华区,113.976716,22.688595
754,菜鸟驿站(深圳石岩捷家宝路5号店),生活服务,物流速递,物流速递,广东省,深圳市,宝安区,113.965511,22.685528
755,浩亚物流,生活服务,物流速递,物流速递,广东省,深圳市,龙华区,113.977122,22.688513
756,中通快递,生活服务,物流速递,物流速递,广东省,深圳市,龙华区,113.979823,22.677579
757,东日昇物流,生活服务,物流速递,物流速递,广东省,深圳市,龙华区,113.976878,22.688759
758,壹米滴答孟源物流(华宁路),生活服务,物流速递,物流速递,广东省,深圳市,龙华区,113.977234,22.687977
759,中国邮政,生活服务,邮局,邮局,广东省,深圳市,宝安区,113.969835,22.691674
760,深圳市新星物流有限公司,生活服务,物流速递,物流速递,广东省,深圳市,龙华区,113.976791,22.688692
761,中国移动,生活服务,电讯营业厅,中国移动营业厅,广东省,深圳市,宝安区,113.970629,22.692101
762,顺丰速运(水田新村路店),生活服务,物流速递,物流速递,广东省,深圳市,宝安区,113.960808,22.681314
763,菜鸟驿站(深圳石岩捷家宝路7号服务中心店),生活服务,物流速递,物流速递,广东省,深圳市,宝安区,113.965487,22.685409
764,菜鸟快递,生活服务,物流速递,物流速递,广东省,深圳市,龙华区,113.977345,22.674237
765,捷诚丰物流,生活服务,物流速递,物流速递,广东省,深圳市,南山区,113.970742,22.631701
766,中国移动,生活服务,电讯营业厅,中国移动营业厅,广东省,深圳市,南山区,113.970631,22.629055
767,菜鸟驿站(王京坑佰利捷便利店),生活服务,物流速递,物流速递,广东省,深圳市,南山区,113.971472,22.629558
768,优速快递(深圳南山十二部),生活服务,物流速递,物流速递,广东省,深圳市,南山区,113.971997,22.627616
769,申通快递,生活服务,物流速递,物流速递,广东省,深圳市,南山区,113.973608,22.625749
770,菜鸟驿站(深圳南山王京坑村32号店),生活服务,物流速递,物流速递,广东省,深圳市,南山区,113.97154,22.62836
771,中铁快运(同旺工业园),生活服务,物流速递,物流速递,广东省,深圳市,南山区,113.95274,22.63422
772,圆通快递,生活服务,物流速递,物流速递,广东省,深圳市,南山区,113.973194,22.624012
773,百世快递,生活服务,物流速递,物流速递,广东省,深圳市,南山区,113.973095,22.623385
774,中通快递,生活服务,物流速递,物流速递,广东省,深圳市,南山区,113.952336,22.636316
775,极兔速递,生活服务,物流速递,物流速递,广东省,深圳市,南山区,113.95229,22.636341
776,海大装饰物流中心,生活服务,物流速递,物流速递,广东省,深圳市,南山区,113.97289,22.62222
777,顺丰速运(麻堪营业点),生活服务,物流速递,物流速递,广东省,深圳市,南山区,113.952235,22.633907
778,百世邻里,生活服务,物流速递,物流速递,广东省,深圳市,南山区,113.980715,22.623379
779,菜鸟驿站(康苑店),生活服务,物流速递,物流速递,广东省,深圳市,南山区,113.978032,22.622364
780,中通快递,生活服务,物流速递,物流速递,广东省,深圳市,南山区,113.979467,22.622426
781,顺丰速运店,生活服务,物流速递,物流速递,广东省,深圳市,南山区,113.973132,22.623301
782,菜鸟驿站(深圳麻磡村南54栋店),生活服务,物流速递,物流速递,广东省,深圳市,南山区,113.95212,22.635973
783,深圳市迅安通汽车运输有限公司,生活服务,物流速递,物流速递,广东省,深圳市,南山区,113.966637,22.59524
784,深圳大学城荷园快递服务中心,生活服务,物流速递,物流速递,广东省,深圳市,南山区,113.967621,22.593474
785,丰巢快递柜,生活服务,物流速递,物流速递,广东省,深圳市,南山区,113.962273,22.593271
786,联昊通快递,生活服务,物流速递,物流速递,广东省,深圳市,南山区,113.962779,22.590677
787,中国移动(西丽大学城店),生活服务,电讯营业厅,中国移动营业厅,广东省,深圳市,南山区,113.979077,22.591618
788,易速递,生活服务,物流速递,物流速递,广东省,深圳市,南山区,113.96566,22.590593
789,申通快递,生活服务,物流速递,物流速递,广东省,深圳市,南山区,113.976568,22.616051
790,白沙物流园,生活服务,物流速递,物流速递,广东省,深圳市,南山区,113.954057,22.562695
791,顺丰速运,生活服务,物流速递,物流速递,广东省,深圳市,南山区,113.973264,22.559876
792,浩森物流,生活服务,物流速递,物流速递,广东省,深圳市,南山区,113.971039,22.559495
793,中国电信(龙井营业厅),生活服务,电讯营业厅,中国电信营业厅,广东省,深圳市,南山区,113.979866,22.561535
794,韵达快递,生活服务,物流速递,物流速递,广东省,深圳市,南山区,113.97624,22.561022
795,快捷快递,生活服务,物流速递,物流速递,广东省,深圳市,南山区,113.970785,22.559712
796,易速递,生活服务,物流速递,物流速递,广东省,深圳市,南山区,113.970361,22.559428
797,深圳市西丽邮政支局,生活服务,邮局,邮局,广东省,深圳市,南山区,113.952974,22.575136
798,新屋村邮政代办所,生活服务,邮局,邮局,广东省,深圳市,南山区,113.96612,22.569041
799,中国移动(龙珠服营厅),生活服务,电讯营业厅,中国移动营业厅,广东省,深圳市,南山区,113.980471,22.561364
800,菜鸟驿站(深圳南山龙井村西区49号店),生活服务,物流速递,物流速递,广东省,深圳市,南山区,113.97364,22.55994
801,丰达中诚国际货运代理有限公司,生活服务,物流速递,物流速递,广东省,深圳市,南山区,113.971295,22.559097
802,中国移动(华侨城服务厅),生活服务,电讯营业厅,中国移动营业厅,广东省,深圳市,南山区,113.982786,22.536395
803,中国电信(白石洲服务厅),生活服务,电讯营业厅,中国电信营业厅,广东省,深圳市,南山区,113.968422,22.532602
804,丰巢快递柜,生活服务,物流速递,物流速递,广东省,深圳市,南山区,113.968757,22.531156
805,钢筋加工配送中心,生活服务,物流速递,物流速递,广东省,深圳市,南山区,113.982022,22.521518
806,中通快递,生活服务,物流速递,物流速递,广东省,深圳市,南山区,113.967648,22.533499
807,中国电信沙河白石洲创联达服务厅,生活服务,电讯营业厅,中国电信营业厅,广东省,深圳市,南山区,113.968978,22.532155
808,中国电信(华侨城营业厅),生活服务,电讯营业厅,中国电信营业厅,广东省,深圳市,南山区,113.982026,22.537739
809,圆通速递,生活服务,物流速递,物流速递,广东省,深圳市,南山区,113.969857,22.53263
810,菜鸟驿站(白石洲东四方店),生活服务,物流速递,物流速递,广东省,深圳市,南山区,113.969379,22.532755
811,白石洲中国移动社区服务站,生活服务,电讯营业厅,中国移动营业厅,广东省,深圳市,南山区,113.968062,22.534769
812,中通速递(樟阁路),生活服务,物流速递,物流速递,广东省,深圳市,龙华区,114.018306,22.747802
813,菜鸟驿站,生活服务,物流速递,物流速递,广东省,深圳市,龙华区,114.017302,22.749185
814,申通快递章阁总部,生活服务,物流速递,物流速递,广东省,深圳市,龙华区,114.01495,22.747617
815,韵达速递,生活服务,物流速递,物流速递,广东省,深圳市,龙华区,114.01744,22.74765
816,中国电信澳门小区营业厅,生活服务,电讯营业厅,中国电信营业厅,广东省,深圳市,龙华区,114.020281,22.746398
817,中国移动,生活服务,电讯营业厅,中国移动营业厅,广东省,深圳市,龙华区,114.017414,22.744059
818,速尔快递观澜中心,生活服务,物流速递,物流速递,广东省,深圳市,龙华区,114.028897,22.753121
819,深圳市争运物流有限公司,生活服务,物流速递,物流速递,广东省,深圳市,龙华区,114.02723,22.755138
820,菜鸟驿站,生活服务,物流速递,物流速递,广东省,深圳市,龙华区,114.022143,22.747577
821,荣力物流,生活服务,物流速递,物流速递,广东省,深圳市,龙华区,114.024901,22.747098
822,菜鸟驿站(章阁老村东区170号店),生活服务,物流速递,物流速递,广东省,深圳市,龙华区,114.018192,22.747816
823,中通速递(樟阁路),生活服务,物流速递,物流速递,广东省,深圳市,龙华区,114.018354,22.743093
824,中国电信(龙华区章阁营业厅),生活服务,电讯营业厅,中国电信营业厅,广东省,深圳市,龙华区,114.017804,22.743739
825,顺丰速运(志扬广场店),生活服务,物流速递,物流速递,广东省,深圳市,龙华区,114.016787,22.743574
826,顺丰速运(章阁市场营业站),生活服务,物流速递,物流速递,广东省,深圳市,龙华区,114.019554,22.746198
827,申通快递,生活服务,物流速递,物流速递,广东省,深圳市,龙华区,114.018317,22.743541
828,亿联通讯中国电信(万胜店),生活服务,电讯营业厅,中国电信营业厅,广东省,深圳市,龙华区,114.015438,22.729228
829,菜鸟驿站(深圳观澜大水坑金富苑店),生活服务,物流速递,物流速递,广东省,深圳市,龙华区,114.012597,22.725771
830,中通快递(观澜收派点),生活服务,物流速递,物流速递,广东省,深圳市,龙华区,114.015346,22.726571
831,德邦(福民营业部),生活服务,物流速递,物流速递,广东省,深圳市,龙华区,114.028883,22.717953
832,中国电信(大水坑营业厅),生活服务,电讯营业厅,中国电信营业厅,广东省,深圳市,龙华区,114.013679,22.732143
833,韵达(大水坑3村165栋合作代办点),生活服务,物流速递,物流速递,广东省,深圳市,龙华区,114.012021,22.72679
834,百世快递自取点,生活服务,物流速递,物流速递,广东省,深圳市,龙华区,114.01435,22.72935
835,菜鸟驿站(百丽名苑店),生活服务,物流速递,物流速递,广东省,深圳市,龙华区,114.017294,22.72627
836,中国邮政大水坑邮政代办所,生活服务,物流速递,物流速递,广东省,深圳市,龙华区,114.014274,22.728302
837,菜鸟驿站(深圳大水坑二村轩雅公寓店),生活服务,物流速递,物流速递,广东省,深圳市,龙华区,114.00792,22.72547
838,菜鸟驿站(深圳大水坑三村202栋店),生活服务,物流速递,物流速递,广东省,深圳市,龙华区,114.0152,22.72598
839,菜鸟驿站(深圳观澜大三村163栋店),生活服务,物流速递,物流速递,广东省,深圳市,龙华区,114.012595,22.725807
840,菜鸟驿站(深圳大水坑二村轩雅公寓40栋店),生活服务,物流速递,物流速递,广东省,深圳市,龙华区,114.00792,22.72547
841,韵达,生活服务,物流速递,物流速递,广东省,深圳市,龙华区,114.01617,22.726295
842,菜鸟驿站(深圳观澜大水坑三村165栋店),生活服务,物流速递,物流速递,广东省,深圳市,龙华区,114.012065,22.727128
843,深圳联航国际物流有限公司,生活服务,物流速递,物流速递,广东省,深圳市,龙华区,114.011076,22.682159
844,中国邮政(大浪邮政代办所),生活服务,邮局,邮局,广东省,深圳市,龙华区,114.00601,22.681107
845,百世快递,生活服务,物流速递,物流速递,广东省,深圳市,龙华区,114.012928,22.680803
846,原飞航物流,生活服务,物流速递,物流速递,广东省,深圳市,龙华区,114.014046,22.682006
847,百世快运大浪总部,生活服务,物流速递,物流速递,广东省,深圳市,龙华区,114.01281,22.680674
848,飘香阁邮政便民服务点,生活服务,邮局,邮局,广东省,深圳市,龙华区,114.001251,22.677063
849,中国移动(牛地埔营业厅),生活服务,电讯营业厅,中国移动营业厅,广东省,深圳市,龙华区,114.016942,22.661851
850,菜鸟驿站(喜洋洋莞永鸿分店),生活服务,物流速递,物流速递,广东省,深圳市,龙华区,114.010459,22.679052
851,韵达速递(大浪街道浪口村二区营业点),生活服务,物流速递,物流速递,广东省,深圳市,龙华区,114.010393,22.679518
852,菜鸟快递,生活服务,物流速递,物流速递,广东省,深圳市,龙华区,114.009138,22.685974
853,安能物流,生活服务,物流速递,物流速递,广东省,深圳市,龙华区,114.017,22.682793
854,腾讯王卡宽带驿站,生活服务,电讯营业厅,电讯营业厅,广东省,深圳市,龙华区,114.008184,22.677498
855,中国移动(龙胜营业厅),生活服务,电讯营业厅,中国移动营业厅,广东省,深圳市,龙华区,114.01192,22.643981
856,佳吉快运,生活服务,物流速递,物流速递,广东省,深圳市,龙华区,114.022354,22.63605
857,中国邮政龙华支局,生活服务,邮局,邮局,广东省,深圳市,龙华区,114.01575,22.655359
858,丰巢快递柜,生活服务,物流速递,物流速递,广东省,深圳市,龙华区,114.012177,22.643182
859,中国移动(龙华营业厅),生活服务,电讯营业厅,中国移动营业厅,广东省,深圳市,龙华区,114.027761,22.656028
860,顺丰速运,生活服务,物流速递,物流速递,广东省,深圳市,龙华区,114.008768,22.640756
861,联宇物流深圳子公司(联宇天翼),生活服务,物流速递,物流速递,广东省,深圳市,龙华区,114.011318,22.639721
862,中国联通(深圳龙华人民北营业厅),生活服务,电讯营业厅,中国联通营业厅,广东省,深圳市,龙华区,114.025972,22.65049
863,中国电信(上芬营业厅),生活服务,电讯营业厅,中国电信营业厅,广东省,深圳市,龙华区,114.016829,22.642393
864,顺丰速运(腾龙路店),生活服务,物流速递,物流速递,广东省,深圳市,龙华区,114.01387,22.638223
865,菜鸟驿站(深圳特发和平里1期F座70号店),生活服务,物流速递,物流速递,广东省,深圳市,龙华区,114.013673,22.642598
866,菜鸟驿站(南方科技大学),生活服务,物流速递,物流速递,广东省,深圳市,南山区,114.00066,22.59985
867,蜂巢快递箱,生活服务,物流速递,物流速递,广东省,深圳市,南山区,113.99929,22.600895
868,中国移动塘朗营业服务点,生活服务,电讯营业厅,中国移动营业厅,广东省,深圳市,南山区,113.999999,22.591994
869,中国移动塘朗服务厅,生活服务,电讯营业厅,中国移动营业厅,广东省,深圳市,南山区,113.998877,22.591636
870,中国联通南山宝能环球汇营业厅,生活服务,电讯营业厅,中国联通营业厅,广东省,深圳市,南山区,113.998576,22.59035
871,韵达快运(北站营业部),生活服务,物流速递,物流速递,广东省,深圳市,龙华区,114.025802,22.616221
872,中国电信(学苑大道营业厅),生活服务,电讯营业厅,中国电信营业厅,广东省,深圳市,南山区,114.000022,22.592262
873,中国移动,生活服务,电讯营业厅,中国移动营业厅,广东省,深圳市,龙华区,114.025904,22.616611
874,圆通速递,生活服务,物流速递,物流速递,广东省,深圳市,龙华区,114.024788,22.616447
875,中铁快运,生活服务,物流速递,物流速递,广东省,深圳市,福田区,114.015678,22.561662
876,圆通速递,生活服务,物流速递,物流速递,广东省,深圳市,福田区,114.018407,22.556228
877,中国移动(侨香营业厅),生活服务,电讯营业厅,中国移动营业厅,广东省,深圳市,福田区,114.013826,22.550983
878,中国移动(竹子林服务厅),生活服务,电讯营业厅,中国移动营业厅,广东省,深圳市,福田区,114.010591,22.534533
879,中国电信下沙店服务厅,生活服务,电讯营业厅,中国电信营业厅,广东省,深圳市,福田区,114.027217,22.523785
880,中旅仓库区,生活服务,物流速递,物流仓储场地,广东省,深圳市,南山区,113.994461,22.537898
881,竹子林邮政所,生活服务,邮局,邮局,广东省,深圳市,福田区,114.012804,22.535825
882,中国联通(深圳车公庙营业厅),生活服务,电讯营业厅,中国联通营业厅,广东省,深圳市,福田区,114.031078,22.531422
883,瑞航达国际货运代理有限公司,生活服务,物流速递,物流速递,广东省,深圳市,福田区,114.023571,22.530947
884,中国电信(下沙营业厅),生活服务,电讯营业厅,中国电信营业厅,广东省,深圳市,福田区,114.025118,22.528589
885,中国电信(广深联营业厅),生活服务,电讯营业厅,中国电信营业厅,广东省,深圳市,福田区,114.029631,22.524408
886,竹子林投递部,生活服务,邮局,邮政速递,广东省,深圳市,福田区,114.012654,22.535724
887,深国际华通源物流中心,生活服务,物流速递,物流速递,广东省,深圳市,龙华区,114.033045,22.760864
888,顺丰速运,生活服务,物流速递,物流速递,广东省,深圳市,龙华区,114.049336,22.7511
889,丰源顺物流,生活服务,物流速递,物流速递,广东省,深圳市,龙华区,114.037143,22.763955
890,韵达快递(观澜桂花站),生活服务,物流速递,物流速递,广东省,深圳市,龙华区,114.056216,22.745952
891,中国电信(桂香营业厅),生活服务,电讯营业厅,中国电信营业厅,广东省,深圳市,龙华区,114.057344,22.746516
892,深圳市诚信阅天下物流有限公司,生活服务,物流速递,物流速递,广东省,深圳市,龙华区,114.038511,22.759408
893,中国移动(4G企坪专营店),生活服务,电讯营业厅,中国移动营业厅,广东省,深圳市,龙华区,114.052224,22.74758
894,奔诚达物流,生活服务,物流速递,物流速递,广东省,深圳市,龙华区,114.049524,22.746685
895,金伟东北专线,生活服务,物流速递,物流速递,广东省,深圳市,龙华区,114.034563,22.761565
896,圆通速递,生活服务,物流速递,物流速递,广东省,深圳市,龙华区,114.035276,22.755553
897,湘吉泰物流,生活服务,物流速递,物流速递,广东省,深圳市,龙华区,114.033578,22.76114
898,中通快运,生活服务,物流速递,物流速递,广东省,深圳市,龙华区,114.044971,22.746218
899,童汇物流,生活服务,物流速递,物流速递,广东省,深圳市,龙华区,114.033325,22.762311
900,深意物流华通源营业部,生活服务,物流速递,物流速递,广东省,深圳市,龙华区,114.033319,22.76172
901,鑫正达物流,生活服务,物流速递,物流速递,广东省,深圳市,龙华区,114.03322,22.761425
902,京津冀物流,生活服务,物流速递,物流速递,广东省,深圳市,龙华区,114.033578,22.76114
903,哲创邮政便民服务点,生活服务,邮局,邮局,广东省,深圳市,龙华区,114.033255,22.753656
904,金鹏行物流,生活服务,物流速递,物流速递,广东省,深圳市,龙华区,114.032567,22.76158
905,顺丰速运,生活服务,物流速递,物流速递,广东省,深圳市,龙华区,114.042184,22.746831
906,中铁快运(观澜分部),生活服务,物流速递,物流速递,广东省,深圳市,龙华区,114.032942,22.761212
907,旺平达物流,生活服务,物流速递,物流速递,广东省,深圳市,龙华区,114.032719,22.762174
908,祥昌物流,生活服务,物流速递,物流速递,广东省,深圳市,龙华区,114.03254,22.761455
909,华佐桂香配送点,生活服务,物流速递,物流速递,广东省,深圳市,龙华区,114.058115,22.745293
910,中国邮政观澜支局,生活服务,邮局,邮局,广东省,深圳市,龙华区,114.05479,22.717893
911,菜鸟驿站(观澜阳光花园店),生活服务,物流速递,物流速递,广东省,深圳市,龙华区,114.049564,22.71896
912,联城邮政便民服务点,生活服务,邮局,邮局,广东省,深圳市,龙华区,114.04885,22.717642
913,中国电信(观澜大布巷营业厅),生活服务,电讯营业厅,中国电信营业厅,广东省,深圳市,龙华区,114.048832,22.717642
914,百世快递,生活服务,物流速递,物流速递,广东省,深圳市,龙华区,114.048822,22.717945
915,速递易,生活服务,物流速递,物流速递,广东省,深圳市,龙华区,114.056129,22.72048
916,菜鸟驿站(深圳观澜众安街75号店),生活服务,物流速递,物流速递,广东省,深圳市,龙华区,114.055313,22.720051
917,中国电信(民乐福营业厅),生活服务,电讯营业厅,中国电信营业厅,广东省,深圳市,龙华区,114.055282,22.715964
918,顺心捷达(龙华营业部),生活服务,物流速递,物流速递,广东省,深圳市,龙华区,114.049718,22.678431
919,快递e站,生活服务,物流速递,物流速递,广东省,深圳市,龙华区,114.049731,22.67728
920,中国移动(大和服营厅),生活服务,电讯营业厅,中国移动营业厅,广东省,深圳市,龙华区,114.04866,22.695499
921,招商澜园中通快递,生活服务,物流速递,物流速递,广东省,深圳市,龙华区,114.049072,22.685875
922,顺丰速运,生活服务,物流速递,物流速递,广东省,深圳市,龙华区,114.04963,22.676451
923,大和东奄村邮政所,生活服务,邮局,邮局,广东省,深圳市,龙华区,114.053109,22.687626
924,嘀嗒国际物流,生活服务,物流速递,物流速递,广东省,深圳市,龙华区,114.051901,22.676036
925,腾信国际物流(龙华分公司),生活服务,物流速递,物流速递,广东省,深圳市,龙华区,114.052123,22.676675
926,钧皓物流,生活服务,物流速递,物流速递,广东省,深圳市,龙华区,114.051733,22.675583
927,安能ane雪岗北路,生活服务,物流速递,物流速递,广东省,深圳市,龙华区,114.04951,22.675561
928,美泰物流网坂田服务厅,生活服务,物流速递,物流速递,广东省,深圳市,龙华区,114.049534,22.675569
929,上启国际物流(深圳)有限公司,生活服务,物流速递,物流速递,广东省,深圳市,龙华区,114.050539,22.676261
930,深圳市万祥国际货运代理,生活服务,物流速递,物流速递,广东省,深圳市,龙华区,114.051187,22.675483
931,乐航静发跨境物流,生活服务,物流速递,物流速递,广东省,深圳市,龙华区,114.058935,22.681279
932,菜鸟驿站(深圳招商澜园4栋兰桂坊店),生活服务,物流速递,物流速递,广东省,深圳市,龙华区,114.04719,22.68545
933,菜鸟驿站(深圳观澜大和村571栋店),生活服务,物流速递,物流速递,广东省,深圳市,龙华区,114.050806,22.687307
934,中国电信(清湖营业点),生活服务,电讯营业厅,中国电信营业厅,广东省,深圳市,龙华区,114.047097,22.668624
935,中国电信(鹏志网络),生活服务,电讯营业厅,中国电信营业厅,广东省,深圳市,龙华区,114.052622,22.641481
936,耀丰通运,生活服务,物流速递,物流速递,广东省,深圳市,龙华区,114.048995,22.641104
937,顺丰速运(富豪新村二巷),生活服务,物流速递,物流速递,广东省,深圳市,龙华区,114.051723,22.640932
938,快捷快递(水斗富豪新村),生活服务,物流速递,物流速递,广东省,深圳市,龙华区,114.052359,22.642249
939,中国电信,生活服务,电讯营业厅,中国电信营业厅,广东省,深圳市,龙华区,114.053249,22.642302
940,菜鸟驿站,生活服务,物流速递,物流速递,广东省,深圳市,龙华区,114.05222,22.641048
941,天天快递,生活服务,物流速递,物流速递,广东省,深圳市,龙华区,114.053616,22.641566
942,申通快递,生活服务,物流速递,物流速递,广东省,深圳市,龙华区,114.052842,22.642382
943,云途物流(龙华营业部),生活服务,物流速递,物流速递,广东省,深圳市,龙华区,114.050414,22.641958
944,圆通速递(富豪新村十二巷),生活服务,物流速递,物流速递,广东省,深圳市,龙华区,114.053253,22.641747
945,水斗富豪韵达快递代理点,生活服务,物流速递,物流速递,广东省,深圳市,龙华区,114.05183,22.641952
946,综合服务处,生活服务,电讯营业厅,电讯营业厅,广东省,深圳市,龙华区,114.05241,22.641446
947,货拉拉龙华培训门店,生活服务,物流速递,物流速递,广东省,深圳市,龙华区,114.049984,22.64165
948,中国移动(坂田沟通100营业厅),生活服务,电讯营业厅,中国移动营业厅,广东省,深圳市,龙岗区,114.063467,22.634824
949,中国邮政速递物流,生活服务,物流速递,物流速递,广东省,深圳市,龙华区,114.053317,22.642377
950,小狮快送龙华营业部,生活服务,物流速递,物流速递,广东省,深圳市,龙华区,114.048737,22.642043
951,兰亭国际物流,生活服务,物流速递,物流速递,广东省,深圳市,龙华区,114.052205,22.639081
952,深圳市华航运物流有限公司,生活服务,物流速递,物流速递,广东省,深圳市,龙华区,114.051467,22.639445
953,百事快递,生活服务,物流速递,物流速递,广东省,深圳市,龙华区,114.050287,22.638772
954,冠廷速递(深圳)有限公司,生活服务,物流速递,物流速递,广东省,深圳市,龙华区,114.048699,22.642764
955,扬程国际物流深圳分公司,生活服务,物流速递,物流速递,广东省,深圳市,龙华区,114.052456,22.63917
956,菜鸟驿站,生活服务,物流速递,物流速递,广东省,深圳市,龙华区,114.051234,22.601866
957,深国际华南物流,生活服务,物流速递,物流仓储场地,广东省,深圳市,龙华区,114.052599,22.614478
958,中国联通(民乐社区营业厅),生活服务,电讯营业厅,中国联通营业厅,广东省,深圳市,龙华区,114.050425,22.600866
959,丰巢快递箱,生活服务,物流速递,物流速递,广东省,深圳市,龙华区,114.052132,22.600849
960,中通速递民乐营业点,生活服务,物流速递,物流速递,广东省,深圳市,龙华区,114.052493,22.600683
961,韵达快递民乐服务点,生活服务,物流速递,物流速递,广东省,深圳市,龙华区,114.050687,22.599951
962,菜鸟驿站(壹站便利店),生活服务,物流速递,物流速递,广东省,深圳市,龙华区,114.050868,22.598443
963,顺丰速运(民乐东路),生活服务,物流速递,物流速递,广东省,深圳市,龙华区,114.052471,22.599881
964,菜鸟驿站,生活服务,物流速递,物流速递,广东省,深圳市,龙华区,114.050236,22.600216
965,百世汇通快递,生活服务,物流速递,物流速递,广东省,深圳市,龙华区,114.05182,22.599693
966,中国移动(民富路店),生活服务,电讯营业厅,中国移动营业厅,广东省,深圳市,龙华区,114.050044,22.599956
967,中国电信(万家灯火专营店),生活服务,电讯营业厅,中国电信营业厅,广东省,深圳市,龙华区,114.055229,22.600148
968,菜鸟驿站(深圳民乐老村65栋店),生活服务,物流速递,物流速递,广东省,深圳市,龙华区,114.05141,22.600245
969,丰巢快递柜,生活服务,物流速递,物流速递,广东省,深圳市,龙华区,114.054207,22.601193
970,中国邮政(深圳市梅林支局),生活服务,邮局,邮局,广东省,深圳市,福田区,114.048069,22.564978
971,中通速递,生活服务,物流速递,物流速递,广东省,深圳市,福田区,114.051884,22.563012
972,极兔速递,生活服务,物流速递,物流速递,广东省,深圳市,福田区,114.051594,22.562958
973,车来车往专业轿车托运,生活服务,物流速递,物流速递,广东省,深圳市,福田区,114.051799,22.563023
974,中国移动(景田北服务厅),生活服务,电讯营业厅,中国移动营业厅,广东省,深圳市,福田区,114.043684,22.553769
975,速递易,生活服务,物流速递,物流速递,广东省,深圳市,福田区,114.05158,22.563219
976,韵达快递(梅华路),生活服务,物流速递,物流速递,广东省,深圳市,福田区,114.052698,22.56518
977,中国电信,生活服务,电讯营业厅,中国移动营业厅,广东省,深圳市,福田区,114.055379,22.564669
978,中国邮政,生活服务,邮局,邮局,广东省,深圳市,福田区,114.052236,22.565103
979,菜鸟驿站(上梅林祠堂村52栋中通快递),生活服务,物流速递,物流速递,广东省,深圳市,福田区,114.051956,22.56303
980,顺丰速运,生活服务,物流速递,物流速递,广东省,深圳市,福田区,114.049625,22.565902
981,蜂巢快递柜,生活服务,物流速递,物流速递,广东省,深圳市,福田区,114.051208,22.558992
982,菜鸟快递,生活服务,物流速递,物流速递,广东省,深圳市,福田区,114.053184,22.558687
983,中国移动(上梅林营业厅),生活服务,电讯营业厅,中国移动营业厅,广东省,深圳市,福田区,114.054777,22.564697
984,中国移动(石厦服务厅),生活服务,电讯营业厅,中国移动营业厅,广东省,深圳市,福田区,114.050168,22.522635
985,中国电信(石夏营业厅),生活服务,电讯营业厅,中国电信营业厅,广东省,深圳市,福田区,114.050753,22.521324
986,申通快递(皇岗营业点),生活服务,物流速递,物流速递,广东省,深圳市,福田区,114.057753,22.525604
987,顺丰速运(皇岗三街),生活服务,物流速递,物流速递,广东省,深圳市,福田区,114.064889,22.528294
988,中国电信(益田营业厅),生活服务,电讯营业厅,中国电信营业厅,广东省,深圳市,福田区,114.047295,22.517601
989,石厦电信营业厅,生活服务,电讯营业厅,中国电信营业厅,广东省,深圳市,福田区,114.050752,22.52133
990,源兴邮政代办所,生活服务,邮局,邮局,广东省,深圳市,福田区,114.050083,22.521294
991,中国电信(新洲营业厅),生活服务,电讯营业厅,中国电信营业厅,广东省,深圳市,福田区,114.045851,22.523298
992,优速快递,生活服务,物流速递,物流速递,广东省,深圳市,福田区,114.050259,22.521325
993,中国电信(新洲九街营业厅),生活服务,电讯营业厅,中国电信营业厅,广东省,深圳市,福田区,114.047258,22.52466
994,丹鸟快递,生活服务,物流速递,物流速递,广东省,深圳市,福田区,114.050187,22.520715
995,e栈(天虹商场福民店),生活服务,物流速递,物流速递,广东省,深圳市,福田区,114.052566,22.522428
996,百世汇通(牛湖石二村便民服务中心),生活服务,物流速递,物流速递,广东省,深圳市,龙华区,114.090516,22.72189
997,菜鸟驿站(维客佳),生活服务,物流速递,物流速递,广东省,深圳市,龙华区,114.091369,22.724084
998,菜鸟驿站,生活服务,物流速递,物流速递,广东省,深圳市,龙华区,114.092784,22.724099
999,顺丰速运,生活服务,物流速递,物流速递,广东省,深圳市,龙华区,114.094291,22.721197
1000,韵达快递(石头分部),生活服务,物流速递,物流速递,广东省,深圳市,龙华区,114.088374,22.720854
1001,蜂羽物流,生活服务,物流速递,物流速递,广东省,深圳市,龙华区,114.091244,22.725144
1002,韩中物流集团,生活服务,物流速递,物流速递,广东省,深圳市,龙华区,114.095588,22.723775
1003,中通快运,生活服务,物流速递,物流速递,广东省,深圳市,龙华区,114.090981,22.717331
1004,深圳市铭可达物流有限公司,生活服务,物流速递,物流速递,广东省,深圳市,龙华区,114.106638,22.72048
1005,深圳市盛鑫达物流有限公司,生活服务,物流速递,物流速递,广东省,深圳市,龙华区,114.086894,22.719658
1006,菜鸟驿站(凌屋小区店),生活服务,物流速递,物流速递,广东省,深圳市,龙华区,114.097191,22.721071
1007,菜鸟驿站(深圳观澜石一新村47号店),生活服务,物流速递,物流速递,广东省,深圳市,龙华区,114.08744,22.72008
1008,中通快递(金倡达店),生活服务,物流速递,物流速递,广东省,深圳市,龙华区,114.082897,22.683853
1009,安捷利国际物流,生活服务,物流速递,物流速递,广东省,深圳市,龙华区,114.082647,22.684486
1010,华洋达国际货运仓库,生活服务,物流速递,物流速递,广东省,深圳市,龙华区,114.081642,22.679667
1011,中国电信,生活服务,电讯营业厅,中国电信营业厅,广东省,深圳市,龙岗区,114.098422,22.691014
1012,深圳市聚成国际货运代理有限公司,生活服务,物流速递,物流速递,广东省,深圳市,龙华区,114.082875,22.682037
1013,中国移动通信,生活服务,电讯营业厅,中国移动营业厅,广东省,深圳市,龙岗区,114.098494,22.690919
1014,中国电信,生活服务,电讯营业厅,中国电信营业厅,广东省,深圳市,龙华区,114.078153,22.685591
1015,菜鸟驿站(深圳观澜樟坑径上围工业区店),生活服务,物流速递,物流速递,广东省,深圳市,龙华区,114.082867,22.683466
1016,五洲国际货运,生活服务,物流速递,物流速递,广东省,深圳市,龙华区,114.100021,22.689074
1017,中通快递寄件点,生活服务,物流速递,物流速递,广东省,深圳市,龙岗区,114.098296,22.690777
1018,菜鸟驿站(深圳观澜樟坑径上围路店),生活服务,物流速递,物流速递,广东省,深圳市,龙华区,114.081917,22.679683
1019,上围衡易通邮政便民服务点,生活服务,邮局,邮局,广东省,深圳市,龙华区,114.079037,22.681873
1020,五洲国际货运靖云达龙岗营业部,生活服务,物流速递,物流速递,广东省,深圳市,龙华区,114.099913,22.688973
1021,壹米滴答,生活服务,物流速递,物流速递,广东省,深圳市,龙华区,114.091256,22.69449
1022,天地华宇,生活服务,物流速递,物流速递,广东省,深圳市,龙华区,114.091007,22.694527
1023,优速快递(观兰高新一部),生活服务,物流速递,物流速递,广东省,深圳市,龙华区,114.072438,22.684834
1024,菜鸟驿站(辅城坳白龙头一巷八号店),生活服务,物流速递,物流速递,广东省,深圳市,龙岗区,114.098454,22.69066
1025,菜鸟驿站(深圳观澜中森公园华府站),生活服务,物流速递,物流速递,广东省,深圳市,龙华区,114.087706,22.692223
1026,丰巢快递柜,生活服务,物流速递,物流速递,广东省,深圳市,龙华区,114.086872,22.694644
1027,拓途国际物流,生活服务,物流速递,物流速递,广东省,深圳市,龙岗区,114.090057,22.641629
1028,快越达物流,生活服务,物流速递,物流速递,广东省,深圳市,龙岗区,114.091058,22.639991
1029,中国电信,生活服务,电讯营业厅,中国电信营业厅,广东省,深圳市,龙岗区,114.089183,22.63966
1030,万色速递有限公司,生活服务,物流速递,物流速递,广东省,深圳市,龙岗区,114.091849,22.640605
1031,中航运通国际物流,生活服务,物流速递,物流速递,广东省,深圳市,龙岗区,114.089818,22.643399
1032,上华信丰物流,生活服务,物流速递,物流速递,广东省,深圳市,龙岗区,114.089681,22.643368
1033,圆通快递(科技园店),生活服务,物流速递,物流速递,广东省,深圳市,龙岗区,114.089134,22.640376
1034,深圳市永航达国际货运有限公司总部,生活服务,物流速递,物流速递,广东省,深圳市,龙岗区,114.091812,22.643544
1035,欧美日本专线,生活服务,物流速递,物流速递,广东省,深圳市,龙岗区,114.091517,22.638367
1036,中昌晟物流,生活服务,物流速递,物流速递,广东省,深圳市,龙岗区,114.089601,22.644712
1037,拓威天海(深圳分部),生活服务,物流速递,物流速递,广东省,深圳市,龙岗区,114.09181,22.645285
1038,壹米滴答-孟源物流,生活服务,物流速递,物流速递,广东省,深圳市,龙岗区,114.091028,22.637851
1039,佳成国际物流(深圳坂田分公司),生活服务,物流速递,物流速递,广东省,深圳市,龙岗区,114.089626,22.643304
1040,深圳市安途国际物流有限公司,生活服务,物流速递,物流速递,广东省,深圳市,龙岗区,114.089685,22.643947
1041,程德馨官酱园(深圳)股份有限公司坂田配送站,生活服务,物流速递,物流速递,广东省,深圳市,龙岗区,114.090923,22.639996
1042,深圳市中贸国际货运代理有限公司龙岗分公司,生活服务,物流速递,物流速递,广东省,深圳市,龙岗区,114.090959,22.639903
1043,捷锐达国际物流(坂田分公司),生活服务,物流速递,物流速递,广东省,深圳市,龙岗区,114.088301,22.642002
1044,深圳市天成远达物流有限公司,生活服务,物流速递,物流速递,广东省,深圳市,龙岗区,114.089246,22.643916
1045,中通快运坂田一部,生活服务,物流速递,物流速递,广东省,深圳市,龙岗区,114.087215,22.641523
1046,壹米滴答·国源物流,生活服务,物流速递,物流速递,广东省,深圳市,龙岗区,114.091019,22.637742
1047,顺丰速运华为分部,生活服务,物流速递,物流速递,广东省,深圳市,龙岗区,114.092277,22.646495
1048,safeline,生活服务,物流速递,物流速递,广东省,深圳市,龙岗区,114.089064,22.645356
1049,百世快递深圳坂田三部,生活服务,物流速递,物流速递,广东省,深圳市,龙岗区,114.086816,22.641485
1050,深圳市中邮运国际物流有限公司,生活服务,物流速递,物流速递,广东省,深圳市,龙岗区,114.089698,22.644744
1051,螺纹钢型材配送,生活服务,物流速递,物流速递,广东省,深圳市,龙岗区,114.08701,22.639435
1052,深圳市海韵通国际物流有限公司,生活服务,物流速递,物流速递,广东省,深圳市,龙岗区,114.09239,22.645176
1053,顺丰速运,生活服务,物流速递,物流速递,广东省,深圳市,龙岗区,114.092314,22.646608
1054,深圳市好马快车物流有限公司,生活服务,物流速递,物流速递,广东省,深圳市,龙岗区,114.089886,22.638071
1055,丰巢快递柜,生活服务,物流速递,物流速递,广东省,深圳市,龙岗区,114.09862,22.609385
1056,圆通快递(细靓一路),生活服务,物流速递,物流速递,广东省,深圳市,龙岗区,114.102957,22.606114
1057,菜鸟驿站(深圳龙岗嘉升苑店),生活服务,物流速递,物流速递,广东省,深圳市,龙岗区,114.101798,22.606107
1058,菜鸟驿站(青青家园),生活服务,物流速递,物流速递,广东省,深圳市,龙岗区,114.101529,22.611889
1059,小北定制,生活服务,物流速递,物流速递,广东省,深圳市,龙岗区,114.105775,22.605571
1060,中通快递,生活服务,物流速递,物流速递,广东省,深圳市,龙岗区,114.101254,22.612167
1061,丰巢快递柜,生活服务,物流速递,物流速递,广东省,深圳市,龙岗区,114.102631,22.61131
1062,韵达快递(德福分部),生活服务,物流速递,物流速递,广东省,深圳市,龙岗区,114.105913,22.596678
1063,泥岗中国移动,生活服务,电讯营业厅,中国移动营业厅,广东省,深圳市,罗湖区,114.098612,22.567648
1064,丰巢快递柜,生活服务,物流速递,物流速递,广东省,深圳市,福田区,114.09008,22.563238
1065,韵达快递代,生活服务,物流速递,物流速递,广东省,深圳市,福田区,114.094006,22.561531
1066,百世快递,生活服务,物流速递,物流速递,广东省,深圳市,福田区,114.094393,22.560966
1067,中国联通(百花路营业厅),生活服务,电讯营业厅,中国移动营业厅,广东省,深圳市,福田区,114.094473,22.552654
1068,中国邮政(罗湖分局),生活服务,邮局,邮政速递,广东省,深圳市,罗湖区,114.103553,22.569228
1069,顺丰(关内服务站),生活服务,物流速递,物流速递,广东省,深圳市,福田区,114.096265,22.560973
1070,速尔快递(八卦岭分公司),生活服务,物流速递,物流速递,广东省,深圳市,福田区,114.096488,22.560669
1071,中国邮政(八卦岭邮政支局),生活服务,邮局,邮局,广东省,深圳市,福田区,114.099486,22.556563
1072,申通快递(深圳华强北营业部),生活服务,物流速递,物流速递,广东省,深圳市,福田区,114.091968,22.545417
1073,中国电信(园岭营业厅),生活服务,电讯营业厅,中国电信营业厅,广东省,深圳市,福田区,114.10053,22.552629
1074,申通快递,生活服务,物流速递,物流速递,广东省,深圳市,福田区,114.080602,22.532143
1075,顺丰速运(御景华城办公楼西南),生活服务,物流速递,物流速递,广东省,深圳市,福田区,114.085592,22.531583
1076,中国邮政(福田代办所),生活服务,邮局,邮局,广东省,深圳市,福田区,114.08136,22.531818
1077,深圳飞翔物流有限公司,生活服务,物流速递,物流速递,广东省,深圳市,福田区,114.077649,22.528132
1078,中国电信(福田南服务厅),生活服务,电讯营业厅,中国电信营业厅,广东省,深圳市,福田区,114.082314,22.530158
1079,中国电信(装修中),生活服务,电讯营业厅,中国电信营业厅,广东省,深圳市,福田区,114.081728,22.537662
1080,顺丰速运(嘿客店),生活服务,物流速递,物流速递,广东省,深圳市,福田区,114.091391,22.539561
1081,中国移动(福田南营业厅),生活服务,电讯营业厅,中国移动营业厅,广东省,深圳市,福田区,114.077956,22.533376
1082,顺丰速运,生活服务,物流速递,物流速递,广东省,深圳市,福田区,114.085337,22.530502
1083,中通速递(华强南部),生活服务,物流速递,物流速递,广东省,深圳市,福田区,114.085346,22.53064
1084,中国电信巴登村,生活服务,电讯营业厅,中国电信营业厅,广东省,深圳市,福田区,114.100484,22.538204
1085,申通快递(赤尾店),生活服务,物流速递,物流速递,广东省,深圳市,福田区,114.085323,22.530638
1086,路达物流,生活服务,物流速递,物流速递,广东省,深圳市,龙岗区,114.133216,22.681611
1087,万荣物流(富安大道),生活服务,物流速递,物流速递,广东省,深圳市,龙岗区,114.133334,22.681631
1088,极兔速递,生活服务,物流速递,物流速递,广东省,深圳市,龙岗区,114.130683,22.680755
1089,中国移动(华南城服务厅),生活服务,电讯营业厅,中国移动营业厅,广东省,深圳市,龙岗区,114.126399,22.677262
1090,金泉物流,生活服务,物流速递,物流速递,广东省,深圳市,龙岗区,114.133064,22.681221
1091,金华航物流,生活服务,物流速递,物流速递,广东省,深圳市,龙岗区,114.133398,22.681583
1092,中国电信(华南城营业厅),生活服务,电讯营业厅,中国电信营业厅,广东省,深圳市,龙岗区,114.126315,22.677262
1093,杰之通物流,生活服务,物流速递,物流速递,广东省,深圳市,龙岗区,114.133207,22.681618
1094,平湖5G智慧生活馆,生活服务,电讯营业厅,中国移动营业厅,广东省,深圳市,龙岗区,114.135313,22.682331
1095,狮鑫物流,生活服务,物流速递,物流速递,广东省,深圳市,龙岗区,114.133532,22.681184
1096,狮鑫物流深圳平湖办,生活服务,物流速递,物流速递,广东省,深圳市,龙岗区,114.133865,22.680956
1097,一正达·林秋速运,生活服务,物流速递,物流速递,广东省,深圳市,龙岗区,114.133677,22.681013
1098,深圳德坤物流有限公司,生活服务,物流速递,物流速递,广东省,深圳市,龙岗区,114.133843,22.680511
1099,广明物流,生活服务,物流速递,物流速递,广东省,深圳市,龙岗区,114.133703,22.681087
1100,华润万家标超南区(华南西苑),生活服务,物流速递,物流速递,广东省,深圳市,龙岗区,114.123707,22.681836
1101,孟元物流(平湖营业部),生活服务,物流速递,物流速递,广东省,深圳市,龙岗区,114.133834,22.680153
1102,深圳飞祥发物流有限公司,生活服务,物流速递,物流速递,广东省,深圳市,龙岗区,114.133594,22.681547
1103,闽晟兴物流,生活服务,物流速递,物流速递,广东省,深圳市,龙岗区,114.134482,22.680697
1104,柏山物流,生活服务,物流速递,物流速递,广东省,深圳市,龙岗区,114.133932,22.681361
1105,赣峰物流,生活服务,物流速递,物流速递,广东省,深圳市,龙岗区,114.133902,22.680214
1106,驰骋天下货运部,生活服务,物流速递,物流速递,广东省,深圳市,龙岗区,114.13391,22.680906
1107,欣荣物流,生活服务,物流速递,物流速递,广东省,深圳市,龙岗区,114.134062,22.681408
1108,深圳市中进国际货运代理有限公司,生活服务,物流速递,物流速递,广东省,深圳市,龙岗区,114.132779,22.681563
1109,宇鑫物流,生活服务,物流速递,物流速递,广东省,深圳市,龙岗区,114.133721,22.680404
1110,深圳市豫龙物流有限公司,生活服务,物流速递,物流速递,广东省,深圳市,龙岗区,114.13358,22.68082
1111,乾龙物流信息交易中心,生活服务,物流速递,物流速递,广东省,深圳市,龙岗区,114.134335,22.680282
1112,景光物流(平安大道),生活服务,物流速递,物流速递,广东省,深圳市,龙岗区,114.134487,22.68064
1113,中国联通华南城营业厅,生活服务,电讯营业厅,中国联通营业厅,广东省,深圳市,龙岗区,114.13055,22.677544
1114,嘉里大通物流,生活服务,物流速递,物流速递,广东省,深圳市,龙岗区,114.134627,22.679893
1115,中国移动5G+智慧生活馆,生活服务,电讯营业厅,中国移动营业厅,广东省,深圳市,龙岗区,114.135475,22.682364
1116,盛辉物流平湖华南城分公司,生活服务,物流速递,物流速递,广东省,深圳市,龙岗区,114.13411,22.681222
1117,顺丰速运,生活服务,物流速递,物流速递,广东省,深圳市,龙岗区,114.133472,22.684782
1118,德邦快递,生活服务,物流速递,物流速递,广东省,深圳市,龙岗区,114.132068,22.677798
1119,中国移动,生活服务,电讯营业厅,中国移动营业厅,广东省,深圳市,龙岗区,114.136327,22.682421
1120,乾龙物流园,生活服务,物流速递,物流仓储场地,广东省,深圳市,龙岗区,114.13461,22.680572
1121,飞腾国际联运,生活服务,物流速递,物流速递,广东省,深圳市,龙岗区,114.134968,22.679376
1122,深圳中外运平湖物流中心,生活服务,物流速递,物流速递,广东省,深圳市,龙岗区,114.146357,22.64115
1123,中国电信(下李朗营业厅),生活服务,电讯营业厅,中国电信营业厅,广东省,深圳市,龙岗区,114.13399,22.638632
1124,菜鸟驿站,生活服务,物流速递,物流速递,广东省,深圳市,龙岗区,114.131774,22.638081
1125,申通快递下李朗代收点,生活服务,物流速递,物流速递,广东省,深圳市,龙岗区,114.133865,22.640298
1126,深圳市鑫邦德物流有限公司,生活服务,物流速递,物流速递,广东省,深圳市,龙岗区,114.133265,22.646414
1127,韵达快递,生活服务,物流速递,物流速递,广东省,深圳市,龙岗区,114.12864,22.644283
1128,中国电信(李朗营业厅),生活服务,电讯营业厅,中国电信营业厅,广东省,深圳市,龙岗区,114.124916,22.648544
1129,菜鸟驿站(深圳南湾兆驰产业园宿舍楼B栋店),生活服务,物流速递,物流速递,广东省,深圳市,龙岗区,114.1311,22.6443
1130,丰巢快递柜,生活服务,物流速递,物流速递,广东省,深圳市,龙岗区,114.127495,22.642263
1131,长城物流,生活服务,物流速递,物流速递,广东省,深圳市,龙岗区,114.133766,22.637345
1132,菜鸟驿站(吓公岭店),生活服务,物流速递,物流速递,广东省,深圳市,龙岗区,114.13413,22.637453
1133,中港通国际物流,生活服务,物流速递,物流速递,广东省,深圳市,龙岗区,114.132747,22.646581
1134,首信物流,生活服务,物流速递,物流速递,广东省,深圳市,龙岗区,114.13384,22.646802
1135,汉深物流,生活服务,物流速递,物流速递,广东省,深圳市,龙岗区,114.134312,22.646608
1136,深圳东洪物流,生活服务,物流速递,物流速递,广东省,深圳市,龙岗区,114.133088,22.646685
1137,宝达顺物流,生活服务,物流速递,物流速递,广东省,深圳市,龙岗区,114.133356,22.646788
1138,环球物流,生活服务,物流速递,物流速递,广东省,深圳市,龙岗区,114.133826,22.647114
1139,菜鸟驿站(深圳龙岗南湾深朗南区5号店),生活服务,物流速递,物流速递,广东省,深圳市,龙岗区,114.128535,22.644106
1140,烨骏中港物流公司,生活服务,物流速递,物流速递,广东省,深圳市,龙岗区,114.133938,22.646596
1141,项氏物流,生活服务,物流速递,物流速递,广东省,深圳市,龙岗区,114.13341,22.64698
1142,和通物流,生活服务,物流速递,物流速递,广东省,深圳市,龙岗区,114.13428,22.64703
1143,广兴物流,生活服务,物流速递,物流速递,广东省,深圳市,龙岗区,114.135014,22.64665
1144,菜鸟驿站(深圳布吉深朗北区21号店),生活服务,物流速递,物流速递,广东省,深圳市,龙岗区,114.128388,22.645006
1145,诚顺物流湖南往返专线,生活服务,物流速递,物流速递,广东省,深圳市,龙岗区,114.133365,22.647038
1146,快行线物流,生活服务,物流速递,物流速递,广东省,深圳市,龙岗区,114.13325,22.647125
1147,百兴物流,生活服务,物流速递,物流速递,广东省,深圳市,龙岗区,114.134324,22.646641
1148,嘀途递物流,生活服务,物流速递,物流速递,广东省,深圳市,龙岗区,114.134166,22.647137
1149,菜鸟驿站(京南华庭店),生活服务,物流速递,物流速递,广东省,深圳市,龙岗区,114.13106,22.60225
1150,京东快递深圳木棉湾营业部,生活服务,物流速递,物流速递,广东省,深圳市,龙岗区,114.131815,22.601489
1151,百鸽笼邮政所,生活服务,邮局,邮局,广东省,深圳市,龙岗区,114.129478,22.600653
1152,中国移动通信(龙腾特约代理点),生活服务,电讯营业厅,中国移动营业厅,广东省,深圳市,龙岗区,114.134236,22.601203
1153,康达尔运输有限公司,生活服务,物流速递,物流速递,广东省,深圳市,龙岗区,114.12375,22.618346
1154,圆通快递(布吉木棉湾分部),生活服务,物流速递,物流速递,广东省,深圳市,龙岗区,114.133321,22.602688
1155,顺丰速运(罗岗街道办营业部),生活服务,物流速递,物流速递,广东省,深圳市,龙岗区,114.132074,22.600699
1156,正南物流,生活服务,物流速递,物流速递,广东省,深圳市,龙岗区,114.130245,22.604012
1157,ems投递站,生活服务,邮局,邮局,广东省,深圳市,龙岗区,114.129688,22.600875
1158,中国电信,生活服务,电讯营业厅,中国电信营业厅,广东省,深圳市,龙岗区,114.126983,22.600353
1159,深圳市真铁国际货运代理有限公司,生活服务,物流速递,物流速递,广东省,深圳市,龙岗区,114.12976,22.601221
1160,丰巢快递柜,生活服务,物流速递,物流速递,广东省,深圳市,龙岗区,114.134804,22.601102
1161,中国移动(泽峰电脑),生活服务,电讯营业厅,中国移动营业厅,广东省,深圳市,龙岗区,114.136359,22.600877
1162,圆通速递,生活服务,物流速递,物流速递,广东省,深圳市,龙岗区,114.136982,22.601356
1163,圆通速递,生活服务,物流速递,物流速递,广东省,深圳市,龙岗区,114.129724,22.597931
1164,中国联通(万科红生活广场店),生活服务,电讯营业厅,中国联通营业厅,广东省,深圳市,龙岗区,114.127266,22.598287
1165,速递易快件箱,生活服务,物流速递,物流速递,广东省,深圳市,龙岗区,114.134799,22.601098
1166,中国电信(田贝营业厅),生活服务,电讯营业厅,中国电信营业厅,广东省,深圳市,罗湖区,114.13052,22.562695
1167,中国邮政(田贝支局),生活服务,邮局,邮局,广东省,深圳市,罗湖区,114.128275,22.5666
1168,圆通速递,生活服务,物流速递,物流速递,广东省,深圳市,罗湖区,114.136783,22.563713
1169,中国联通(深圳翠竹路营业厅),生活服务,电讯营业厅,中国联通营业厅,广东省,深圳市,罗湖区,114.129034,22.561171
1170,顺丰速运,生活服务,物流速递,物流速递,广东省,深圳市,罗湖区,114.122542,22.563183
1171,中国移动(翠竹营业厅),生活服务,电讯营业厅,中国移动营业厅,广东省,深圳市,罗湖区,114.130185,22.561792
1172,中国电信(水贝营业厅),生活服务,电讯营业厅,中国电信营业厅,广东省,深圳市,罗湖区,114.128857,22.566031
1173,菜鸟驿站(深圳横岗卓然居3号商铺1店),生活服务,物流速递,物流速递,广东省,深圳市,龙岗区,114.170148,22.642556
1174,东风物流王,生活服务,物流速递,物流速递,广东省,深圳市,龙岗区,114.175482,22.642905
1175,菜鸟驿站(深圳横岗鸿丽苑102号店),生活服务,物流速递,物流速递,广东省,深圳市,龙岗区,114.175499,22.640241
1176,菜鸟驿站(深圳横岗深坑幸福小区二巷3号店),生活服务,物流速递,物流速递,广东省,深圳市,龙岗区,114.169139,22.636398
1177,中国电信,生活服务,电讯营业厅,中国电信营业厅,广东省,深圳市,龙岗区,114.176181,22.635887
1178,海港龙物流,生活服务,物流速递,物流速递,广东省,深圳市,龙岗区,114.166222,22.638025
1179,千鹏物流,生活服务,物流速递,物流速递,广东省,深圳市,龙岗区,114.165819,22.637449
1180,蓝美物流,生活服务,物流速递,物流速递,广东省,深圳市,龙岗区,114.164653,22.638628
1181,金秒物流,生活服务,物流速递,物流速递,广东省,深圳市,龙岗区,114.170436,22.635243
1182,顺丰速运(横岗街道办营业部),生活服务,物流速递,物流速递,广东省,深圳市,龙岗区,114.175626,22.637861
1183,成容物流,生活服务,物流速递,物流速递,广东省,深圳市,龙岗区,114.165,22.637586
1184,快盟运通湖南全境,生活服务,物流速递,物流速递,广东省,深圳市,龙岗区,114.164457,22.63872
1185,星马物流,生活服务,物流速递,物流速递,广东省,深圳市,龙岗区,114.165151,22.637287
1186,丰巢快递柜,生活服务,物流速递,物流速递,广东省,深圳市,龙岗区,114.178251,22.645882
1187,深坑邮政便民服务点,生活服务,邮局,邮局,广东省,深圳市,龙岗区,114.175924,22.634294
1188,中集E栈,生活服务,物流速递,物流速递,广东省,深圳市,龙岗区,114.178261,22.645885
1189,圆通快递,生活服务,物流速递,物流速递,广东省,深圳市,龙岗区,114.176434,22.63531
1190,荣晖物流,生活服务,物流速递,物流速递,广东省,深圳市,龙岗区,114.164464,22.637829
1191,中国邮政(深坑代办所),生活服务,物流速递,物流速递,广东省,深圳市,龙岗区,114.1764,22.635707
1192,深圳市辉燕物流有限公司,生活服务,物流速递,物流速递,广东省,深圳市,龙岗区,114.16503,22.637766
1193,深圳市兴诚源物流有限公司,生活服务,物流速递,物流速递,广东省,深圳市,龙岗区,114.164824,22.638395
1194,中国电信南湾营业厅,生活服务,电讯营业厅,中国电信营业厅,广东省,深圳市,罗湖区,114.164638,22.607239
1195,京东星配(大望店),生活服务,物流速递,物流速递,广东省,深圳市,罗湖区,114.173304,22.603984
1196,深圳市龙岗区大望邮政代办所,生活服务,邮局,邮局,广东省,深圳市,罗湖区,114.170502,22.603274
1197,天天快递梧桐山营业厅,生活服务,物流速递,物流速递,广东省,深圳市,罗湖区,114.173563,22.60441
1198,菜鸟驿站(深圳罗湖大望村294栋店),生活服务,物流速递,物流速递,广东省,深圳市,罗湖区,114.172759,22.603654
1199,中国电信大望营业厅,生活服务,电讯营业厅,中国电信营业厅,广东省,深圳市,罗湖区,114.175472,22.601591
1200,圆通速递(大望分店),生活服务,物流速递,物流速递,广东省,深圳市,罗湖区,114.17614,22.598016
1201,包裹超市,生活服务,物流速递,物流速递,广东省,深圳市,罗湖区,114.177145,22.60169
1202,申通快递,生活服务,物流速递,物流速递,广东省,深圳市,罗湖区,114.178449,22.600841
1203,极兔速递,生活服务,物流速递,物流速递,广东省,深圳市,罗湖区,114.178386,22.600866
1204,中国移动(莲塘营业厅),生活服务,电讯营业厅,中国移动营业厅,广东省,深圳市,罗湖区,114.169776,22.563814
1205,中国电信(莲塘营业厅),生活服务,电讯营业厅,中国电信营业厅,广东省,深圳市,罗湖区,114.168083,22.563895
1206,中国邮政(莲塘投递部),生活服务,邮局,邮政速递,广东省,深圳市,罗湖区,114.172469,22.561448
1207,中国联通(莲塘营业厅),生活服务,电讯营业厅,中国联通营业厅,广东省,深圳市,罗湖区,114.168675,22.56169
1208,顺丰速运,生活服务,物流速递,物流速递,广东省,深圳市,罗湖区,114.170791,22.56197
1209,中通快递(莲塘岁宝点),生活服务,物流速递,物流速递,广东省,深圳市,罗湖区,114.17083,22.562727
1210,中国邮政集团公司深圳市莲塘邮政支局,生活服务,邮局,邮局,广东省,深圳市,罗湖区,114.172341,22.561476
1211,菜鸟驿站,生活服务,物流速递,物流速递,广东省,深圳市,罗湖区,114.172954,22.562011
1212,申通快递服务点,生活服务,物流速递,物流速递,广东省,深圳市,罗湖区,114.172707,22.562943
1213,中国电信坳下服务厅,生活服务,电讯营业厅,中国电信营业厅,广东省,深圳市,罗湖区,114.168086,22.563392
1214,快递超市,生活服务,物流速递,物流速递,广东省,深圳市,罗湖区,114.172672,22.5629
1215,腾讯王卡驿站,生活服务,电讯营业厅,电讯营业厅,广东省,深圳市,罗湖区,114.170037,22.562459
1216,中通快递(港莲路店),生活服务,物流速递,物流速递,广东省,深圳市,罗湖区,114.171879,22.558812
1217,菜鸟驿站(鸿威森林店),生活服务,物流速递,物流速递,广东省,深圳市,龙岗区,114.219025,22.750618
1218,圆通速递(妈妈驿站),生活服务,物流速递,物流速递,广东省,深圳市,龙岗区,114.219033,22.750679
1219,中国移动光纤宽带报装点,生活服务,电讯营业厅,中国移动营业厅,广东省,深圳市,龙岗区,114.226444,22.747392
1220,深圳市宝益速递服务有限公司,生活服务,物流速递,物流速递,广东省,深圳市,龙岗区,114.225178,22.746292
1221,菜鸟驿站(深圳五联朱古石路39号店),生活服务,物流速递,物流速递,广东省,深圳市,龙岗区,114.22655,22.74936
1222,菜鸟驿站,生活服务,物流速递,物流速递,广东省,深圳市,龙岗区,114.227859,22.744961
1223,明达国际货运代理公司,生活服务,物流速递,物流速递,广东省,深圳市,龙岗区,114.229469,22.745218
1224,菜鸟驿站(深圳五联朱古石小区六巷7号店),生活服务,物流速递,物流速递,广东省,深圳市,龙岗区,114.224705,22.747205
1225,快宝驿站,生活服务,物流速递,物流速递,广东省,深圳市,龙岗区,114.229574,22.744354
1226,菜鸟驿站(深圳龙城万科清林径3期207店),生活服务,物流速递,物流速递,广东省,深圳市,龙岗区,114.230247,22.752319
1227,长城宽带(清林路店),生活服务,电讯营业厅,电讯营业厅,广东省,深圳市,龙岗区,114.212885,22.719569
1228,中邮速递易,生活服务,物流速递,物流速递,广东省,深圳市,龙岗区,114.216746,22.721864
1229,菜鸟驿站(新秀新村店),生活服务,物流速递,物流速递,广东省,深圳市,龙岗区,114.218876,22.723566
1230,深圳市德纵国际物流有限公司,生活服务,物流速递,物流速递,广东省,深圳市,龙岗区,114.215255,22.718037
1231,嘉德信通国际物流有限公司,生活服务,物流速递,物流速递,广东省,深圳市,龙岗区,114.217557,22.722467
1232,菜鸟驿站(深圳横岗坳新路119号店),生活服务,物流速递,物流速递,广东省,深圳市,龙岗区,114.21206,22.67341
1233,中国移动深恒宇(幼二村)授权店(幼二村),生活服务,电讯营业厅,电讯营业厅,广东省,深圳市,龙岗区,114.212611,22.674263
1234,韵达快递,生活服务,物流速递,物流速递,广东省,深圳市,龙岗区,114.212054,22.671782
1235,中通深圳横岗公司,生活服务,物流速递,物流速递,广东省,深圳市,龙岗区,114.213551,22.671887
1236,菜鸟驿站(深圳坳二村坳新小区17号店),生活服务,物流速递,物流速递,广东省,深圳市,龙岗区,114.21233,22.67394
1237,深圳市鑫源通物流有限公司,生活服务,物流速递,物流速递,广东省,深圳市,龙岗区,114.224026,22.683458
1238,中国电信信翼购服务厅(颐安店),生活服务,电讯营业厅,中国电信营业厅,广东省,深圳市,龙岗区,114.223274,22.683487
1239,全一快递(桂坪路店),生活服务,物流速递,物流速递,广东省,深圳市,龙岗区,114.225486,22.683995
1240,龙城营业厅,生活服务,电讯营业厅,电讯营业厅,广东省,深圳市,龙岗区,114.221035,22.687425
1241,百世快递,生活服务,物流速递,物流速递,广东省,深圳市,龙岗区,114.222178,22.687941
1242,百世快递,生活服务,物流速递,物流速递,广东省,深圳市,龙岗区,114.21142,22.669382
1243,中国电信(荷坳社区店),生活服务,电讯营业厅,中国电信营业厅,广东省,深圳市,龙岗区,114.228625,22.676705
1244,菜鸟驿站(颐安都会三期店),生活服务,物流速递,物流速递,广东省,深圳市,龙岗区,114.223093,22.683336
1245,横岗中国电信(横岗营业厅),生活服务,电讯营业厅,中国电信营业厅,广东省,深圳市,龙岗区,114.210848,22.644815
1246,中国电信,生活服务,电讯营业厅,中国电信营业厅,广东省,深圳市,龙岗区,114.209367,22.642583
1247,菜鸟驿站,生活服务,物流速递,物流速递,广东省,深圳市,龙岗区,114.211326,22.643322
1248,韵达快递,生活服务,物流速递,物流速递,广东省,深圳市,龙岗区,114.209775,22.641902
1249,深圳市禾锦泰运输有限公司,生活服务,物流速递,物流速递,广东省,深圳市,龙岗区,114.210246,22.641459
1250,中国邮政(宝华支局),生活服务,邮局,邮局,广东省,深圳市,龙岗区,114.210918,22.644293
1251,天翼中国电信,生活服务,电讯营业厅,中国电信营业厅,广东省,深圳市,龙岗区,114.20664,22.642532
1252,菜鸟驿站,生活服务,物流速递,物流速递,广东省,深圳市,龙岗区,114.209851,22.641433
1253,小兵快递驿站,生活服务,物流速递,物流速递,广东省,深圳市,龙岗区,114.212994,22.643945
1254,妈妈驿站,生活服务,物流速递,物流速递,广东省,深圳市,龙岗区,114.208834,22.64304
1255,深圳市龙岗区窝肚邮政代办所,生活服务,邮局,邮局,广东省,深圳市,龙岗区,114.215058,22.657572
1256,菜鸟驿站(深圳横岗马五村四巷5号店),生活服务,物流速递,物流速递,广东省,深圳市,龙岗区,114.212759,22.642714
1257,申通快递横岗公司,生活服务,物流速递,物流速递,广东省,深圳市,龙岗区,114.208255,22.643908
1258,国美配送中心,生活服务,物流速递,物流速递,广东省,深圳市,龙岗区,114.212379,22.639219
1259,信深物流,生活服务,物流速递,物流速递,广东省,深圳市,龙岗区,114.212334,22.6392
1260,中国移动,生活服务,电讯营业厅,中国移动营业厅,广东省,深圳市,龙岗区,114.222204,22.611057
1261,申通快递,生活服务,物流速递,物流速递,广东省,深圳市,龙岗区,114.220528,22.610948
1262,西坑锦泰服务厅中国电信,生活服务,电讯营业厅,中国电信营业厅,广东省,深圳市,龙岗区,114.223265,22.613229
1263,圆通快递站点,生活服务,物流速递,物流速递,广东省,深圳市,龙岗区,114.22185,22.6111
1264,金宝集运深圳物流中心,生活服务,物流速递,物流速递,广东省,深圳市,龙岗区,114.222253,22.615042
1265,中国电信(梧桐山代理店),生活服务,电讯营业厅,中国电信营业厅,广东省,深圳市,罗湖区,114.192313,22.592018
1266,中国移动,生活服务,电讯营业厅,中国移动营业厅,广东省,深圳市,龙岗区,114.226225,22.617691
1267,顺丰速运(西坑营业站),生活服务,物流速递,物流速递,广东省,深圳市,龙岗区,114.226255,22.617635
1268,安能物流西坑营业部,生活服务,物流速递,物流速递,广东省,深圳市,龙岗区,114.227852,22.616527
1269,百世快递,生活服务,物流速递,物流速递,广东省,深圳市,盐田区,114.222627,22.556139
1270,申通快递(盐田承包区),生活服务,物流速递,物流速递,广东省,深圳市,盐田区,114.223641,22.555164
1271,E栈快递智能储存柜,生活服务,物流速递,物流速递,广东省,深圳市,盐田区,114.220751,22.556982
1272,中国联通(深圳盐田沙头角营业厅),生活服务,电讯营业厅,中国联通营业厅,广东省,深圳市,盐田区,114.229798,22.549543
1273,中国移动,生活服务,电讯营业厅,中国移动营业厅,广东省,深圳市,盐田区,114.227824,22.553102
1274,中国移动,生活服务,电讯营业厅,中国移动营业厅,广东省,深圳市,盐田区,114.228548,22.552679
1275,中通速递,生活服务,物流速递,物流速递,广东省,深圳市,盐田区,114.225601,22.553192
1276,中国电信(恩上路服务厅),生活服务,电讯营业厅,中国电信营业厅,广东省,深圳市,盐田区,114.228259,22.552681
1277,中国邮政集团公司深圳市沙盐支局,生活服务,邮局,邮局,广东省,深圳市,盐田区,114.225863,22.552951
1278,顺丰速运,生活服务,物流速递,物流速递,广东省,深圳市,盐田区,114.227448,22.552743
1279,东升运输实业有限公司,生活服务,物流速递,物流速递,广东省,深圳市,盐田区,114.227983,22.551841
1280,中国电信,生活服务,电讯营业厅,中国电信营业厅,广东省,深圳市,盐田区,114.23085,22.550501
1281,圆通速递(沙头角分部),生活服务,物流速递,物流速递,广东省,深圳市,盐田区,114.227225,22.5528
1282,中国移动宽带报装点,生活服务,电讯营业厅,中国移动营业厅,广东省,深圳市,盐田区,114.230843,22.550389
1283,圆通快递,生活服务,物流速递,物流速递,广东省,深圳市,盐田区,114.229823,22.554377
1284,丰巢快递柜,生活服务,物流速递,物流速递,广东省,深圳市,盐田区,114.225192,22.55315
1285,中国移动(小飞授权店),生活服务,电讯营业厅,中国移动营业厅,广东省,深圳市,龙岗区,114.246434,22.756036
1286,中扬国际物流货运代理,生活服务,物流速递,物流速递,广东省,深圳市,龙岗区,114.247734,22.755029
1287,顺心捷达物流龙岗集银店,生活服务,物流速递,物流速递,广东省,深圳市,龙岗区,114.24729,22.755568
1288,德坤(五联营业部),生活服务,物流速递,物流速递,广东省,深圳市,龙岗区,114.248322,22.754104
1289,安能物流清水路营业点,生活服务,物流速递,物流速递,广东省,深圳市,龙岗区,114.248265,22.754284
1290,菜鸟驿站(龙西玉湖村),生活服务,物流速递,物流速递,广东省,深圳市,龙岗区,114.247196,22.754258
1291,美宜佳,生活服务,物流速递,物流速递,广东省,深圳市,龙岗区,114.249336,22.752949
1292,中国移动,生活服务,电讯营业厅,中国移动营业厅,广东省,深圳市,龙岗区,114.242807,22.753757
1293,菜鸟驿站(深圳龙城玉湖山畔A栋1号店),生活服务,物流速递,物流速递,广东省,深圳市,龙岗区,114.24573,22.75638
1294,圆通速递(齐心路),生活服务,物流速递,物流速递,广东省,深圳市,龙岗区,114.243896,22.753979
1295,中通快递,生活服务,物流速递,物流速递,广东省,深圳市,龙岗区,114.244198,22.754184
1296,中国电信,生活服务,电讯营业厅,中国电信营业厅,广东省,深圳市,龙岗区,114.244496,22.754289
1297,菜鸟驿站,生活服务,物流速递,物流速递,广东省,深圳市,龙岗区,114.24442,22.752813
1298,温州联洲物流,生活服务,物流速递,物流速递,广东省,深圳市,龙岗区,114.251961,22.750148
1299,长城宽带,生活服务,电讯营业厅,电讯营业厅,广东省,深圳市,龙岗区,114.244872,22.753097
1300,中国电信(龙城营业厅),生活服务,电讯营业厅,中国电信营业厅,广东省,深圳市,龙岗区,114.242976,22.715708
1301,中通快递,生活服务,物流速递,物流速递,广东省,深圳市,龙岗区,114.253416,22.722754
1302,菜鸟驿站(美宜佳3996龙岗吓岗二村店),生活服务,物流速递,物流速递,广东省,深圳市,龙岗区,114.250575,22.722791
1303,中国邮政集团公司深圳市万象天成支局,生活服务,邮局,邮局,广东省,深圳市,龙岗区,114.253136,22.723275
1304,龙城邮政支局(龙翔大道),生活服务,邮局,邮局,广东省,深圳市,龙岗区,114.24225,22.715462
1305,中集E栈,生活服务,物流速递,物流速递,广东省,深圳市,龙岗区,114.254059,22.719494
1306,速递易E栈,生活服务,物流速递,物流速递,广东省,深圳市,龙岗区,114.255156,22.725309
1307,中冠物流园,生活服务,物流速递,物流速递,广东省,深圳市,龙岗区,114.248733,22.683794
1308,中国移动,生活服务,电讯营业厅,中国移动营业厅,广东省,深圳市,龙岗区,114.246084,22.685917
1309,优速快递龙城宝荷,生活服务,物流速递,物流速递,广东省,深圳市,龙岗区,114.250764,22.686695
1310,中国移动极光宽带,生活服务,电讯营业厅,中国移动营业厅,广东省,深圳市,龙岗区,114.252982,22.687955
1311,菜鸟驿站(深圳嶂背二村凹巷路佳康社区便利店),生活服务,物流速递,物流速递,广东省,深圳市,龙岗区,114.24979,22.685233
1312,菜鸟驿站(深圳龙城嶂背二村东四巷4号店),生活服务,物流速递,物流速递,广东省,深圳市,龙岗区,114.24967,22.68558
1313,中国电信5G营业厅,生活服务,电讯营业厅,中国电信营业厅,广东省,深圳市,龙岗区,114.24214,22.685092
1314,顺丰速运,生活服务,物流速递,物流速递,广东省,深圳市,龙岗区,114.251531,22.688516
1315,顺丰速运,生活服务,物流速递,物流速递,广东省,深圳市,龙岗区,114.244579,22.685594
1316,惠民邮政代办所,生活服务,邮局,邮局,广东省,深圳市,龙岗区,114.254407,22.689088
1317,中国移动社区服务站,生活服务,电讯营业厅,电讯营业厅,广东省,深圳市,龙岗区,114.242234,22.682855
1318,天天快递,生活服务,物流速递,物流速递,广东省,深圳市,龙岗区,114.243214,22.683429
1319,中国移动(佳信卡行特约代理点),生活服务,电讯营业厅,中国移动营业厅,广东省,深圳市,龙岗区,114.251612,22.687814
1320,深圳市龙岗区嶂背邮政代办所,生活服务,邮局,邮局,广东省,深圳市,龙岗区,114.24746,22.686221
1321,菜鸟驿站(深圳龙城嶂背二村一巷8号店),生活服务,物流速递,物流速递,广东省,深圳市,龙岗区,114.24806,22.68628
1322,菜鸟驿站,生活服务,物流速递,物流速递,广东省,深圳市,龙岗区,114.246859,22.645737
1323,圆通速递,生活服务,物流速递,物流速递,广东省,深圳市,龙岗区,114.247428,22.647028
1324,信丰物流(横岗分公司),生活服务,物流速递,物流速递,广东省,深圳市,龙岗区,114.245372,22.648028
1325,中翔安能物流,生活服务,物流速递,物流速递,广东省,深圳市,龙岗区,114.245341,22.647779
1326,德坤,生活服务,物流速递,物流速递,广东省,深圳市,龙岗区,114.245479,22.64783
1327,中国电信光纤宽带报装点,生活服务,电讯营业厅,中国电信营业厅,广东省,深圳市,龙岗区,114.241771,22.646068
1328,中国电信营业厅(大康厅),生活服务,电讯营业厅,中国电信营业厅,广东省,深圳市,龙岗区,114.240915,22.645536
1329,韵达快递横岗大万分部,生活服务,物流速递,物流速递,广东省,深圳市,龙岗区,114.243491,22.64646
1330,ST速通物流,生活服务,物流速递,物流速递,广东省,深圳市,龙岗区,114.245213,22.64893
1331,高铁快运(横岗分公司),生活服务,物流速递,物流速递,广东省,深圳市,龙岗区,114.243556,22.647505
1332,顺丰速运,生活服务,物流速递,物流速递,广东省,深圳市,龙岗区,114.24551,22.649339
1333,速腾快递(深圳横岗分公司),生活服务,物流速递,物流速递,广东省,深圳市,龙岗区,114.244006,22.647057
1334,韵达快递(龙发分部),生活服务,物流速递,物流速递,广东省,深圳市,龙岗区,114.240652,22.647666
1335,快递服务站,生活服务,物流速递,物流速递,广东省,深圳市,龙岗区,114.240554,22.645564
1336,中国电信,生活服务,电讯营业厅,中国电信营业厅,广东省,深圳市,龙岗区,114.239491,22.649456
1337,陆陆鑫申快递店,生活服务,物流速递,物流速递,广东省,深圳市,龙岗区,114.240985,22.647868
1338,菜鸟驿站(大凤村106号美宜佳),生活服务,物流速递,物流速递,广东省,深圳市,龙岗区,114.242993,22.648195
1339,怡禾成物流有限公司,生活服务,物流速递,物流速递,广东省,深圳市,龙岗区,114.238296,22.645547
1340,深圳恒广物流,生活服务,物流速递,物流速递,广东省,深圳市,龙岗区,114.239237,22.646388
1341,优速快递横岗一部,生活服务,物流速递,物流速递,广东省,深圳市,龙岗区,114.24591,22.653076
1342,德邦物流(永安街店),生活服务,物流速递,物流速递,广东省,深圳市,盐田区,114.246997,22.596934
1343,盐田港物流,生活服务,物流速递,物流速递,广东省,深圳市,盐田区,114.24651,22.601011
1344,中国移动(人人乐营业厅),生活服务,电讯营业厅,中国移动营业厅,广东省,深圳市,盐田区,114.255132,22.588968
1345,深圳市宏业物流有限公司,生活服务,物流速递,物流速递,广东省,深圳市,盐田区,114.246246,22.599815
1346,深圳市海运通物流有限公司,生活服务,物流速递,物流速递,广东省,深圳市,盐田区,114.246886,22.599245
1347,湘港国际物流,生活服务,物流速递,物流速递,广东省,深圳市,盐田区,114.247401,22.595893
1348,八达仓,生活服务,物流速递,物流速递,广东省,深圳市,盐田区,114.243836,22.601307
1349,深圳市时通国际货物运输代理有限公司,生活服务,物流速递,物流速递,广东省,深圳市,盐田区,114.245787,22.601579
1350,百世快递,生活服务,物流速递,物流速递,广东省,深圳市,盐田区,114.247162,22.595676
1351,深圳市立航货运有限公司,生活服务,物流速递,物流速递,广东省,深圳市,盐田区,114.243792,22.601408
1352,中国邮政中通快递,生活服务,物流速递,物流速递,广东省,深圳市,盐田区,114.246992,22.595233
1353,民鑫通讯,生活服务,电讯营业厅,中国移动营业厅,广东省,深圳市,盐田区,114.247878,22.594647
1354,新路通物流有限公司,生活服务,物流速递,物流速递,广东省,深圳市,盐田区,114.251077,22.595152
1355,易代储深圳2号院,生活服务,物流速递,物流仓储场地,广东省,深圳市,盐田区,114.246167,22.600373
1356,中国电信盐田营业厅,生活服务,电讯营业厅,中国电信营业厅,广东省,深圳市,盐田区,114.257947,22.59094
1357,百鸣物流,生活服务,物流速递,物流速递,广东省,深圳市,盐田区,114.253771,22.592985
1358,中国联通(盐田路东海大道营业厅),生活服务,电讯营业厅,中国联通营业厅,广东省,深圳市,盐田区,114.255327,22.589224
1359,深圳市联大物流有限公司(东海道),生活服务,物流速递,物流速递,广东省,深圳市,盐田区,114.247306,22.596651
1360,深圳市迪创物流服务有限公司,生活服务,物流速递,物流速递,广东省,深圳市,盐田区,114.253989,22.594109
1361,深圳市万联物流有限公司,生活服务,物流速递,物流速递,广东省,深圳市,盐田区,114.253834,22.593007
1362,驴运通物流装备,生活服务,物流速递,物流速递,广东省,深圳市,盐田区,114.249089,22.591807
1363,以利达物流,生活服务,物流速递,物流速递,广东省,深圳市,盐田区,114.249286,22.591621
1364,中国邮政,生活服务,邮局,邮局,广东省,深圳市,盐田区,114.253206,22.590251
1365,永发兴物流,生活服务,物流速递,物流速递,广东省,深圳市,盐田区,114.248045,22.591226
1366,正辰物流,生活服务,物流速递,物流速递,广东省,深圳市,盐田区,114.256628,22.591662
1367,菜鸟驿站(深圳东港印象店),生活服务,物流速递,物流速递,广东省,深圳市,盐田区,114.24979,22.5917
1368,安迅物流,生活服务,物流速递,物流速递,广东省,深圳市,盐田区,114.248452,22.563279
1369,沟通100,生活服务,电讯营业厅,中国移动营业厅,广东省,深圳市,盐田区,114.237643,22.554694
1370,深圳沙头角中通快递,生活服务,物流速递,物流速递,广东省,深圳市,盐田区,114.244477,22.56271
1371,丰巢快递柜,生活服务,物流速递,物流速递,广东省,深圳市,盐田区,114.245548,22.562303
1372,丰巢置能柜,生活服务,物流速递,物流速递,广东省,深圳市,盐田区,114.244317,22.561753
1373,跨越速运货,生活服务,物流速递,物流速递,广东省,深圳市,盐田区,114.243438,22.560858
1374,利文物流,生活服务,物流速递,物流速递,广东省,深圳市,盐田区,114.246661,22.557812
1375,金胜丰物流,生活服务,物流速递,物流速递,广东省,深圳市,盐田区,114.254998,22.569611
1376,保佳货运有限公司,生活服务,物流速递,物流速递,广东省,深圳市,盐田区,114.245225,22.559721
1377,利仓行物流,生活服务,物流速递,物流速递,广东省,深圳市,盐田区,114.253571,22.568529
1378,太月物流,生活服务,物流速递,物流速递,广东省,深圳市,盐田区,114.253652,22.56872
1379,广东省深圳市清泉物流有限公司,生活服务,物流速递,物流速递,广东省,深圳市,盐田区,114.254725,22.569031
1380,中通快运深圳盐田,生活服务,物流速递,物流速递,广东省,深圳市,盐田区,114.243617,22.562191
1381,深圳市信立德物流有限公司盐田分公司,生活服务,物流速递,物流速递,广东省,深圳市,盐田区,114.253979,22.56891
1382,深圳市合信通国际物流有限公司,生活服务,物流速递,物流速递,广东省,深圳市,盐田区,114.242875,22.559218
1383,菜鸟驿站(美宜佳E140圳盐田吴海君悦店),生活服务,物流速递,物流速递,广东省,深圳市,盐田区,114.242838,22.558953
1384,广东省深圳市万路达冷链物流有限公司,生活服务,物流速递,物流速递,广东省,深圳市,盐田区,114.254758,22.569065
1385,深圳市恒海富国际货运代理有限公司,生活服务,物流速递,物流速递,广东省,深圳市,盐田区,114.254742,22.569361
1386,百富新现代物流园,生活服务,物流速递,物流仓储场地,广东省,深圳市,盐田区,114.256019,22.579924
1387,国储物流,生活服务,物流速递,物流速递,广东省,深圳市,盐田区,114.263093,22.574667
1388,中国移动盐田海涛路营业厅,生活服务,电讯营业厅,中国移动营业厅,广东省,深圳市,盐田区,114.234655,22.55327
1389,百世快递,生活服务,物流速递,物流速递,广东省,深圳市,龙岗区,114.288882,22.761098
1390,申通快递(坪地分部),生活服务,物流速递,物流速递,广东省,深圳市,龙岗区,114.294223,22.762787
1391,顺舟物流,生活服务,物流速递,物流速递,广东省,深圳市,龙岗区,114.2938,22.76387
1392,德龙配送,生活服务,物流速递,物流速递,广东省,深圳市,龙岗区,114.294519,22.760105
1393,菜鸟驿站(深圳坪地老屋村绿茵路19号店),生活服务,物流速递,物流速递,广东省,深圳市,龙岗区,114.291637,22.758679
1394,坪地邮政所,生活服务,邮局,邮局,广东省,深圳市,龙岗区,114.298442,22.761251
1395,呈惠物流,生活服务,物流速递,物流速递,广东省,深圳市,龙岗区,114.288212,22.755183
1396,菜鸟驿站,生活服务,物流速递,物流速递,广东省,深圳市,龙岗区,114.298716,22.76311
1397,珠三角直达专线,生活服务,物流速递,物流速递,广东省,深圳市,龙岗区,114.288148,22.75539
1398,中国移动,生活服务,电讯营业厅,中国移动营业厅,广东省,深圳市,龙岗区,114.285541,22.76024
1399,中国移动购机中心,生活服务,电讯营业厅,中国移动营业厅,广东省,深圳市,龙岗区,114.29061,22.72261
1400,中国邮政(源盛支局),生活服务,邮局,邮局,广东省,深圳市,龙岗区,114.290983,22.72278
1401,全一快递,生活服务,物流速递,物流速递,广东省,深圳市,龙岗区,114.293624,22.721615
1402,龙东百世快递,生活服务,物流速递,物流速递,广东省,深圳市,龙岗区,114.289045,22.721102
1403,中国电信光纤宽带报装点,生活服务,电讯营业厅,中国电信营业厅,广东省,深圳市,龙岗区,114.29088,22.723099
1404,中国电信(龙东社区营业厅),生活服务,电讯营业厅,中国电信营业厅,广东省,深圳市,龙岗区,114.290534,22.718306
1405,菜鸟驿站(深圳龙岗龙东育贤东八巷3号店),生活服务,物流速递,物流速递,广东省,深圳市,龙岗区,114.293192,22.72126
1406,丰巢快递柜,生活服务,物流速递,物流速递,广东省,深圳市,龙岗区,114.286758,22.683976
1407,丰巢快递柜,生活服务,物流速递,物流速递,广东省,深圳市,龙岗区,114.289953,22.688767
1408,华强物流仓储配送中心,生活服务,物流速递,物流速递,广东省,深圳市,龙岗区,114.283242,22.683173
1409,丰巢快递柜,生活服务,物流速递,物流速递,广东省,深圳市,龙岗区,114.297243,22.689922
1410,丰巢快递柜,生活服务,物流速递,物流速递,广东省,深圳市,龙岗区,114.287093,22.690016
1411,高科邮政所,生活服务,邮局,邮局,广东省,深圳市,龙岗区,114.288729,22.691827
1412,菜鸟驿站(深圳宝龙宝三丰店),生活服务,物流速递,物流速递,广东省,深圳市,龙岗区,114.2872,22.69003
1413,深圳众赢物流,生活服务,物流速递,物流速递,广东省,深圳市,坪山区,114.292716,22.671487
1414,丰巢物流柜,生活服务,物流速递,物流速递,广东省,深圳市,龙岗区,114.301041,22.687311
1415,景光物流,生活服务,物流速递,物流速递,广东省,深圳市,龙岗区,114.280273,22.682837
1416,华瑞中基国际物流,生活服务,物流速递,物流速递,广东省,深圳市,坪山区,114.292705,22.671371
1417,中国电信(碧岭营业厅),生活服务,电讯营业厅,中国电信营业厅,广东省,深圳市,坪山区,114.29092,22.66727
1418,中国邮政(碧岭代办所),生活服务,邮局,邮局,广东省,深圳市,坪山区,114.292111,22.670262
1419,亨运通物流园,生活服务,物流速递,物流仓储场地,广东省,深圳市,坪山区,114.294176,22.672447
1420,寄发快递,生活服务,物流速递,物流速递,广东省,深圳市,龙岗区,114.278072,22.680968
1421,妈妈驿站,生活服务,物流速递,物流速递,广东省,深圳市,龙岗区,114.281796,22.69027
1422,广州顶通物流有限公司深圳分公司(坪山仓),生活服务,物流速递,物流速递,广东省,深圳市,坪山区,114.300001,22.675354
1423,中国移动碧岭营业厅,生活服务,电讯营业厅,中国移动营业厅,广东省,深圳市,坪山区,114.292157,22.66741
1424,中国移动宝龙营厅,生活服务,电讯营业厅,中国移动营业厅,广东省,深圳市,龙岗区,114.286679,22.693337
1425,中国移动,生活服务,电讯营业厅,中国移动营业厅,广东省,深圳市,龙岗区,114.301898,22.692954
1426,龙祥行物流,生活服务,物流速递,物流速递,广东省,深圳市,坪山区,114.286879,22.668457
1427,东部华侨城邮筒,生活服务,邮局,邮局,广东省,深圳市,盐田区,114.305997,22.605171
1428,自助快递柜,生活服务,物流速递,物流速递,广东省,深圳市,盐田区,114.301751,22.603109
1429,梅沙邮政代办所,生活服务,邮局,邮局,广东省,深圳市,盐田区,114.309465,22.60072
1430,胜记仓物流(深圳)有限公司,生活服务,物流速递,物流速递,广东省,深圳市,盐田区,114.310959,22.601357
1431,炬星运输,生活服务,物流速递,物流速递,广东省,深圳市,盐田区,114.309083,22.599447
1432,海菲德小镇邮局,生活服务,邮局,邮政速递,广东省,深圳市,盐田区,114.30413,22.60861
1433,顺丰速运(上成路),生活服务,物流速递,物流速递,广东省,深圳市,盐田区,114.309217,22.602562
1434,中通速递(盐田梅沙站点),生活服务,物流速递,物流速递,广东省,深圳市,盐田区,114.305488,22.595942
1435,韵达包裹超市大梅沙·社区便民服务点,生活服务,物流速递,物流速递,广东省,深圳市,盐田区,114.305302,22.593169
1436,圆通速递,生活服务,物流速递,物流速递,广东省,深圳市,盐田区,114.306386,22.594442
1437,翊鑫物流,生活服务,物流速递,物流速递,广东省,深圳市,龙岗区,114.333334,22.788897
1438,深圳市速誉达物流有限公司,生活服务,物流速递,物流速递,广东省,深圳市,龙岗区,114.333261,22.789134
1439,菜鸟驿站,生活服务,物流速递,物流速递,广东省,深圳市,龙岗区,114.328278,22.787149
1440,中国电信,生活服务,电讯营业厅,中国电信营业厅,广东省,深圳市,龙岗区,114.334304,22.786501
1441,快递超市,生活服务,物流速递,物流速递,广东省,深圳市,龙岗区,114.333386,22.784832
1442,中国电信,生活服务,电讯营业厅,中国电信营业厅,广东省,深圳市,龙岗区,114.318846,22.782833
1443,百世快递,生活服务,物流速递,物流速递,广东省,深圳市,龙岗区,114.335819,22.784434
1444,申通快递(坪地六联分部),生活服务,物流速递,物流速递,广东省,深圳市,龙岗区,114.325595,22.785585
1445,年丰邮政代办所,生活服务,邮局,邮局,广东省,深圳市,龙岗区,114.330073,22.766086
1446,菜鸟驿站(坪地年丰骆屋新村13号店),生活服务,物流速递,物流速递,广东省,深圳市,龙岗区,114.332385,22.764866
1447,顺丰速运,生活服务,物流速递,物流速递,广东省,深圳市,龙岗区,114.332217,22.766513
1448,菜鸟驿站(深圳坪地年丰骆屋新村13号店),生活服务,物流速递,物流速递,广东省,深圳市,龙岗区,114.33199,22.76534
1449,中国邮政EMS速递国内国际代收点,生活服务,邮局,邮政速递,广东省,深圳市,龙岗区,114.329671,22.767856
1450,中国移动,生活服务,电讯营业厅,中国移动营业厅,广东省,深圳市,龙岗区,114.329636,22.767222
1451,菜鸟驿站,生活服务,物流速递,物流速递,广东省,深圳市,龙岗区,114.325845,22.721121
1452,菜鸟驿站(深圳新布村10巷139号店),生活服务,物流速递,物流速递,广东省,深圳市,龙岗区,114.32542,22.72122
1453,佳畅物流,生活服务,物流速递,物流速递,广东省,深圳市,龙岗区,114.323346,22.720229
1454,中国移动(恒诚发店),生活服务,电讯营业厅,中国移动营业厅,广东省,深圳市,龙岗区,114.323791,22.721661
1455,菜鸟驿站(桐桐百货店),生活服务,物流速递,物流速递,广东省,深圳市,龙岗区,114.323155,22.716916
1456,中乐深物流有限公司,生活服务,物流速递,物流速递,广东省,深圳市,龙岗区,114.322953,22.71656
1457,永兴物流,生活服务,物流速递,物流速递,广东省,深圳市,龙岗区,114.313302,22.715605
1458,中国移动,生活服务,电讯营业厅,中国移动营业厅,广东省,深圳市,龙岗区,114.326683,22.73389
1459,中国移动,生活服务,电讯营业厅,中国移动营业厅,广东省,深圳市,龙岗区,114.32402,22.732398
1460,壹米滴答,生活服务,物流速递,物流速递,广东省,深圳市,龙岗区,114.319151,22.722556
1461,驰运通物流,生活服务,物流速递,物流速递,广东省,深圳市,龙岗区,114.322059,22.732308
1462,通万家物流,生活服务,物流速递,物流速递,广东省,深圳市,龙岗区,114.318366,22.716543
1463,壹米滴答-同乐营业部,生活服务,物流速递,物流速递,广东省,深圳市,龙岗区,114.319188,22.722574
1464,中国电信(同乐营业厅),生活服务,电讯营业厅,中国电信营业厅,广东省,深圳市,龙岗区,114.317853,22.731295
1465,托必达货运,生活服务,物流速递,物流速递,广东省,深圳市,龙岗区,114.31826,22.716113
1466,韵达物流,生活服务,物流速递,物流速递,广东省,深圳市,龙岗区,114.318298,22.716049
1467,中国电信(同乐营业厅),生活服务,电讯营业厅,中国电信营业厅,广东省,深圳市,龙岗区,114.314459,22.713731
1468,德邦快递(同心路营业部),生活服务,物流速递,物流速递,广东省,深圳市,龙岗区,114.315632,22.721234
1469,顺丰速运,生活服务,物流速递,物流速递,广东省,深圳市,龙岗区,114.321603,22.731967
1470,河北鹏诚物流深圳分公司,生活服务,物流速递,物流速递,广东省,深圳市,龙岗区,114.31835,22.716525
1471,中国电信,生活服务,电讯营业厅,中国电信营业厅,广东省,深圳市,坪山区,114.33089,22.679485
1472,菜鸟驿站(深圳坪山龙光玖云著3栋131店),生活服务,物流速递,物流速递,广东省,深圳市,坪山区,114.330923,22.680978
1473,菜鸟驿站(龙光玖云著店),生活服务,物流速递,物流速递,广东省,深圳市,坪山区,114.330776,22.679687
1474,菜鸟驿站(深圳坪山东城国际8栋36号店),生活服务,物流速递,物流速递,广东省,深圳市,坪山区,114.328481,22.680705
1475,德邦快递,生活服务,物流速递,物流速递,广东省,深圳市,坪山区,114.327827,22.685092
1476,中国移动(坪山营业厅),生活服务,电讯营业厅,中国移动营业厅,广东省,深圳市,坪山区,114.338481,22.694771
1477,顺丰速运,生活服务,物流速递,物流速递,广东省,深圳市,坪山区,114.335848,22.678608
1478,中国移动社区服务站,生活服务,电讯营业厅,中国移动营业厅,广东省,深圳市,坪山区,114.337597,22.685382
1479,菜鸟驿站(力高君御国际三栋45号店),生活服务,物流速递,物流速递,广东省,深圳市,坪山区,114.330089,22.678232
1480,中国联通,生活服务,电讯营业厅,中国联通营业厅,广东省,深圳市,坪山区,114.337326,22.686796
1481,丰巢快递柜,生活服务,物流速递,物流速递,广东省,深圳市,坪山区,114.337532,22.68371
1482,丰巢快递柜,生活服务,物流速递,物流速递,广东省,深圳市,盐田区,114.324761,22.601652
1483,泛艺国际货运代理服务有限公司深圳分公司,生活服务,物流速递,物流速递,广东省,深圳市,盐田区,114.325062,22.600026
1484,韵达(六合城营业厅),生活服务,物流速递,物流速递,广东省,深圳市,坪山区,114.330678,22.688656
1485,中国邮政(碧岭营业部),生活服务,邮局,邮局,广东省,深圳市,坪山区,114.323035,22.679939
1486,加特物流,生活服务,物流速递,物流速递,广东省,深圳市,坪山区,114.323818,22.682805
1487,中国电信,生活服务,电讯营业厅,中国电信营业厅,广东省,深圳市,坪山区,114.370968,22.760275
1488,德鲁克物流,生活服务,物流速递,物流速递,广东省,深圳市,坪山区,114.370073,22.762983
1489,鑫腾福物流,生活服务,物流速递,物流速递,广东省,深圳市,坪山区,114.370629,22.760451
1490,苏通快运,生活服务,物流速递,物流速递,广东省,深圳市,坪山区,114.369769,22.760777
1491,顺通快运,生活服务,物流速递,物流速递,广东省,深圳市,坪山区,114.371591,22.76373
1492,中国电信·坑梓金田恒波合作厅,生活服务,电讯营业厅,中国电信营业厅,广东省,深圳市,坪山区,114.371748,22.744092
1493,顺丰速运(育新街营业部),生活服务,物流速递,物流速递,广东省,深圳市,坪山区,114.375066,22.744181
1494,中国移动(号码卡类直销点),生活服务,电讯营业厅,中国移动营业厅,广东省,深圳市,坪山区,114.369752,22.755533
1495,中国移动(坑梓服营厅),生活服务,电讯营业厅,中国移动营业厅,广东省,深圳市,坪山区,114.369051,22.744283
1496,丰巢快递柜,生活服务,物流速递,物流速递,广东省,深圳市,坪山区,114.369858,22.755278
1497,中国移动,生活服务,电讯营业厅,中国移动营业厅,广东省,深圳市,坪山区,114.369693,22.754136
1498,中国联通(坑梓中心营业厅),生活服务,电讯营业厅,中国移动营业厅,广东省,深圳市,坪山区,114.37474,22.744595
1499,安能物流龙湾市场店,生活服务,物流速递,物流速递,广东省,深圳市,坪山区,114.370481,22.754789
1500,深圳市新宁现代物流有限公司,生活服务,物流速递,物流速递,广东省,深圳市,坪山区,114.368316,22.712994
1501,联昊通快递公司,生活服务,物流速递,物流速递,广东省,深圳市,坪山区,114.366795,22.723527
1502,安诚宇物流,生活服务,物流速递,物流速递,广东省,深圳市,坪山区,114.363554,22.719959
1503,齐心办公物流中心,生活服务,物流速递,物流速递,广东省,深圳市,坪山区,114.378104,22.727409
1504,顺丰速运,生活服务,物流速递,物流速递,广东省,深圳市,坪山区,114.368612,22.730483
1505,坑梓韵达快递,生活服务,物流速递,物流速递,广东省,深圳市,坪山区,114.366881,22.730039
1506,深圳市巨航现代物流有限公司,生活服务,物流速递,物流速递,广东省,深圳市,坪山区,114.36328,22.717929
1507,优速快递,生活服务,物流速递,物流速递,广东省,深圳市,坪山区,114.3749,22.711877
1508,全域物流,生活服务,物流速递,物流速递,广东省,深圳市,坪山区,114.366567,22.711641
1509,易达博通物流有限公司,生活服务,物流速递,物流速递,广东省,深圳市,坪山区,114.366167,22.711797
1510,深圳市丰凯物流有限公司,生活服务,物流速递,物流速递,广东省,深圳市,坪山区,114.366271,22.711213
1511,中国移动(嘉华指定专营店),生活服务,电讯营业厅,中国移动营业厅,广东省,深圳市,坪山区,114.358266,22.725517
1512,德鲁克物流,生活服务,物流速递,物流速递,广东省,深圳市,坪山区,114.358984,22.726133
1513,中国邮政(老坑代办所),生活服务,邮局,邮局,广东省,深圳市,坪山区,114.358902,22.726486
1514,深圳银仓物流有限公司,生活服务,物流速递,物流速递,广东省,深圳市,坪山区,114.365357,22.710578
1515,深圳市东泰国际物流有限公司,生活服务,物流速递,物流速递,广东省,深圳市,坪山区,114.366377,22.711753
1516,速尔快递(深圳坪山区分公司),生活服务,物流速递,物流速递,广东省,深圳市,坪山区,114.366113,22.733455
1517,顺心捷达,生活服务,物流速递,物流速递,广东省,深圳市,坪山区,114.375331,22.734038
1518,宏业物流,生活服务,物流速递,物流速递,广东省,深圳市,坪山区,114.375306,22.734077
1519,中国电信(燕子岭营业厅),生活服务,电讯营业厅,中国电信营业厅,广东省,深圳市,坪山区,114.368262,22.703715
1520,华信行物流,生活服务,物流速递,物流速递,广东省,深圳市,坪山区,114.363765,22.710783
1521,韵达快递代收点,生活服务,物流速递,物流速递,广东省,深圳市,坪山区,114.357861,22.725783
1522,深圳市天宏国际物流有限公司,生活服务,物流速递,物流速递,广东省,深圳市,坪山区,114.365565,22.710435
1523,天子门生,生活服务,物流速递,物流速递,广东省,深圳市,坪山区,114.378391,22.709907
1524,圆通速递(众客隆店),生活服务,物流速递,物流速递,广东省,深圳市,坪山区,114.371385,22.681696
1525,韵达快递超市,生活服务,物流速递,物流速递,广东省,深圳市,坪山区,114.372009,22.683199
1526,菜鸟驿站(深圳坪山比亚迪2.5号门美食城店),生活服务,物流速递,物流速递,广东省,深圳市,坪山区,114.370803,22.681577
1527,菜鸟驿站(美宜佳B751深圳坪山新沙壆新村店),生活服务,物流速递,物流速递,广东省,深圳市,坪山区,114.37021,22.68181
1528,中国电信(比亚迪营业厅),生活服务,电讯营业厅,中国电信营业厅,广东省,深圳市,坪山区,114.373627,22.681171
1529,菜鸟驿站(美宜佳凤尾坑新村店),生活服务,物流速递,物流速递,广东省,深圳市,坪山区,114.368743,22.684831
1530,江铃物流,生活服务,物流速递,物流速递,广东省,深圳市,坪山区,114.371519,22.687597
1531,顺丰速运,生活服务,物流速递,物流速递,广东省,深圳市,坪山区,114.366028,22.689353
1532,中国电信坪山沙坣营业厅,生活服务,电讯营业厅,中国电信营业厅,广东省,深圳市,坪山区,114.363332,22.689349
1533,申通快递(坪山比亚迪营业点),生活服务,物流速递,物流速递,广东省,深圳市,坪山区,114.35998,22.678402
1534,中国移动,生活服务,电讯营业厅,中国移动营业厅,广东省,深圳市,坪山区,114.362627,22.689639
1535,丰巢快递柜,生活服务,物流速递,物流速递,广东省,深圳市,坪山区,114.360905,22.678319
1536,申通快递,生活服务,物流速递,物流速递,广东省,深圳市,坪山区,114.381069,22.687738
1537,韵达速递,生活服务,物流速递,物流速递,广东省,深圳市,坪山区,114.363112,22.689691
1538,顺丰速运(石井营业部),生活服务,物流速递,物流速递,广东省,深圳市,坪山区,114.376565,22.692533
1539,中通快递,生活服务,物流速递,物流速递,广东省,深圳市,坪山区,114.385984,22.683536
1540,菜鸟驿站(深圳坪山沙博路20-1号店),生活服务,物流速递,物流速递,广东省,深圳市,坪山区,114.361802,22.687404
1541,德坤物流(金竹路营业部),生活服务,物流速递,物流速递,广东省,深圳市,坪山区,114.372971,22.694156
1542,顺心捷达(坪山保税区店),生活服务,物流速递,物流速递,广东省,深圳市,坪山区,114.373059,22.694189
1543,菜鸟驿站(坪山香江工业园店),生活服务,物流速递,物流速递,广东省,深圳市,坪山区,114.358772,22.681752
1544,圆通快递,生活服务,物流速递,物流速递,广东省,深圳市,坪山区,114.360838,22.691068
1545,中国电信(三洋湖代理点),生活服务,电讯营业厅,中国电信营业厅,广东省,深圳市,坪山区,114.3565,22.689475
1546,菜鸟驿站(李屋老村店),生活服务,物流速递,物流速递,广东省,深圳市,坪山区,114.378387,22.694158
1547,中国移动,生活服务,电讯营业厅,中国移动营业厅,广东省,深圳市,坪山区,114.355771,22.688422
1548,百世快递,生活服务,物流速递,物流速递,广东省,深圳市,坪山区,114.410775,22.76078
1549,菜鸟驿站(深圳坑梓比亚迪一期创亿未来城店),生活服务,物流速递,物流速递,广东省,深圳市,坪山区,114.410756,22.762463
1550,鑫红桥物流,生活服务,物流速递,物流速递,广东省,深圳市,坪山区,114.4086,22.754077
1551,中通快递,生活服务,物流速递,物流速递,广东省,深圳市,坪山区,114.402785,22.755107
1552,坑梓秀沙邮政代办所,生活服务,邮局,邮局,广东省,深圳市,坪山区,114.403351,22.767321
1553,中国移动(万通手机),生活服务,电讯营业厅,中国移动营业厅,广东省,深圳市,坪山区,114.418976,22.6932
1554,中通快递,生活服务,物流速递,物流速递,广东省,深圳市,坪山区,114.399356,22.691124
1555,壹米滴答孟源物流(石井营业部),生活服务,物流速递,物流速递,广东省,深圳市,坪山区,114.409177,22.69373
1556,安能物流(坪山沙博),生活服务,物流速递,物流速递,广东省,深圳市,坪山区,114.396506,22.69194
1557,深圳市联合创展物流坪山工程物流基地,生活服务,物流速递,物流速递,广东省,深圳市,坪山区,114.395404,22.69432
1558,韵达快运(葵涌分部),生活服务,物流速递,物流速递,广东省,深圳市,龙岗区,114.428884,22.63965
1559,圆通速递,生活服务,物流速递,物流速递,广东省,深圳市,龙岗区,114.415315,22.63739
1560,葵涌邮政支局,生活服务,邮局,邮局,广东省,深圳市,龙岗区,114.418713,22.630555
1561,联昊通快递(大鹏分公司),生活服务,物流速递,物流速递,广东省,深圳市,龙岗区,114.415176,22.633755
1562,天天快递便民点,生活服务,物流速递,物流速递,广东省,深圳市,龙岗区,114.417212,22.633605
1563,菜鸟驿站(坝光新村店),生活服务,物流速递,物流速递,广东省,深圳市,龙岗区,114.4018,22.637408
1564,加运美速递(深圳市大鹏分公司),生活服务,物流速递,物流速递,广东省,深圳市,龙岗区,114.416104,22.633955
1565,顺丰速运(洋南二路),生活服务,物流速递,物流速递,广东省,深圳市,龙岗区,114.405174,22.61325
1566,浩丰物流土洋车场,生活服务,物流速递,物流仓储场地,广东省,深圳市,龙岗区,114.404924,22.611755
1567,深圳市新达源物流有限公司,生活服务,物流速递,物流速递,广东省,深圳市,龙岗区,114.401213,22.614
1568,菜鸟驿站(深圳葵涌洋业三路1号102店),生活服务,物流速递,物流速递,广东省,深圳市,龙岗区,114.40362,22.61376
1569,速尔快递(葵涌营业部),生活服务,物流速递,物流速递,广东省,深圳市,龙岗区,114.425957,22.616179
1570,中冠物流园,生活服务,物流速递,物流仓储场地,广东省,深圳市,龙岗区,114.426385,22.616513
1571,申通快递,生活服务,物流速递,物流速递,广东省,深圳市,龙岗区,114.434862,22.63148
1572,韵达快递代收点,生活服务,物流速递,物流速递,广东省,深圳市,龙岗区,114.434915,22.630334
1573,深圳如风达快递(大鹏分公司),生活服务,物流速递,物流速递,广东省,深圳市,龙岗区,114.469916,22.597325
1574,深圳大鹏中通,生活服务,物流速递,物流速递,广东省,深圳市,龙岗区,114.470661,22.596917
1575,中国电信,生活服务,电讯营业厅,中国电信营业厅,广东省,深圳市,龙岗区,114.475382,22.590577
1576,大鹏交通运输有限公司,生活服务,物流速递,物流速递,广东省,深圳市,龙岗区,114.478191,22.599966
1577,大鹏邮政支局,生活服务,邮局,邮局,广东省,深圳市,龙岗区,114.474001,22.595523
1578,深圳市华盛配送有限公司,生活服务,物流速递,物流仓储场地,广东省,深圳市,龙岗区,114.494054,22.56411
1579,宏兴雪糕配送部,生活服务,物流速递,物流速递,广东省,深圳市,龙岗区,114.487682,22.573439
1580,中国邮政(水头沙代办所),生活服务,邮局,邮局,广东省,深圳市,龙岗区,114.482117,22.548883
1581,中国移动佳运手机店,生活服务,电讯营业厅,中国移动营业厅,广东省,深圳市,龙岗区,114.487545,22.573299
1582,顺丰速运,生活服务,物流速递,物流速递,广东省,深圳市,龙岗区,114.485842,22.578648
1583,顺丰速运,生活服务,物流速递,物流速递,广东省,深圳市,龙岗区,114.491291,22.530957
1584,南澳邮政支局,生活服务,邮局,邮局,广东省,深圳市,龙岗区,114.493149,22.534371
1585,中国移动(南澳服务厅),生活服务,电讯营业厅,中国移动营业厅,广东省,深圳市,龙岗区,114.491819,22.535316
1586,中通快递(南澳分部),生活服务,物流速递,物流速递,广东省,深圳市,龙岗区,114.496151,22.534266
1587,韵达速递(南澳营业部),生活服务,物流速递,物流速递,广东省,深圳市,龙岗区,114.491532,22.535232
1588,南澳申通菜鸟驿站,生活服务,物流速递,物流速递,广东省,深圳市,龙岗区,114.496491,22.534578
1589,天天快递,生活服务,物流速递,物流速递,广东省,深圳市,龙岗区,114.528159,22.593171
1590,顺丰速运,生活服务,物流速递,物流速递,广东省,深圳市,龙岗区,114.519146,22.593485
1591,中国邮政(鹏城代办所),生活服务,物流速递,物流速递,广东省,深圳市,龙岗区,114.512067,22.592202
