,中国邮政储蓄银行(锦绣营业所),金融保险服务,银行,中国邮政储蓄银行,广东省,深圳市,宝安区,113.784892,22.71796
0,中国银行(桥和支行),金融保险服务,银行,中国银行,广东省,深圳市,宝安区,113.788684,22.68797
1,中国建设银行(深圳福海支行),金融保险服务,银行,中国建设银行,广东省,深圳市,宝安区,113.785766,22.688238
2,中国农业银行(深圳福海支行),金融保险服务,银行,中国农业银行,广东省,深圳市,宝安区,113.785701,22.687973
3,深圳福田银座村镇银行(福永支行),金融保险服务,银行,银行,广东省,深圳市,宝安区,113.787772,22.68878
4,中国银行(松安支行),金融保险服务,银行,中国银行,广东省,深圳市,宝安区,113.822258,22.770563
5,深圳农村商业银行(福和支行),金融保险服务,银行,深圳农村商业银行,广东省,深圳市,宝安区,113.803061,22.752347
6,中国邮政储蓄银行(深圳新和营业所),金融保险服务,银行,中国邮政储蓄银行,广东省,深圳市,宝安区,113.822348,22.752635
7,深圳光明沪农村商业银行(沙井支行),金融保险服务,银行,农村商业银行,广东省,深圳市,宝安区,113.803831,22.754337
8,深圳农村商业银行(江围支行),金融保险服务,银行,深圳农村商业银行,广东省,深圳市,宝安区,113.822481,22.773258
9,深圳光明沪农商村镇银行(沙井支行),金融保险服务,银行,农村商业银行,广东省,深圳市,宝安区,113.803837,22.754294
10,深圳农村商行银行,金融保险服务,银行,银行,广东省,深圳市,宝安区,113.813153,22.742642
11,平安银行(深圳沙井支行),金融保险服务,银行,平安银行,广东省,深圳市,宝安区,113.822807,22.728979
12,中信银行(深圳沙井支行),金融保险服务,银行,中信银行,广东省,深圳市,宝安区,113.806624,22.728116
13,深圳农村商业银行(沙井支行),金融保险服务,银行,深圳农村商业银行,广东省,深圳市,宝安区,113.818135,22.713817
14,深圳农村商业银行(沙头支行),金融保险服务,银行,深圳农村商业银行,广东省,深圳市,宝安区,113.807337,22.727524
15,中国建设银行(沙井支行),金融保险服务,银行,中国建设银行,广东省,深圳市,宝安区,113.816172,22.733041
16,平安银行(深圳茭塘社区支行),金融保险服务,银行,平安银行,广东省,深圳市,宝安区,113.800291,22.719222
17,深圳农村商业银行(东塘支行),金融保险服务,银行,深圳农村商业银行,广东省,深圳市,宝安区,113.809223,22.732251
18,中国工商银行(深圳沙井支行),金融保险服务,银行,中国工商银行,广东省,深圳市,宝安区,113.809536,22.732355
19,华夏银行(深圳沙井支行),金融保险服务,银行,华夏银行,广东省,深圳市,宝安区,113.80543,22.727417
20,招商银行(沙井支行),金融保险服务,银行,招商银行,广东省,深圳市,宝安区,113.829706,22.72859
21,中国银行(西荟城支行),金融保险服务,银行,中国银行,广东省,深圳市,宝安区,113.81581,22.733028
22,中国农业银行(深圳东塘支行),金融保险服务,银行,中国农业银行,广东省,深圳市,宝安区,113.811894,22.732493
23,交通银行(深圳沙井支行),金融保险服务,银行,交通银行,广东省,深圳市,宝安区,113.829922,22.730043
24,中国银行24小时自助银行(西荟城支行),金融保险服务,银行,中国银行,广东省,深圳市,宝安区,113.8158,22.73304
25,深圳农村商业银行(塘尾支行),金融保险服务,银行,深圳农村商业银行,广东省,深圳市,宝安区,113.812295,22.702789
26,中国银行(深圳沙井支行),金融保险服务,银行,中国银行,广东省,深圳市,宝安区,113.8013,22.729579
27,中国农业银行(深圳沙井支行),金融保险服务,银行,中国农业银行,广东省,深圳市,宝安区,113.830134,22.732805
28,兴业银行(沙井支行),金融保险服务,银行,兴业银行,广东省,深圳市,宝安区,113.830057,22.732213
29,中国工商银行(深圳新沙支行),金融保险服务,银行,中国工商银行,广东省,深圳市,宝安区,113.829875,22.729298
30,中国邮政储蓄银行(深圳沙井营业所),金融保险服务,银行,中国邮政储蓄银行,广东省,深圳市,宝安区,113.812138,22.732472
31,深圳农村商业银行(万丰支行),金融保险服务,银行,深圳农村商业银行,广东省,深圳市,宝安区,113.827321,22.728609
32,中国银行(新沙支行),金融保险服务,银行,中国银行,广东省,深圳市,宝安区,113.829941,22.730459
33,深圳农村商业银行(坣岗支行),金融保险服务,银行,深圳农村商业银行,广东省,深圳市,宝安区,113.815892,22.733031
34,中国邮政储蓄银行(新沙支行),金融保险服务,银行,中国邮政储蓄银行,广东省,深圳市,宝安区,113.826702,22.728908
35,农商行东塘支行,金融保险服务,银行,银行,广东省,深圳市,宝安区,113.81156,22.732434
36,中国银行(蚝乡支行),金融保险服务,银行,中国银行,广东省,深圳市,宝安区,113.796485,22.739848
37,上海浦东发展银行(沙井支行),金融保险服务,银行,上海浦东发展银行,广东省,深圳市,宝安区,113.830268,22.733778
38,宝桂银行,金融保险服务,银行,银行,广东省,深圳市,宝安区,113.813606,22.733107
39,中国民生银行(深圳沙井支行),金融保险服务,银行,中国民生银行,广东省,深圳市,宝安区,113.792142,22.735751
40,深圳农村商业银行(丽沙支行),金融保险服务,银行,深圳农村商业银行,广东省,深圳市,宝安区,113.828459,22.718078
41,珠江村镇银行(沙井支行),金融保险服务,银行,银行,广东省,深圳市,宝安区,113.822927,22.729238
42,平安银行(深圳福永支行),金融保险服务,银行,平安银行,广东省,深圳市,宝安区,113.825657,22.67194
43,深圳市农村商业银行(福星支行),金融保险服务,银行,农村商业银行,广东省,深圳市,宝安区,113.810359,22.674119
44,中国农业银行(福永支行),金融保险服务,银行,中国农业银行,广东省,深圳市,宝安区,113.821827,22.670225
45,广发银行(福永支行),金融保险服务,银行,广发银行,广东省,深圳市,宝安区,113.80498,22.674738
46,中国工商银行(深圳福永支行),金融保险服务,银行,中国工商银行,广东省,深圳市,宝安区,113.826382,22.672138
47,深圳农村商业银行(和平支行),金融保险服务,银行,深圳农村商业银行,广东省,深圳市,宝安区,113.793558,22.688837
48,中国银行(福永支行),金融保险服务,银行,中国银行,广东省,深圳市,宝安区,113.825345,22.671827
49,中国建设银行(深圳福永支行),金融保险服务,银行,中国建设银行,广东省,深圳市,宝安区,113.826188,22.672119
50,中国邮政储蓄银行(福永支行),金融保险服务,银行,中国邮政储蓄银行,广东省,深圳市,宝安区,113.821303,22.669814
51,杭州银行(深圳福永支行),金融保险服务,银行,银行,广东省,深圳市,宝安区,113.812284,22.675698
52,中国邮政储蓄银行(福兴营业所),金融保险服务,银行,中国邮政储蓄银行,广东省,深圳市,宝安区,113.801562,22.677518
53,招商银行福永支行,金融保险服务,银行,招商银行,广东省,深圳市,宝安区,113.80739,22.67368
54,深圳农村商业银行(福永支行),金融保险服务,银行,深圳农村商业银行,广东省,深圳市,宝安区,113.822702,22.669826
55,中国工商银行(深圳桥头支行),金融保险服务,银行,中国工商银行,广东省,深圳市,宝安区,113.804125,22.689221
56,深圳农村商业银行(新和支行),金融保险服务,银行,深圳农村商业银行,广东省,深圳市,宝安区,113.79962,22.674713
57,广发银行股份有限公司(福永支行),金融保险服务,银行,银行,广东省,深圳市,宝安区,113.805029,22.674487
58,上海浦东发展银行(福永支行),金融保险服务,银行,上海浦东发展银行,广东省,深圳市,宝安区,113.821661,22.671838
59,中国工商银行(塘尾支行),金融保险服务,银行,中国工商银行,广东省,深圳市,宝安区,113.815069,22.700263
60,深圳农村商业银行(白石夏支行),金融保险服务,银行,深圳农村商业银行,广东省,深圳市,宝安区,113.827817,22.67465
61,中国建设银行(深圳机场支行),金融保险服务,银行,中国建设银行,广东省,深圳市,宝安区,113.825064,22.643774
62,中国银行(机场支行),金融保险服务,银行,中国银行,广东省,深圳市,宝安区,113.826666,22.644477
63,中国银行,金融保险服务,银行,中国银行,广东省,深圳市,宝安区,113.82655,22.64473
64,深圳农村商业银行(福围支行),金融保险服务,银行,深圳农村商业银行,广东省,深圳市,宝安区,113.821573,22.650885
65,深圳农村商业银行(兴围支行),金融保险服务,银行,深圳农村商业银行,广东省,深圳市,宝安区,113.830534,22.635546
66,中国银行(联投东方支行),金融保险服务,银行,银行,广东省,深圳市,宝安区,113.811855,22.625158
67,中信银行(深圳福永支行),金融保险服务,银行,中信银行,广东省,深圳市,宝安区,113.827798,22.667738
68,深圳农村商业银行ATM(远东东路),金融保险服务,银行,深圳农村商业银行,广东省,深圳市,宝安区,113.805282,22.664464
69,中国邮政储蓄银行(塘下涌支行),金融保险服务,银行,中国邮政储蓄银行,广东省,深圳市,宝安区,113.842651,22.801135
70,深圳农村商业银行(燕罗支行),金融保险服务,银行,深圳农村商业银行,广东省,深圳市,宝安区,113.862962,22.797358
71,深圳农村商业银行(塘下冲支行),金融保险服务,银行,深圳农村商业银行,广东省,深圳市,宝安区,113.841798,22.800735
72,农村商业银行(燕山支行),金融保险服务,银行,农村商业银行,广东省,深圳市,宝安区,113.862953,22.797399
73,中国邮政储蓄银行(燕川营业所),金融保险服务,银行,中国邮政储蓄银行,广东省,深圳市,宝安区,113.868561,22.795533
74,交通银行(深圳松岗支行),金融保险服务,银行,交通银行,广东省,深圳市,宝安区,113.850722,22.762274
75,平安银行(深圳松岗支行),金融保险服务,银行,平安银行,广东省,深圳市,宝安区,113.853285,22.765805
76,中国银行(松岗东方支行),金融保险服务,银行,中国银行,广东省,深圳市,宝安区,113.844954,22.765653
77,中国工商银行(深圳楼岗支行),金融保险服务,银行,中国工商银行,广东省,深圳市,宝安区,113.851644,22.764652
78,中国工商银行(深圳松岗支行),金融保险服务,银行,中国工商银行,广东省,深圳市,宝安区,113.845849,22.765839
79,中国建设银行(楼岗支行),金融保险服务,银行,中国建设银行,广东省,深圳市,宝安区,113.855034,22.760958
80,中国建设银行(松岗支行),金融保险服务,银行,中国建设银行,广东省,深圳市,宝安区,113.846364,22.768748
81,招商银行(深圳松岗支行),金融保险服务,银行,招商银行,广东省,深圳市,宝安区,113.856855,22.761537
82,中国农业银行(松岗支行),金融保险服务,银行,中国农业银行,广东省,深圳市,宝安区,113.845054,22.768099
83,深圳农村商业银行(松涛支行),金融保险服务,银行,深圳农村商业银行,广东省,深圳市,宝安区,113.84514,22.767773
84,深圳农村商业银行(松岗支行),金融保险服务,银行,深圳农村商业银行,广东省,深圳市,宝安区,113.853541,22.770281
85,中国邮政储蓄银行(松岗支行),金融保险服务,银行,中国邮政储蓄银行,广东省,深圳市,宝安区,113.849317,22.762297
86,中国农业银行(深圳东方支行),金融保险服务,银行,中国农业银行,广东省,深圳市,宝安区,113.85585,22.760705
87,中国邮政储蓄银行(红星支行),金融保险服务,银行,中国邮政储蓄银行,广东省,深圳市,宝安区,113.841613,22.766124
88,深圳农村商业银行(东方支行),金融保险服务,银行,农村商业银行,广东省,深圳市,宝安区,113.843412,22.76503
89,广发银行(东方联投社区支行),金融保险服务,银行,广发银行,广东省,深圳市,宝安区,113.857615,22.761129
90,深圳农村商业银行(黄埔支行),金融保险服务,银行,深圳农村商业银行,广东省,深圳市,宝安区,113.849406,22.716893
91,深圳农村商业银行,金融保险服务,银行,深圳农村商业银行,广东省,深圳市,宝安区,113.857201,22.719591
92,中国工商银行(上南支行),金融保险服务,银行,中国工商银行,广东省,深圳市,宝安区,113.84258,22.720921
93,中国邮政储蓄银行(新桥支行),金融保险服务,银行,中国邮政储蓄银行,广东省,深圳市,宝安区,113.837994,22.714853
94,深圳农村商业银行(新桥支行),金融保险服务,银行,深圳农村商业银行,广东省,深圳市,宝安区,113.842291,22.733702
95,中国建设银行(新桥支行),金融保险服务,银行,中国建设银行,广东省,深圳市,宝安区,113.835351,22.739023
96,深圳农村商业银行(上星支行),金融保险服务,银行,深圳农村商业银行,广东省,深圳市,宝安区,113.833741,22.726629
97,同方中心银行,金融保险服务,银行,银行,广东省,深圳市,宝安区,113.831536,22.734482
98,深圳农村商业银行(凤凰支行),金融保险服务,银行,深圳农村商业银行,广东省,深圳市,宝安区,113.83627,22.689725
99,中国邮政储蓄银行(黄田支局),金融保险服务,银行,中国邮政储蓄银行,广东省,深圳市,宝安区,113.846854,22.628276
100,中国邮政储蓄银行(九围营业所),金融保险服务,银行,中国邮政储蓄银行,广东省,深圳市,宝安区,113.863891,22.653115
101,交通银行,金融保险服务,银行,交通银行,广东省,深圳市,宝安区,113.865356,22.633944
102,深圳农村商业银行(黄田支行),金融保险服务,银行,深圳农村商业银行,广东省,深圳市,宝安区,113.843498,22.629358
103,深圳农村商业银行,金融保险服务,银行,深圳农村商业银行,广东省,深圳市,宝安区,113.863202,22.625337
104,中国建设银行(深圳西部硅谷微银行),金融保险服务,银行,中国建设银行,广东省,深圳市,宝安区,113.837694,22.626045
105,深圳农村商业银行(固戍支行),金融保险服务,银行,深圳农村商业银行,广东省,深圳市,宝安区,113.845156,22.59185
106,中国工商银行(深圳航城支行),金融保险服务,银行,银行,广东省,深圳市,宝安区,113.849443,22.606486
107,中国邮政储蓄银行(固戍支行),金融保险服务,银行,中国邮政储蓄银行,广东省,深圳市,宝安区,113.862826,22.601705
108,中国银行(桃源居支行),金融保险服务,银行,中国银行,广东省,深圳市,宝安区,113.860313,22.615448
109,交通银行(深圳宝民支行),金融保险服务,银行,交通银行,广东省,深圳市,宝安区,113.861186,22.615535
110,免费办理各大银行信用卡pos机,金融保险服务,银行,银行,广东省,深圳市,宝安区,113.845219,22.599717
111,中国建设银行(梧桐岛微银行),金融保险服务,银行,中国建设银行,广东省,深圳市,宝安区,113.838192,22.60583
112,中国建设银行(桃源居微银行),金融保险服务,银行,中国建设银行,广东省,深圳市,宝安区,113.862656,22.614191
113,中国建设银行(招商果岭社区支行),金融保险服务,银行,中国建设银行,广东省,深圳市,宝安区,113.857699,22.584977
114,中国邮政储蓄银行(银田营业所),金融保险服务,银行,中国邮政储蓄银行,广东省,深圳市,宝安区,113.858965,22.585506
115,中国建设银行(深圳航城支行),金融保险服务,银行,中国建设银行,广东省,深圳市,宝安区,113.856098,22.609158
116,中国光大银行(西乡支行),金融保险服务,银行,中国光大银行,广东省,深圳市,宝安区,113.859416,22.582925
117,平安银行(深圳碧海湾支行),金融保险服务,银行,平安银行,广东省,深圳市,宝安区,113.858479,22.566743
118,中国建设银行(深圳西乡支行),金融保险服务,银行,中国建设银行,广东省,深圳市,宝安区,113.855499,22.56929
119,广州银行(深圳宝安支行),金融保险服务,银行,银行,广东省,深圳市,宝安区,113.862391,22.572127
120,中国农业银行(深圳富通城支行),金融保险服务,银行,中国农业银行,广东省,深圳市,宝安区,113.855435,22.568416
121,交通银行(碧海富通城社区支行),金融保险服务,银行,交通银行,广东省,深圳市,宝安区,113.855403,22.568444
122,中国工商银行(西乡支行),金融保险服务,银行,中国工商银行,广东省,深圳市,宝安区,113.863181,22.574555
123,中国银行(西乡支行),金融保险服务,银行,中国银行,广东省,深圳市,宝安区,113.862891,22.572607
124,杭州银行(深圳宝安支行),金融保险服务,银行,银行,广东省,深圳市,宝安区,113.869128,22.565561
125,中国银行(宝源支行),金融保险服务,银行,中国银行,广东省,深圳市,宝安区,113.853162,22.573236
126,中信银行(西乡支行),金融保险服务,银行,中信银行,广东省,深圳市,宝安区,113.862151,22.57545
127,中国光大银行(新城支行),金融保险服务,银行,中国光大银行,广东省,深圳市,宝安区,113.85751,22.570634
128,中国农业银行(深圳坪洲支行),金融保险服务,银行,中国农业银行,广东省,深圳市,宝安区,113.866577,22.563058
129,中国建设银行(深圳泰逸支行),金融保险服务,银行,中国建设银行,广东省,深圳市,宝安区,113.868265,22.565044
130,上海浦东发展银行,金融保险服务,银行,银行,广东省,深圳市,宝安区,113.858919,22.572026
131,兴业银行(西乡支行),金融保险服务,银行,兴业银行,广东省,深圳市,宝安区,113.863887,22.573886
132,深圳农村商业银行(劳动支行),金融保险服务,银行,深圳农村商业银行,广东省,深圳市,宝安区,113.866491,22.567336
133,招商银行(西乡支行),金融保险服务,银行,招商银行,广东省,深圳市,宝安区,113.86185,22.575813
134,深圳农村商业银行(共乐支行),金融保险服务,银行,深圳农村商业银行,广东省,深圳市,宝安区,113.869202,22.57912
135,深圳农村商业银行(碧海湾支行),金融保险服务,银行,深圳农村商业银行,广东省,深圳市,宝安区,113.85693,22.573739
136,广发银行,金融保险服务,银行,广发银行,广东省,深圳市,宝安区,113.867192,22.567152
137,中国光大银行(宝新支行),金融保险服务,银行,中国光大银行,广东省,深圳市,宝安区,113.87048,22.579204
138,中国邮政储蓄银行(宝安区支行),金融保险服务,银行,中国邮政储蓄银行,广东省,深圳市,宝安区,113.870288,22.578979
139,邮政银行,金融保险服务,银行,银行,广东省,深圳市,宝安区,113.866089,22.568491
140,珠江村镇银行(宝安支行),金融保险服务,银行,银行,广东省,深圳市,宝安区,113.866437,22.566338
141,广东南粤银行(深圳宝安支行),金融保险服务,银行,银行,广东省,深圳市,宝安区,113.865681,22.566933
142,宁波银行(深圳财富港支行),金融保险服务,银行,银行,广东省,深圳市,宝安区,113.867518,22.566982
143,中国民生银行(西乡社区支行),金融保险服务,银行,银行,广东省,深圳市,宝安区,113.858479,22.572395
144,中国邮政储蓄银行(宝源支行),金融保险服务,银行,中国邮政储蓄银行,广东省,深圳市,宝安区,113.866148,22.567607
145,深圳宝安桂银村镇银行(西乡支行),金融保险服务,银行,银行,广东省,深圳市,宝安区,113.868523,22.578804
146,中国建设银行(西乡大道支行),金融保险服务,银行,中国建设银行,广东省,深圳市,宝安区,113.868348,22.578802
147,深圳农村商业银行(李松蓢支行),金融保险服务,银行,深圳农村商业银行,广东省,深圳市,光明区,113.884775,22.799377
148,深圳农村商业银行(下村支行),金融保险服务,银行,深圳农村商业银行,广东省,深圳市,光明区,113.886732,22.790525
149,深圳农村商业银行(罗田支行),金融保险服务,银行,深圳农村商业银行,广东省,深圳市,宝安区,113.875442,22.796408
150,中国邮政储蓄银行(合水口营业所),金融保险服务,银行,中国邮政储蓄银行,广东省,深圳市,光明区,113.87697,22.787524
151,深圳农村商业银行(上村支行),金融保险服务,银行,深圳农村商业银行,广东省,深圳市,光明区,113.888629,22.784707
152,深圳福田银座村镇银行(公明支行),金融保险服务,银行,银行,广东省,深圳市,光明区,113.902369,22.78419
153,深圳农村商业银行(将石支行),金融保险服务,银行,深圳农村商业银行,广东省,深圳市,光明区,113.903935,22.755331
154,深圳农村商业银行(公明支行),金融保险服务,银行,深圳农村商业银行,广东省,深圳市,光明区,113.897473,22.777712
155,中国银行(公明支行),金融保险服务,银行,中国银行,广东省,深圳市,光明区,113.905272,22.774006
156,中国建设银行(深圳公明支行),金融保险服务,银行,中国建设银行,广东省,深圳市,光明区,113.899517,22.777627
157,中国农业银行(深圳公明支行),金融保险服务,银行,中国农业银行,广东省,深圳市,光明区,113.894793,22.780456
158,平安银行(深圳公明支行),金融保险服务,银行,平安银行,广东省,深圳市,光明区,113.888709,22.777718
159,中国邮政储蓄银行(公明支行),金融保险服务,银行,中国邮政储蓄银行,广东省,深圳市,光明区,113.893275,22.777875
160,深圳农村商业银行(合水口支行),金融保险服务,银行,深圳农村商业银行,广东省,深圳市,光明区,113.883532,22.78101
161,中国工商银行(深圳合水口支行),金融保险服务,银行,中国工商银行,广东省,深圳市,光明区,113.889335,22.7809
162,中国农业银行(深圳明城支行),金融保险服务,银行,中国农业银行,广东省,深圳市,光明区,113.904666,22.778928
163,中国工商银行(深圳公明支行),金融保险服务,银行,中国工商银行,广东省,深圳市,光明区,113.907652,22.778134
164,深圳农村商业银行(高墩支行),金融保险服务,银行,深圳农村商业银行,广东省,深圳市,光明区,113.905709,22.750396
165,深圳农村商业银行(马田支行),金融保险服务,银行,深圳农村商业银行,广东省,深圳市,光明区,113.879144,22.780071
166,中国邮政储蓄银行(深圳光明区支行),金融保险服务,银行,中国邮政储蓄银行,广东省,深圳市,光明区,113.910094,22.777208
167,中国银行(环田路),金融保险服务,银行,中国银行,广东省,深圳市,光明区,113.899562,22.732143
168,深圳农村商业银行(玉律支行),金融保险服务,银行,深圳农村商业银行,广东省,深圳市,光明区,113.905202,22.715575
169,中国邮政储蓄银行(田寮支行),金融保险服务,银行,中国邮政储蓄银行,广东省,深圳市,光明区,113.904478,22.726477
170,深圳农村商业银行(田寮支行),金融保险服务,银行,深圳农村商业银行,广东省,深圳市,光明区,113.905836,22.726399
171,中国邮政储蓄银行(长圳营业所),金融保险服务,银行,中国邮政储蓄银行,广东省,深圳市,光明区,113.910731,22.717273
172,深圳市农村商业银行(玉律支行),金融保险服务,银行,农村商业银行,广东省,深圳市,光明区,113.905034,22.715052
173,中国银行(田寮支行),金融保险服务,银行,中国银行,广东省,深圳市,光明区,113.902662,22.724403
174,深圳农村商业银行(宝田支行),金融保险服务,银行,深圳农村商业银行,广东省,深圳市,宝安区,113.877333,22.593981
175,中国农业银行(深圳前进路支行),金融保险服务,银行,中国农业银行,广东省,深圳市,宝安区,113.88503,22.5893
176,中国工商银行(深圳丽景支行),金融保险服务,银行,中国工商银行,广东省,深圳市,宝安区,113.88312,22.591179
177,交通银行(深圳前进支行),金融保险服务,银行,交通银行,广东省,深圳市,宝安区,113.888419,22.583722
178,中国工商银行(深圳臣田支行),金融保险服务,银行,中国工商银行,广东省,深圳市,宝安区,113.874383,22.592218
179,中国邮政储蓄银行(前进营业所),金融保险服务,银行,中国邮政储蓄银行,广东省,深圳市,宝安区,113.879675,22.592889
180,中国建设银行(中粮锦云社区支行),金融保险服务,银行,中国建设银行,广东省,深圳市,宝安区,113.888251,22.583578
181,中国银行(流塘支行),金融保险服务,银行,中国银行,广东省,深圳市,宝安区,113.880041,22.583173
182,北京银行(深圳宝安支行),金融保险服务,银行,北京银行,广东省,深圳市,宝安区,113.895354,22.581877
183,中国建设银行(曦城社区支行),金融保险服务,银行,中国建设银行,广东省,深圳市,宝安区,113.901933,22.59546
184,荣得利财务,金融保险服务,银行,银行,广东省,深圳市,宝安区,113.881872,22.592653
185,中国建设银行(天骄世家支行),金融保险服务,银行,中国建设银行,广东省,深圳市,宝安区,113.891865,22.586969
186,广发银行(宝安支行)(装修中),金融保险服务,银行,广发银行,广东省,深圳市,宝安区,113.889854,22.560814
187,平安银行(深圳宝城支行),金融保险服务,银行,平安银行,广东省,深圳市,宝安区,113.888253,22.560921
188,中国民生银行(深圳宝城支行),金融保险服务,银行,中国民生银行,广东省,深圳市,宝安区,113.889069,22.561383
189,中国建设银行(深圳新城支行),金融保险服务,银行,中国建设银行,广东省,深圳市,宝安区,113.892971,22.560025
190,深圳农村商业银行(翻身支行),金融保险服务,银行,深圳农村商业银行,广东省,深圳市,宝安区,113.893668,22.565962
191,兴业银行(深圳宝安支行),金融保险服务,银行,兴业银行,广东省,深圳市,宝安区,113.887325,22.560042
192,中国工商银行(深圳尚都支行),金融保险服务,银行,中国工商银行,广东省,深圳市,宝安区,113.886634,22.559455
193,招商银行(深圳宝安支行),金融保险服务,银行,招商银行,广东省,深圳市,宝安区,113.901126,22.56318
194,中国银行(新安支行),金融保险服务,银行,中国银行,广东省,深圳市,宝安区,113.889065,22.555595
195,中国农业银行(尚都支行),金融保险服务,银行,中国农业银行,广东省,深圳市,宝安区,113.885195,22.558285
196,宁波银行(深圳宝安支行),金融保险服务,银行,银行,广东省,深圳市,宝安区,113.893295,22.560204
197,招商银行(新安支行),金融保险服务,银行,招商银行,广东省,深圳市,宝安区,113.8789,22.558433
198,交通银行(深圳前海分行),金融保险服务,银行,交通银行,广东省,深圳市,宝安区,113.889369,22.553468
199,平安银行(深圳西乡支行),金融保险服务,银行,平安银行,广东省,深圳市,宝安区,113.881212,22.580737
200,中国银行(新城支行),金融保险服务,银行,中国银行,广东省,深圳市,宝安区,113.898858,22.556374
201,中国农业银行(新宝支行),金融保险服务,银行,中国农业银行,广东省,深圳市,宝安区,113.887209,22.567391
202,中国银行(幸福支行),金融保险服务,银行,中国银行,广东省,深圳市,宝安区,113.880551,22.560238
203,中国建设银行(宝城支行),金融保险服务,银行,中国建设银行,广东省,深圳市,宝安区,113.888609,22.550875
204,中国邮政储蓄银行(裕安营业所),金融保险服务,银行,中国邮政储蓄银行,广东省,深圳市,宝安区,113.89622,22.566874
205,招商银行(建安支行),金融保险服务,银行,招商银行,广东省,深圳市,宝安区,113.906826,22.560352
206,平安银行(深圳新城支行),金融保险服务,银行,平安银行,广东省,深圳市,宝安区,113.891801,22.579374
207,平安银行(深圳宝安支行),金融保险服务,银行,平安银行,广东省,深圳市,宝安区,113.911379,22.560776
208,深圳农村商业银行(安乐支行),金融保险服务,银行,深圳农村商业银行,广东省,深圳市,宝安区,113.896933,22.557013
209,中国建设银行(深圳创业支行),金融保险服务,银行,中国建设银行,广东省,深圳市,宝安区,113.893747,22.573525
210,中国工商银行(弘雅支行),金融保险服务,银行,中国工商银行,广东省,深圳市,宝安区,113.893389,22.573934
211,中国平安宝城支行贷款中心,金融保险服务,银行,银行,广东省,深圳市,宝安区,113.88788,22.560656
212,中国银行(前进支行),金融保险服务,银行,中国银行,广东省,深圳市,宝安区,113.898685,22.57355
213,中国工商银行(宝安中心区支行),金融保险服务,银行,中国工商银行,广东省,深圳市,宝安区,113.888197,22.553065
214,北京银行(卡罗社区支行),金融保险服务,银行,北京银行,广东省,深圳市,宝安区,113.889603,22.561068
215,中国建设银行(新安支行),金融保险服务,银行,中国建设银行,广东省,深圳市,宝安区,113.906384,22.565858
216,深圳农村商业银行(宝安支行),金融保险服务,银行,深圳农村商业银行,广东省,深圳市,宝安区,113.909224,22.558213
217,中国农业银行(深圳西乡支行),金融保险服务,银行,中国农业银行,广东省,深圳市,宝安区,113.878374,22.570665
218,华润银行(创业支行),金融保险服务,银行,银行,广东省,深圳市,宝安区,113.890785,22.556692
219,中国建设银行(深圳宝安支行),金融保险服务,银行,中国建设银行,广东省,深圳市,宝安区,113.907998,22.560081
220,深圳农村商业银行(宝城支行),金融保险服务,银行,深圳农村商业银行,广东省,深圳市,宝安区,113.904858,22.564537
221,兴业银行(新安支行),金融保险服务,银行,兴业银行,广东省,深圳市,宝安区,113.904423,22.568225
222,招商银行(企业公馆支行),金融保险服务,银行,招商银行,广东省,深圳市,南山区,113.900188,22.515467
223,平安银行(深圳前海分行营业部),金融保险服务,银行,平安银行,广东省,深圳市,南山区,113.903186,22.516212
224,中国农业银行(前海分行),金融保险服务,银行,中国农业银行,广东省,深圳市,南山区,113.901143,22.514914
225,中国银行(前海湾支行),金融保险服务,银行,银行,广东省,深圳市,南山区,113.902422,22.518145
226,招商银行(前海分行),金融保险服务,银行,招商银行,广东省,深圳市,南山区,113.901151,22.529116
227,中国工商银行(前海分行营业部),金融保险服务,银行,中国工商银行,广东省,深圳市,南山区,113.901405,22.515286
228,中信银行(深圳前海支行),金融保险服务,银行,中信银行,广东省,深圳市,南山区,113.901582,22.515393
229,兴业银行(深圳前海支行),金融保险服务,银行,兴业银行,广东省,深圳市,南山区,113.900763,22.515991
230,中国邮政储蓄银行(前海分行),金融保险服务,银行,中国邮政储蓄银行,广东省,深圳市,南山区,113.901581,22.51737
231,民生互联网大厦,金融保险服务,银行,中国民生银行,广东省,深圳市,南山区,113.900098,22.527917
232,中国民生银行(前海分行),金融保险服务,银行,银行,广东省,深圳市,南山区,113.902743,22.516608
233,上海浦东发展银行(前海分行),金融保险服务,银行,上海浦东发展银行,广东省,深圳市,南山区,113.903092,22.516
234,中国光大银行(深圳前海分行),金融保险服务,银行,中国光大银行,广东省,深圳市,南山区,113.902531,22.515124
235,东莞银行(前海支行),金融保险服务,银行,银行,广东省,深圳市,南山区,113.902016,22.517844
236,交通银行(桂湾支行),金融保险服务,银行,银行,广东省,深圳市,南山区,113.901123,22.529585
237,华夏银行(前海分行营业部),金融保险服务,银行,银行,广东省,深圳市,南山区,113.901288,22.515087
238,汇丰银行(深圳前海支行),金融保险服务,银行,汇丰银行,广东省,深圳市,南山区,113.902272,22.516187
239,企业银行(深圳分行),金融保险服务,银行,银行,广东省,深圳市,南山区,113.901087,22.530521
240,深圳农村商业银行(前海分行),金融保险服务,银行,农村商业银行,广东省,深圳市,南山区,113.900605,22.515819
241,恒生银行(深圳前海支行),金融保险服务,银行,香港恒生银行,广东省,深圳市,南山区,113.901453,22.515256
242,上海银行(深圳前海分行),金融保险服务,银行,上海银行,广东省,深圳市,南山区,113.90056,22.52875
243,渣打银行(前海支行),金融保险服务,银行,渣打银行,广东省,深圳市,南山区,113.901253,22.51508
244,华夏银行(鼎太风华社区支行),金融保险服务,银行,华夏银行,广东省,深圳市,南山区,113.910664,22.516484
245,中国工商银行(深圳赤湾支行),金融保险服务,银行,中国工商银行,广东省,深圳市,南山区,113.890738,22.47882
246,平安银行(深圳青青世界支行),金融保险服务,银行,平安银行,广东省,深圳市,南山区,113.896244,22.500802
247,广州银行(深圳分行),金融保险服务,银行,银行,广东省,深圳市,南山区,113.908731,22.472259
248,宝生村镇银行(大新支行),金融保险服务,银行,银行,广东省,深圳市,南山区,113.911436,22.528061
249,江苏银行(深圳前海支行),金融保险服务,银行,银行,广东省,深圳市,南山区,113.888377,22.502069
250,深圳农村商业银行(总行营业部),金融保险服务,银行,深圳农村商业银行,广东省,深圳市,宝安区,113.881027,22.550566
251,招商银行(创业支行),金融保险服务,银行,招商银行,广东省,深圳市,宝安区,113.910384,22.573883
252,华润银行(新圳西路),金融保险服务,银行,银行,广东省,深圳市,宝安区,113.905244,22.560392
253,徽商银行(宝安支行),金融保险服务,银行,银行,广东省,深圳市,宝安区,113.887685,22.548786
254,银行按揭,金融保险服务,银行,银行,广东省,深圳市,宝安区,113.895318,22.549836
255,北京银行(深圳壹方中心分行),金融保险服务,银行,北京银行,广东省,深圳市,宝安区,113.887213,22.55149
256,广东华兴银行(宝安支行),金融保险服务,银行,银行,广东省,深圳市,宝安区,113.877318,22.56395
257,北京银行(新安支行),金融保险服务,银行,银行,广东省,深圳市,宝安区,113.901937,22.553633
258,华夏银行(深圳建安支行),金融保险服务,银行,华夏银行,广东省,深圳市,宝安区,113.906912,22.560239
259,徽商银行(深圳弘雅社区支行),金融保险服务,银行,银行,广东省,深圳市,宝安区,113.893015,22.574486
260,珠海华润银行(深圳宝体支行),金融保险服务,银行,银行,广东省,深圳市,宝安区,113.879239,22.555177
261,浙商银行(深圳宝安支行),金融保险服务,银行,银行,广东省,深圳市,宝安区,113.899873,22.55263
262,招商银行(深圳宝安中心区支行),金融保险服务,银行,招商银行,广东省,深圳市,宝安区,113.885904,22.549245
263,渤海银行(深圳宝安支行),金融保险服务,银行,银行,广东省,深圳市,宝安区,113.87898,22.551701
264,上海银行(深圳宝新支行),金融保险服务,银行,上海银行,广东省,深圳市,宝安区,113.888995,22.549964
265,深圳宝安融兴村镇银行,金融保险服务,银行,银行,广东省,深圳市,宝安区,113.881102,22.548383
266,广东华兴银行(宝中支行),金融保险服务,银行,银行,广东省,深圳市,宝安区,113.885801,22.546951
267,农村商业银行,金融保险服务,银行,农村商业银行,广东省,深圳市,宝安区,113.877164,22.57219
268,东莞银行(宝安支行),金融保险服务,银行,银行,广东省,深圳市,宝安区,113.89317,22.573031
269,上海浦东发展银行(新安支行),金融保险服务,银行,上海浦东发展银行,广东省,深圳市,宝安区,113.889315,22.551279
270,融兴村镇银行有限责任公司,金融保险服务,银行,农村商业银行,广东省,深圳市,宝安区,113.910276,22.55779
271,鼎业村镇银行(新安支行),金融保险服务,银行,银行,广东省,深圳市,宝安区,113.908209,22.558063
272,珠海华润银行(宝安支行),金融保险服务,银行,银行,广东省,深圳市,宝安区,113.892382,22.579972
273,华夏银行(深圳新安社区支行),金融保险服务,银行,华夏银行,广东省,深圳市,宝安区,113.908708,22.572461
274,中国农业银行(弘雅支行),金融保险服务,银行,中国农业银行,广东省,深圳市,宝安区,113.894242,22.573826
275,徽商银行(深圳宝民支行),金融保险服务,银行,银行,广东省,深圳市,宝安区,113.884923,22.578556
276,中国光大银行(熙龙湾支行),金融保险服务,银行,中国光大银行,广东省,深圳市,宝安区,113.891458,22.547095
277,中国工商银行(前进路支行),金融保险服务,银行,中国工商银行,广东省,深圳市,宝安区,113.905259,22.569578
278,工商银行授权网点,金融保险服务,银行,银行,广东省,深圳市,宝安区,113.901318,22.578405
279,大众银行(香港),金融保险服务,银行,大众银行(香港),广东省,深圳市,宝安区,113.905055,22.571967
280,深圳农村商业银行(楼村支行),金融保险服务,银行,深圳农村商业银行,广东省,深圳市,光明区,113.926166,22.782675
281,深圳宝安桂银村镇银行(楼村支行),金融保险服务,银行,银行,广东省,深圳市,光明区,113.923905,22.785808
282,深圳农村商业银行(圳美支行),金融保险服务,银行,深圳农村商业银行,广东省,深圳市,光明区,113.948586,22.790051
283,北京银行(深圳中洲华府社区支行),金融保险服务,银行,北京银行,广东省,深圳市,宝安区,113.90533,22.573468
284,深圳福田银座村镇银行(西乡支行),金融保险服务,银行,银行,广东省,深圳市,宝安区,113.873112,22.573454
285,招商银行(光明支行),金融保险服务,银行,招商银行,广东省,深圳市,光明区,113.934896,22.761395
286,中信银行(光明区支行),金融保险服务,银行,中信银行,广东省,深圳市,光明区,113.939969,22.757225
287,平安银行(深圳光明支行),金融保险服务,银行,平安银行,广东省,深圳市,光明区,113.942898,22.758077
288,中国工商银行(深圳光明支行),金融保险服务,银行,中国工商银行,广东省,深圳市,光明区,113.942065,22.754215
289,深圳农村商业银行(光明支行),金融保险服务,银行,农村商业银行,广东省,深圳市,光明区,113.943262,22.753282
290,中国银行(光明支行),金融保险服务,银行,中国银行,广东省,深圳市,光明区,113.945244,22.762817
291,中国建设银行(深圳光明支行),金融保险服务,银行,中国建设银行,广东省,深圳市,光明区,113.942704,22.761258
292,中国光大银行(光明区支行),金融保险服务,银行,中国光大银行,广东省,深圳市,光明区,113.945749,22.758951
293,中国农业银行(光明支行营业部),金融保险服务,银行,中国农业银行,广东省,深圳市,光明区,113.94549,22.762001
294,中国工商银行光明支行小企业金融业务中心,金融保险服务,银行,中国工商银行,广东省,深圳市,光明区,113.942059,22.754107
295,交通银行(深圳光明支行),金融保险服务,银行,交通银行,广东省,深圳市,光明区,113.944415,22.74272
296,深圳农村商业银行(东坑支行),金融保险服务,银行,深圳农村商业银行,广东省,深圳市,光明区,113.916281,22.753654
297,宁波银行(深圳光明支行),金融保险服务,银行,银行,广东省,深圳市,光明区,113.944533,22.759858
298,中国民生银行(深圳光明支行),金融保险服务,银行,银行,广东省,深圳市,光明区,113.937775,22.751858
299,深圳农村商业银行(长圳支行),金融保险服务,银行,深圳农村商业银行,广东省,深圳市,光明区,113.916081,22.717916
300,上海银行(光明支行),金融保险服务,银行,上海银行,广东省,深圳市,光明区,113.946345,22.738008
301,中国农业银行(石岩支行),金融保险服务,银行,中国农业银行,广东省,深圳市,宝安区,113.933898,22.678599
302,深圳农村商业银行(上屋支行),金融保险服务,银行,深圳农村商业银行,广东省,深圳市,宝安区,113.932615,22.678041
303,中国工商银行(石岩支行),金融保险服务,银行,中国工商银行,广东省,深圳市,宝安区,113.936491,22.679824
304,中国银行(石岩支行),金融保险服务,银行,中国银行,广东省,深圳市,宝安区,113.93968,22.679236
305,深圳农村商业银行(石岩支行),金融保险服务,银行,深圳农村商业银行,广东省,深圳市,宝安区,113.935971,22.680025
306,中国建设银行(深圳石岩支行),金融保险服务,银行,中国建设银行,广东省,深圳市,宝安区,113.929906,22.674207
307,鼎业村镇银行(石岩支行),金融保险服务,银行,农村商业银行,广东省,深圳市,宝安区,113.927289,22.682118
308,中国民生银行(深圳石岩支行),金融保险服务,银行,中国民生银行,广东省,深圳市,宝安区,113.9292,22.674275
309,平安银行(深圳石岩支行),金融保险服务,银行,平安银行,广东省,深圳市,宝安区,113.948225,22.680377
310,深圳福田银座村镇银行(石岩支行),金融保险服务,银行,银行,广东省,深圳市,宝安区,113.926963,22.684824
311,深圳农村商业银行(官田支行),金融保险服务,银行,深圳农村商业银行,广东省,深圳市,宝安区,113.945653,22.680677
312,中国建设银行宏发世纪支行,金融保险服务,银行,中国建设银行,广东省,深圳市,宝安区,113.94615,22.679639
313,深圳农村商业银行,金融保险服务,银行,深圳农村商业银行,广东省,深圳市,宝安区,113.944116,22.672238
314,深圳市农村商业银行(罗租支行),金融保险服务,银行,深圳农村商业银行,广东省,深圳市,宝安区,113.930976,22.675075
315,深圳农村商业银行(应人石支行),金融保险服务,银行,深圳农村商业银行,广东省,深圳市,宝安区,113.926956,22.6425
316,深圳农村商业银行创新谷支行,金融保险服务,银行,银行,广东省,深圳市,宝安区,113.923721,22.642056
317,中国邮政储蓄银行(深圳塘头营业所),金融保险服务,银行,中国邮政储蓄银行,广东省,深圳市,宝安区,113.918438,22.652811
318,深圳农村商业银行,金融保险服务,银行,深圳农村商业银行,广东省,深圳市,南山区,113.939519,22.623422
319,平安银行(留仙支行)内部使用,金融保险服务,银行,平安银行,广东省,深圳市,南山区,113.936749,22.581793
320,中国邮政储蓄银行(留仙居支行),金融保险服务,银行,中国邮政储蓄银行,广东省,深圳市,南山区,113.950146,22.583876
321,广发银行(高新支行),金融保险服务,银行,广发银行,广东省,深圳市,南山区,113.944672,22.54937
322,平安银行(深圳南头城支行)(暂停营业),金融保险服务,银行,平安银行,广东省,深圳市,南山区,113.923262,22.542775
323,招商银行(深圳科发支行),金融保险服务,银行,招商银行,广东省,深圳市,南山区,113.945728,22.544872
324,招商银行(松坪社区支行),金融保险服务,银行,招商银行,广东省,深圳市,南山区,113.944944,22.554186
325,招商银行(科苑支行),金融保险服务,银行,招商银行,广东省,深圳市,南山区,113.933115,22.542374
326,华夏银行(深圳科技园支行),金融保险服务,银行,华夏银行,广东省,深圳市,南山区,113.944729,22.548522
327,中国农业银行(深圳科技园支行),金融保险服务,银行,中国农业银行,广东省,深圳市,南山区,113.94517,22.544681
328,招商银行(深圳云城支行),金融保险服务,银行,招商银行,广东省,深圳市,南山区,113.940446,22.57459
329,中国工商银行(深圳麒麟支行),金融保险服务,银行,中国工商银行,广东省,深圳市,南山区,113.928342,22.545985
330,中国工商银行(深圳云城支行),金融保险服务,银行,中国工商银行,广东省,深圳市,南山区,113.940293,22.572867
331,中国建设银行(深圳豪方天际支行),金融保险服务,银行,中国建设银行,广东省,深圳市,南山区,113.920654,22.553183
332,中国建设银行(科兴微银行),金融保险服务,银行,中国建设银行,广东省,深圳市,南山区,113.944437,22.548602
333,交通银行(深圳科技园支行),金融保险服务,银行,交通银行,广东省,深圳市,南山区,113.946124,22.544001
334,中国工商银行(高新园北区支行),金融保险服务,银行,中国工商银行,广东省,深圳市,南山区,113.950201,22.55565
335,上海浦东发展银行(科苑支行),金融保险服务,银行,上海浦东发展银行,广东省,深圳市,南山区,113.944735,22.547515
336,中国建设银行(深圳科苑支行),金融保险服务,银行,中国建设银行,广东省,深圳市,南山区,113.947267,22.543431
337,中国银行(艺园路支行),金融保险服务,银行,中国银行,广东省,深圳市,南山区,113.927098,22.54219
338,中国邮政储蓄银行(高新园支行),金融保险服务,银行,中国邮政储蓄银行,广东省,深圳市,南山区,113.94328,22.543307
339,中国银行(南山支行),金融保险服务,银行,银行,广东省,深圳市,南山区,113.946343,22.574264
340,中国农业银行(深圳新安支行),金融保险服务,银行,中国农业银行,广东省,深圳市,宝安区,113.911956,22.575382
341,中国银行(科技园支行),金融保险服务,银行,中国银行,广东省,深圳市,南山区,113.944935,22.546298
342,交通银行(深圳西丽支行),金融保险服务,银行,银行,广东省,深圳市,南山区,113.93928,22.574235
343,广东华兴银行(南头支行),金融保险服务,银行,银行,广东省,深圳市,南山区,113.92648,22.548982
344,上海浦东发展银行(西丽支行),金融保险服务,银行,银行,广东省,深圳市,南山区,113.940323,22.573309
345,中国农业银行(深圳天悦湾支行),金融保险服务,银行,中国农业银行,广东省,深圳市,南山区,113.946394,22.581059
346,浙商银行(深圳南山支行),金融保险服务,银行,银行,广东省,深圳市,南山区,113.937704,22.543699
347,中信银行(科兴支行),金融保险服务,银行,银行,广东省,深圳市,南山区,113.944715,22.549134
348,中国邮政储蓄银行(创业营业所),金融保险服务,银行,中国邮政储蓄银行,广东省,深圳市,宝安区,113.915791,22.579587
349,宝生村镇银行,金融保险服务,银行,银行,广东省,深圳市,南山区,113.946386,22.573538
350,宝生村镇银行西丽支行,金融保险服务,银行,银行,广东省,深圳市,南山区,113.946366,22.573572
351,中国农业银行(深圳南山支行),金融保险服务,银行,中国农业银行,广东省,深圳市,南山区,113.928853,22.52173
352,中国银行(南头支行),金融保险服务,银行,中国银行,广东省,深圳市,南山区,113.933684,22.518835
353,招商银行(四海支行),金融保险服务,银行,招商银行,广东省,深圳市,南山区,113.93127,22.518867
354,深圳农村商业银行(南山支行),金融保险服务,银行,深圳农村商业银行,广东省,深圳市,南山区,113.925773,22.516129
355,广发银行(南山支行),金融保险服务,银行,广发银行,广东省,深圳市,南山区,113.920614,22.516162
356,招商银行(深圳南山支行),金融保险服务,银行,招商银行,广东省,深圳市,南山区,113.936894,22.518521
357,中国建设银行(深圳鸿瑞支行),金融保险服务,银行,中国建设银行,广东省,深圳市,南山区,113.927045,22.520995
358,平安银行(深圳深大支行),金融保险服务,银行,平安银行,广东省,深圳市,南山区,113.92991,22.527308
359,广发银行(滨海支行),金融保险服务,银行,广发银行,广东省,深圳市,南山区,113.937113,22.520197
360,平安银行(深圳后海支行),金融保险服务,银行,平安银行,广东省,深圳市,南山区,113.934459,22.518637
361,中国银行(鹏龙支行),金融保险服务,银行,中国银行,广东省,深圳市,南山区,113.930165,22.518607
362,交通银行(深圳学府支行),金融保险服务,银行,交通银行,广东省,深圳市,南山区,113.926862,22.526679
363,中国农业银行(后海支行),金融保险服务,银行,中国农业银行,广东省,深圳市,南山区,113.936519,22.519554
364,中国建设银行(深圳南油支行),金融保险服务,银行,中国建设银行,广东省,深圳市,南山区,113.92927,22.514498
365,招商银行(深圳南油支行),金融保险服务,银行,招商银行,广东省,深圳市,南山区,113.927146,22.516703
366,交通银行(深圳滨海支行),金融保险服务,银行,交通银行,广东省,深圳市,南山区,113.936092,22.519906
367,中国建设银行(深圳南山支行),金融保险服务,银行,中国建设银行,广东省,深圳市,南山区,113.935696,22.518538
368,中国光大银行(深圳海滨支行),金融保险服务,银行,中国光大银行,广东省,深圳市,南山区,113.931384,22.520588
369,中国工商银行(西海岸支行),金融保险服务,银行,中国工商银行,广东省,深圳市,南山区,113.933234,22.514379
370,中信银行(南山支行),金融保险服务,银行,中信银行,广东省,深圳市,南山区,113.931083,22.531901
371,招商银行(深圳愉康支行),金融保险服务,银行,招商银行,广东省,深圳市,南山区,113.92384,22.527112
372,交通银行(深圳软件园支行),金融保险服务,银行,交通银行,广东省,深圳市,南山区,113.93709,22.522628
373,兴业银行(南山支行),金融保险服务,银行,兴业银行,广东省,深圳市,南山区,113.922998,22.520379
374,汇丰银行(南山支行),金融保险服务,银行,汇丰银行,广东省,深圳市,南山区,113.93726,22.520529
375,中国工商银行(深圳海王支行),金融保险服务,银行,中国工商银行,广东省,深圳市,南山区,113.926463,22.515625
376,中国工商银行(深圳软件园支行),金融保险服务,银行,中国工商银行,广东省,深圳市,南山区,113.938342,22.523373
377,中国工商银行(深圳海岸城支行),金融保险服务,银行,中国工商银行,广东省,深圳市,南山区,113.937425,22.518337
378,平安银行(深圳高新技术区支行),金融保险服务,银行,平安银行,广东省,深圳市,南山区,113.94493,22.536919
379,兴业银行(软件园支行),金融保险服务,银行,兴业银行,广东省,深圳市,南山区,113.936168,22.524543
380,中国农业银行(深圳软件园支行),金融保险服务,银行,中国农业银行,广东省,深圳市,南山区,113.938371,22.523552
381,平安银行(深圳科技园支行),金融保险服务,银行,平安银行,广东省,深圳市,南山区,113.939087,22.524384
382,东亚银行(南山支行),金融保险服务,银行,东亚银行,广东省,深圳市,南山区,113.930884,22.518102
383,中国农业银行(深圳海王支行),金融保险服务,银行,中国农业银行,广东省,深圳市,南山区,113.926417,22.515628
384,中国民生银行(深圳海岸城支行),金融保险服务,银行,中国民生银行,广东省,深圳市,南山区,113.936221,22.518607
385,平安银行(深圳常兴支行),金融保险服务,银行,平安银行,广东省,深圳市,南山区,113.919789,22.527868
386,中国邮政储蓄银行(南山区支行),金融保险服务,银行,中国邮政储蓄银行,广东省,深圳市,南山区,113.927242,22.513684
387,华夏银行(深圳后海支行),金融保险服务,银行,华夏银行,广东省,深圳市,南山区,113.934118,22.517306
388,广东南粤银行(深圳分行),金融保险服务,银行,银行,广东省,深圳市,南山区,113.934903,22.518564
389,中国银行(桃园路支行),金融保险服务,银行,中国银行,广东省,深圳市,南山区,113.927179,22.532725
390,深圳农村商业银行(海湾支行),金融保险服务,银行,深圳农村商业银行,广东省,深圳市,南山区,113.927668,22.490783
391,中国银行(东角头支行),金融保险服务,银行,中国银行,广东省,深圳市,南山区,113.931661,22.486362
392,平安银行(深圳蛇口支行),金融保险服务,银行,平安银行,广东省,深圳市,南山区,113.925285,22.489083
393,平安银行(深圳东角头支行),金融保险服务,银行,平安银行,广东省,深圳市,南山区,113.931301,22.486493
394,中国农业银行(深圳蛇口支行),金融保险服务,银行,中国农业银行,广东省,深圳市,南山区,113.925548,22.490025
395,平安银行(深圳绿海湾支行),金融保险服务,银行,平安银行,广东省,深圳市,南山区,113.939428,22.492766
396,中国工商银行(蛇口支行),金融保险服务,银行,中国工商银行,广东省,深圳市,南山区,113.922526,22.489963
397,招商银行(深圳蛇口支行),金融保险服务,银行,招商银行,广东省,深圳市,南山区,113.921452,22.49042
398,中国建设银行(后海公馆支行),金融保险服务,银行,中国建设银行,广东省,深圳市,南山区,113.938277,22.491053
399,中国建设银行(深圳招商支行),金融保险服务,银行,中国建设银行,广东省,深圳市,南山区,113.924557,22.49317
400,中国银行(招商路支行),金融保险服务,银行,中国银行,广东省,深圳市,南山区,113.925032,22.490561
401,平安银行(深圳南海支行),金融保险服务,银行,平安银行,广东省,深圳市,南山区,113.921285,22.500051
402,中国银行(前海蛇口分行),金融保险服务,银行,中国银行,广东省,深圳市,南山区,113.914587,22.483359
403,中信银行(蛇口支行),金融保险服务,银行,中信银行,广东省,深圳市,南山区,113.9154,22.480655
404,招商银行(新时代支行),金融保险服务,银行,招商银行,广东省,深圳市,南山区,113.913101,22.482587
405,中国建设银行(深圳蛇口支行),金融保险服务,银行,中国建设银行,广东省,深圳市,南山区,113.914515,22.483253
406,广发银行(恒裕滨城社区支行),金融保险服务,银行,广发银行,广东省,深圳市,南山区,113.940003,22.493043
407,广发银行(后海支行),金融保险服务,银行,广发银行,广东省,深圳市,南山区,113.936255,22.490754
408,交通银行(蛇口支行),金融保险服务,银行,交通银行,广东省,深圳市,南山区,113.914424,22.483112
409,中国工商银行(深圳工业区支行),金融保险服务,银行,中国工商银行,广东省,深圳市,南山区,113.91684,22.485919
410,中国民生银行(深圳湾支行),金融保险服务,银行,中国民生银行,广东省,深圳市,南山区,113.939468,22.491285
411,兴业银行(深圳后海支行),金融保险服务,银行,兴业银行,广东省,深圳市,南山区,113.940503,22.49262
412,中国建设银行(玫瑰园支行),金融保险服务,银行,中国建设银行,广东省,深圳市,南山区,113.92486,22.498291
413,中国邮政储蓄银行(蛇口支行),金融保险服务,银行,中国邮政储蓄银行,广东省,深圳市,南山区,113.922434,22.494738
414,中国工商银行(工业五路),金融保险服务,银行,中国工商银行,广东省,深圳市,南山区,113.916236,22.492021
415,中国银行(蛇口网谷支行),金融保险服务,银行,中国银行,广东省,深圳市,南山区,113.920272,22.497116
416,北京银行(后海支行),金融保险服务,银行,北京银行,广东省,深圳市,南山区,113.940803,22.492082
417,广州银行(前海支行),金融保险服务,银行,银行,广东省,深圳市,南山区,113.919937,22.494917
418,中国农业银行(招商广场支行),金融保险服务,银行,中国农业银行,广东省,深圳市,南山区,113.915438,22.48174
419,中国邮政储蓄银行(四海支行),金融保险服务,银行,中国邮政储蓄银行,广东省,深圳市,南山区,113.926864,22.501563
420,中国光大银行(后海支行),金融保险服务,银行,中国光大银行,广东省,深圳市,南山区,113.941104,22.49979
421,华夏银行(深圳蛇口支行),金融保险服务,银行,华夏银行,广东省,深圳市,南山区,113.916565,22.491904
422,中国银行(曦湾支行),金融保险服务,银行,中国银行,广东省,深圳市,南山区,113.940964,22.501465
423,招商银行(深圳网谷支行),金融保险服务,银行,招商银行,广东省,深圳市,南山区,113.916371,22.491262
424,招商引银行,金融保险服务,银行,银行,广东省,深圳市,南山区,113.91955,22.495537
425,招商银行(后海海月支行),金融保险服务,银行,招商银行,广东省,深圳市,南山区,113.93847,22.497156
426,大新银行(深圳前海支行),金融保险服务,银行,大新银行,广东省,深圳市,南山区,113.940813,22.49792
427,中信银行信用卡中心(学府路办理点),金融保险服务,银行,银行,广东省,深圳市,南山区,113.926114,22.527375
428,平安银行(深圳高新技术区支行),金融保险服务,银行,平安银行,广东省,深圳市,南山区,113.944909,22.536943
429,汇丰银行(深圳海天路支行),金融保险服务,银行,汇丰银行,广东省,深圳市,南山区,113.94102,22.52256
430,交通银行(深圳南山支行),金融保险服务,银行,交通银行,广东省,深圳市,南山区,113.941075,22.508423
431,江苏银行(深圳科技支行),金融保险服务,银行,银行,广东省,深圳市,南山区,113.940159,22.526693
432,招商银行(深圳南海支行),金融保险服务,银行,招商银行,广东省,深圳市,南山区,113.914538,22.512524
433,招商银行(高新园支行),金融保险服务,银行,招商银行,广东省,深圳市,南山区,113.94608,22.53399
434,中国银行(后海支行),金融保险服务,银行,中国银行,广东省,深圳市,南山区,113.932931,22.510182
435,中国农业银行(环新支行),金融保险服务,银行,中国农业银行,广东省,深圳市,南山区,113.913084,22.512503
436,北京银行(南山支行),金融保险服务,银行,北京银行,广东省,深圳市,南山区,113.934041,22.517309
437,中国工商银行(深圳高新园南区支行),金融保险服务,银行,中国工商银行,广东省,深圳市,南山区,113.944655,22.536567
438,中国银行(高新区支行),金融保险服务,银行,中国银行,广东省,深圳市,南山区,113.948355,22.538985
439,杭州银行(深圳南山支行),金融保险服务,银行,银行,广东省,深圳市,南山区,113.940883,22.526445
440,中国建设银行(深圳海月支行),金融保险服务,银行,中国建设银行,广东省,深圳市,南山区,113.932857,22.502247
441,中国工商银行(高新园中区支行),金融保险服务,银行,中国工商银行,广东省,深圳市,南山区,113.935449,22.540275
442,浙商银行(深圳分行),金融保险服务,银行,银行,广东省,深圳市,南山区,113.943299,22.525636
443,中国银行(科苑路支行)(装修中),金融保险服务,银行,中国银行,广东省,深圳市,南山区,113.945057,22.528098
444,中国工商银行(星海名城支行),金融保险服务,银行,中国工商银行,广东省,深圳市,南山区,113.914556,22.536557
445,中国光大银行(南山支行),金融保险服务,银行,中国光大银行,广东省,深圳市,南山区,113.945236,22.53768
446,中国银行(深圳内环支行),金融保险服务,银行,中国银行,广东省,深圳市,南山区,113.925375,22.515532
447,徽商银行(南山支行),金融保险服务,银行,银行,广东省,深圳市,南山区,113.921918,22.532729
448,中国银行(中兴支行),金融保险服务,银行,中国银行,广东省,深圳市,南山区,113.948873,22.535887
449,宁波银行(深圳后海支行),金融保险服务,银行,银行,广东省,深圳市,南山区,113.940639,22.51251
450,中信银行(深圳后海支行),金融保险服务,银行,中信银行,广东省,深圳市,南山区,113.940729,22.511161
451,深圳创兴银行,金融保险服务,银行,创兴银行,广东省,深圳市,南山区,113.942174,22.509533
452,中国邮政储蓄银行(深圳南头支行),金融保险服务,银行,中国邮政储蓄银行,广东省,深圳市,南山区,113.920915,22.53826
453,兴业银行(深圳高新区支行),金融保险服务,银行,兴业银行,广东省,深圳市,南山区,113.950846,22.539115
454,华夏银行(高新支行),金融保险服务,银行,华夏银行,广东省,深圳市,南山区,113.943616,22.533252
455,招联金融,金融保险服务,银行,银行,广东省,深圳市,南山区,113.928699,22.513666
456,渤海银行(深圳科技园支行),金融保险服务,银行,银行,广东省,深圳市,南山区,113.945,22.529253
457,北京银行(深圳桃园社区支行),金融保险服务,银行,北京银行,广东省,深圳市,南山区,113.926985,22.532744
458,上海浦东发展银行(后海支行),金融保险服务,银行,上海浦东发展银行,广东省,深圳市,南山区,113.939509,22.522586
459,中国银行(东滨路支行),金融保险服务,银行,中国银行,广东省,深圳市,南山区,113.914471,22.511577
460,中国民生银行(粤海社区支行),金融保险服务,银行,中国民生银行,广东省,深圳市,南山区,113.948794,22.522477
461,招商银行(深圳威盛大厦支行),金融保险服务,银行,招商银行,广东省,深圳市,南山区,113.94015,22.54044
462,中国邮政储蓄银行(阳光棕榈支行),金融保险服务,银行,中国邮政储蓄银行,广东省,深圳市,南山区,113.913469,22.527935
463,中国民生银行(南海支行),金融保险服务,银行,中国民生银行,广东省,深圳市,南山区,113.923803,22.506318
464,华润银行(深圳湾支行),金融保险服务,银行,银行,广东省,深圳市,南山区,113.946384,22.51491
465,中国邮政储蓄银行(海滨支行),金融保险服务,银行,中国邮政储蓄银行,广东省,深圳市,南山区,113.946145,22.531706
466,中国民生银行(蔚蓝海岸社区支行),金融保险服务,银行,中国民生银行,广东省,深圳市,南山区,113.932912,22.507644
467,中国工商银行(南山桃园支行),金融保险服务,银行,中国工商银行,广东省,深圳市,南山区,113.922892,22.532685
468,兴业银行(阳光棕榈社区支行),金融保险服务,银行,兴业银行,广东省,深圳市,南山区,113.914208,22.527877
469,深圳农村商业银行(田厦明珠支行),金融保险服务,银行,深圳农村商业银行,广东省,深圳市,南山区,113.923636,22.534258
470,深圳农村商业银行(南头支行),金融保险服务,银行,深圳农村商业银行,广东省,深圳市,南山区,113.919007,22.522793
471,工银亚洲(华商银行),金融保险服务,银行,中国工商银行,广东省,深圳市,南山区,113.95126,22.53852
472,兴业银行(南油支行),金融保险服务,银行,兴业银行,广东省,深圳市,南山区,113.927229,22.513288
473,浦发银行(深圳湾1号·湾汇北区),金融保险服务,银行,上海浦东发展银行,广东省,深圳市,南山区,113.943278,22.508057
474,富邦华一银行(前海支行),金融保险服务,银行,银行,广东省,深圳市,南山区,113.942507,22.50859
475,中国民生银行(深圳桃园支行),金融保险服务,银行,中国民生银行,广东省,深圳市,南山区,113.919984,22.532899
476,浙商银行(深圳前海分行),金融保险服务,银行,银行,广东省,深圳市,南山区,113.914263,22.513873
477,广州银行(南山支行),金融保险服务,银行,银行,广东省,深圳市,南山区,113.940565,22.508434
478,华夏银行(深圳南头支行),金融保险服务,银行,华夏银行,广东省,深圳市,南山区,113.918814,22.539976
479,中国农业银行(深圳湾支行),金融保险服务,银行,中国农业银行,广东省,深圳市,南山区,113.940063,22.501834
480,杭州银行(深圳分行),金融保险服务,银行,银行,广东省,深圳市,南山区,113.938702,22.511809
481,上海浦东发展银行(深圳望海支行),金融保险服务,银行,上海浦东发展银行,广东省,深圳市,南山区,113.943153,22.507909
482,中国工商银行(深圳南油支行),金融保险服务,银行,中国工商银行,广东省,深圳市,南山区,113.925185,22.507196
483,兴业银行(沙河支行),金融保险服务,银行,兴业银行,广东省,深圳市,南山区,113.95093,22.532416
484,UBK用户银行,金融保险服务,银行,银行,广东省,深圳市,南山区,113.915602,22.526044
485,中国民生银行(科苑支行),金融保险服务,银行,中国民生银行,广东省,深圳市,南山区,113.945019,22.537974
486,深圳农村商业银行(水田支行),金融保险服务,银行,深圳农村商业银行,广东省,深圳市,宝安区,113.959581,22.683439
487,中国邮政储蓄银行(水田营业所),金融保险服务,银行,中国邮政储蓄银行,广东省,深圳市,宝安区,113.962642,22.683365
488,华夏银行(大浪支行),金融保险服务,银行,华夏银行,广东省,深圳市,龙华区,113.990734,22.68178
489,深圳市农村商业银行,金融保险服务,银行,农村商业银行,广东省,深圳市,宝安区,113.95967,22.68336
490,福田银座村镇银行(大浪支行),金融保险服务,银行,银行,广东省,深圳市,龙华区,113.983645,22.681559
491,广东华兴银行(深圳后海支行),金融保险服务,银行,银行,广东省,深圳市,南山区,113.942157,22.509223
492,华一銀行,金融保险服务,银行,银行,广东省,深圳市,南山区,113.942707,22.506886
493,中国银行(中海油大厦支行),金融保险服务,银行,中国银行,广东省,深圳市,南山区,113.939769,22.512764
494,上海浦东发展银行(海德支行),金融保险服务,银行,上海浦东发展银行,广东省,深圳市,南山区,113.943164,22.518837
495,东亚银行深圳深圳湾支行,金融保险服务,银行,银行,广东省,深圳市,南山区,113.943246,22.50658
496,上海银行(深圳君汇支行),金融保险服务,银行,上海银行,广东省,深圳市,南山区,113.940553,22.503694
497,东亚银行(深圳湾1号·湾汇南区),金融保险服务,银行,东亚银行,广东省,深圳市,南山区,113.943294,22.506571
498,珠海华润银行(深圳田厦社区支行),金融保险服务,银行,银行,广东省,深圳市,南山区,113.919906,22.535388
499,平安银行(深圳大学城支行),金融保险服务,银行,平安银行,广东省,深圳市,南山区,113.97402,22.588568
500,中国农业银行(大学城支行),金融保险服务,银行,中国农业银行,广东省,深圳市,南山区,113.964531,22.5871
501,中国建设银行(西丽大磡村支行),金融保险服务,银行,中国建设银行,广东省,深圳市,南山区,113.974857,22.619528
502,平安银行(深圳西丽湖社区支行),金融保险服务,银行,平安银行,广东省,深圳市,南山区,113.952425,22.587121
503,深圳农村商业银行(大学城支行),金融保险服务,银行,深圳农村商业银行,广东省,深圳市,南山区,113.9879,22.590793
504,深圳农村商业银行,金融保险服务,银行,深圳农村商业银行,广东省,深圳市,南山区,113.965361,22.584127
505,中国建设银行(深圳水木丹华支行),金融保险服务,银行,中国建设银行,广东省,深圳市,南山区,113.989947,22.592168
506,交通银行(深圳大学城支行),金融保险服务,银行,交通银行,广东省,深圳市,南山区,113.989104,22.591877
507,深圳农村商业银行,金融保险服务,银行,深圳农村商业银行,广东省,深圳市,南山区,113.991165,22.589125
508,中国银行(深大丽湖支行),金融保险服务,银行,中国银行,广东省,深圳市,南山区,113.98867,22.597308
509,江苏银行(深圳分行),金融保险服务,银行,银行,广东省,深圳市,南山区,113.939718,22.506584
510,中国建设银行(方大城支行),金融保险服务,银行,中国建设银行,广东省,深圳市,南山区,113.972517,22.555752
511,深圳农村商业银行(西丽支行),金融保险服务,银行,深圳农村商业银行,广东省,深圳市,南山区,113.960824,22.570289
512,平安银行(深圳西丽支行),金融保险服务,银行,平安银行,广东省,深圳市,南山区,113.955934,22.580081
513,平安银行(深圳俊峰丽舍社区支行),金融保险服务,银行,平安银行,广东省,深圳市,南山区,113.982428,22.560152
514,中国农业银行(深圳桃源支行)(装修中),金融保险服务,银行,中国农业银行,广东省,深圳市,南山区,113.973832,22.555746
515,中国银行(龙珠支行),金融保险服务,银行,中国银行,广东省,深圳市,南山区,113.983,22.560005
516,招商银行(西丽支行),金融保险服务,银行,招商银行,广东省,深圳市,南山区,113.953385,22.581119
517,中信银行(华侨城支行),金融保险服务,银行,中信银行,广东省,深圳市,南山区,113.980069,22.5514
518,中国建设银行(深圳侨城西支行),金融保险服务,银行,中国建设银行,广东省,深圳市,南山区,113.974124,22.549972
519,中国银行(波托菲诺支行),金融保险服务,银行,中国银行,广东省,深圳市,南山区,113.976662,22.547576
520,中国建设银行(深圳西丽支行),金融保险服务,银行,中国建设银行,广东省,深圳市,南山区,113.958071,22.581444
521,中国农业银行(西丽支行),金融保险服务,银行,中国农业银行,广东省,深圳市,南山区,113.953467,22.575664
522,中国建设银行(深圳滴滴之家微银行),金融保险服务,银行,中国建设银行,广东省,深圳市,南山区,113.976435,22.561882
523,招商银行(波托菲诺支行),金融保险服务,银行,招商银行,广东省,深圳市,南山区,113.976649,22.547154
524,中国邮政储蓄银行(珠光支行),金融保险服务,银行,中国邮政储蓄银行,广东省,深圳市,南山区,113.959058,22.571742
525,平安银行(深圳大冲支行),金融保险服务,银行,平安银行,广东省,深圳市,南山区,113.953593,22.542475
526,中国银行(西丽支行),金融保险服务,银行,中国银行,广东省,深圳市,南山区,113.953663,22.581143
527,中国工商银行(深圳西丽支行),金融保险服务,银行,中国工商银行,广东省,深圳市,南山区,113.95309,22.58111
528,华润银行桃源支行,金融保险服务,银行,银行,广东省,深圳市,南山区,113.984499,22.557743
529,中国光大银行(西丽支行),金融保险服务,银行,中国光大银行,广东省,深圳市,南山区,113.953604,22.575282
530,中国工商银行(深圳华润城支行),金融保险服务,银行,中国工商银行,广东省,深圳市,南山区,113.954292,22.54302
531,中国邮政储蓄银行(西丽支行),金融保险服务,银行,中国邮政储蓄银行,广东省,深圳市,南山区,113.953027,22.57521
532,中国农业银行(深圳华润城支行),金融保险服务,银行,银行,广东省,深圳市,南山区,113.95515,22.543915
533,平安银行(深圳红树湾支行),金融保险服务,银行,平安银行,广东省,深圳市,南山区,113.968929,22.530591
534,中国银行(深圳湾支行),金融保险服务,银行,中国银行,广东省,深圳市,南山区,113.970311,22.53053
535,微众银行(深圳湾科技生态园店),金融保险服务,银行,银行,广东省,深圳市,南山区,113.954268,22.529955
536,中国建设银行(深圳湾支行),金融保险服务,银行,中国建设银行,广东省,深圳市,南山区,113.966346,22.53147
537,招商银行(深圳华侨城支行),金融保险服务,银行,招商银行,广东省,深圳市,南山区,113.980595,22.533532
538,中信银行(深圳红树湾支行),金融保险服务,银行,中信银行,广东省,深圳市,南山区,113.969582,22.530474
539,中国农业银行(红树湾支行),金融保险服务,银行,中国农业银行,广东省,深圳市,南山区,113.965862,22.531602
540,平安银行(深圳华侨城支行),金融保险服务,银行,平安银行,广东省,深圳市,南山区,113.987554,22.535354
541,招商银行(深圳京基百纳支行),金融保险服务,银行,招商银行,广东省,深圳市,南山区,113.970203,22.530118
542,招商银行(科技园支行),金融保险服务,银行,招商银行,广东省,深圳市,南山区,113.955738,22.539364
543,中国建设银行(深圳华侨城支行),金融保险服务,银行,中国建设银行,广东省,深圳市,南山区,113.98468,22.536049
544,交通银行(深圳华侨城支行),金融保险服务,银行,交通银行,广东省,深圳市,南山区,113.986614,22.53408
545,招商银行(世界之窗支行),金融保险服务,银行,招商银行,广东省,深圳市,南山区,113.972381,22.538387
546,平安银行(深圳世界之窗支行),金融保险服务,银行,平安银行,广东省,深圳市,南山区,113.972909,22.538193
547,中国银行(侨城支行),金融保险服务,银行,中国银行,广东省,深圳市,南山区,113.968712,22.540257
548,兴业银行(华侨城支行),金融保险服务,银行,兴业银行,广东省,深圳市,南山区,113.973726,22.537935
549,中国农业银行(深圳高新区支行),金融保险服务,银行,中国农业银行,广东省,深圳市,南山区,113.95257,22.537091
550,中信银行(高新区支行),金融保险服务,银行,中信银行,广东省,深圳市,南山区,113.952535,22.539056
551,中国工商银行(深圳高新园支行营业部),金融保险服务,银行,中国工商银行,广东省,深圳市,南山区,113.952422,22.537763
552,汇丰银行深圳红树湾支行卓越理财中心,金融保险服务,银行,银行,广东省,深圳市,南山区,113.969521,22.530376
553,中国建设银行(深圳沙河支行),金融保险服务,银行,中国建设银行,广东省,深圳市,南山区,113.967968,22.540698
554,中国农业银行(深圳白石洲支行),金融保险服务,银行,中国农业银行,广东省,深圳市,南山区,113.968487,22.540687
555,汇丰银行(深圳红树湾支行),金融保险服务,银行,汇丰银行,广东省,深圳市,南山区,113.969414,22.530437
556,广东南粤银行(深圳沙河支行),金融保险服务,银行,银行,广东省,深圳市,南山区,113.968068,22.531044
557,中国农业银行(华侨城支行),金融保险服务,银行,中国农业银行,广东省,深圳市,南山区,113.984413,22.534701
558,招商银行(深圳生态园支行),金融保险服务,银行,招商银行,广东省,深圳市,南山区,113.952661,22.529848
559,中国工商银行(深圳生态园支行),金融保险服务,银行,中国工商银行,广东省,深圳市,南山区,113.95311,22.529811
560,中国银行(沙河支行),金融保险服务,银行,中国银行,广东省,深圳市,南山区,113.989567,22.534083
561,交通银行(深圳高新园支行),金融保险服务,银行,交通银行,广东省,深圳市,南山区,113.957639,22.538061
562,中信银行(深圳海湾支行),金融保险服务,银行,中信银行,广东省,深圳市,南山区,113.952918,22.52747
563,中国建设银行(深圳高新园支行),金融保险服务,银行,中国建设银行,广东省,深圳市,南山区,113.952498,22.538609
564,招商银行(深圳创维大厦支行),金融保险服务,银行,招商银行,广东省,深圳市,南山区,113.953586,22.537366
565,中国农业银行(深圳华侨城支行营业部),金融保险服务,银行,中国农业银行,广东省,深圳市,南山区,113.984694,22.534473
566,中国民生银行(深圳高新区支行),金融保险服务,银行,中国民生银行,广东省,深圳市,南山区,113.954749,22.538612
567,上海浦东发展银行(科技园支行),金融保险服务,银行,上海浦东发展银行,广东省,深圳市,南山区,113.951621,22.538555
568,中国工商银行华侨城支行小企业金融业务中心,金融保险服务,银行,中国工商银行,广东省,深圳市,南山区,113.989376,22.534061
569,招商银行(华润城支行),金融保险服务,银行,招商银行,广东省,深圳市,南山区,113.952339,22.54092
570,渣打银行(深圳华侨城支行),金融保险服务,银行,渣打银行,广东省,深圳市,南山区,113.97755,22.537859
571,中国民生银行(深圳科技园支行),金融保险服务,银行,银行,广东省,深圳市,南山区,113.952784,22.529492
572,中国银行(华润城支行),金融保险服务,银行,中国银行,广东省,深圳市,南山区,113.953691,22.541023
573,北京银行(华侨城支行),金融保险服务,银行,北京银行,广东省,深圳市,南山区,113.982493,22.534362
574,浙商银行(高新支行),金融保险服务,银行,银行,广东省,深圳市,南山区,113.952526,22.528782
575,杭州银行(深圳深圳湾支行),金融保险服务,银行,银行,广东省,深圳市,南山区,113.95253,22.528529
576,中国工商银行(侨城西街支行),金融保险服务,银行,中国工商银行,广东省,深圳市,南山区,113.982992,22.53699
577,宁波银行(深圳科技园支行),金融保险服务,银行,银行,广东省,深圳市,南山区,113.952367,22.533715
578,上海银行(深圳科技园支行),金融保险服务,银行,上海银行,广东省,深圳市,南山区,113.954263,22.539246
579,汇丰银行(深圳华侨城支行),金融保险服务,银行,汇丰银行,广东省,深圳市,南山区,113.977232,22.536569
580,东亚银行(深圳华侨城支行),金融保险服务,银行,东亚银行,广东省,深圳市,南山区,113.97285,22.538241
581,宝生银行,金融保险服务,银行,银行,广东省,深圳市,南山区,113.954563,22.539408
582,小电(江苏银行深圳深圳湾支行),金融保险服务,银行,银行,广东省,深圳市,南山区,113.952138,22.535927
583,珠海华润银行(华润城支行),金融保险服务,银行,银行,广东省,深圳市,南山区,113.952758,22.54102
584,渣打银行(深圳华润城支行),金融保险服务,银行,渣打银行,广东省,深圳市,南山区,113.952926,22.541697
585,深圳农村商业银行(章阁支行),金融保险服务,银行,深圳农村商业银行,广东省,深圳市,龙华区,114.016437,22.743811
586,中国建设银行(深圳福前支行),金融保险服务,银行,中国建设银行,广东省,深圳市,龙华区,114.02609,22.728241
587,深圳农村商业银行(大水坑支行),金融保险服务,银行,深圳农村商业银行,广东省,深圳市,龙华区,114.026617,22.725064
588,中国建设银行(悦兴路),金融保险服务,银行,中国建设银行,广东省,深圳市,龙华区,114.027052,22.710219
589,中国银行(福城支行),金融保险服务,银行,银行,广东省,深圳市,龙华区,114.028703,22.723154
590,中国邮政储蓄银行,金融保险服务,银行,中国邮政储蓄银行,广东省,深圳市,龙华区,114.012384,22.737032
591,深圳农村商业银行(大浪支行),金融保险服务,银行,深圳农村商业银行,广东省,深圳市,龙华区,114.008743,22.677984
592,交通银行(大浪支行),金融保险服务,银行,交通银行,广东省,深圳市,龙华区,113.996035,22.675991
593,中国银行(大浪支行),金融保险服务,银行,中国银行,广东省,深圳市,龙华区,113.996338,22.675011
594,中国邮政储蓄银行(大浪营业所),金融保险服务,银行,中国邮政储蓄银行,广东省,深圳市,龙华区,114.001134,22.676985
595,中国建设银行(深圳大浪支行),金融保险服务,银行,中国建设银行,广东省,深圳市,龙华区,113.99155,22.690566
596,广州银行(龙华支行),金融保险服务,银行,银行,广东省,深圳市,龙华区,114.025931,22.666396
597,中国工商银行(深圳大浪支行),金融保险服务,银行,中国工商银行,广东省,深圳市,龙华区,113.993553,22.674092
598,中国建设银行(大浪商业中心微银行),金融保险服务,银行,中国建设银行,广东省,深圳市,龙华区,113.994502,22.67431
599,招商银行(大浪商业中心社区支行),金融保险服务,银行,招商银行,广东省,深圳市,龙华区,113.995152,22.674613
600,中国邮政储蓄银行(深圳龙华新区支行),金融保险服务,银行,中国邮政储蓄银行,广东省,深圳市,龙华区,114.020905,22.664798
601,中国邮政储蓄银行(清湖营业所),金融保险服务,银行,中国邮政储蓄银行,广东省,深圳市,龙华区,114.030955,22.667613
602,中国邮政储蓄银行(浪荣支行),金融保险服务,银行,中国邮政储蓄银行,广东省,深圳市,龙华区,113.991467,22.695233
603,招商银行龙胜支行(建设中),金融保险服务,银行,招商银行,广东省,深圳市,龙华区,114.012914,22.640579
604,中国建设银行(曼海宁社区支行),金融保险服务,银行,中国建设银行,广东省,深圳市,龙华区,114.008889,22.639269
605,招商银行(深圳龙华商业中心社区支行),金融保险服务,银行,招商银行,广东省,深圳市,龙华区,114.020997,22.654501
606,中国工商银行(深圳龙华支行),金融保险服务,银行,中国工商银行,广东省,深圳市,龙华区,114.024441,22.652092
607,深圳农村商业银行(上塘支行),金融保险服务,银行,深圳农村商业银行,广东省,深圳市,龙华区,114.027261,22.639814
608,中国银行(龙华支行),金融保险服务,银行,中国银行,广东省,深圳市,龙华区,114.017766,22.659684
609,中国建设银行(龙华支行),金融保险服务,银行,中国建设银行,广东省,深圳市,龙华区,114.022945,22.653173
610,交通银行(深圳龙华支行),金融保险服务,银行,交通银行,广东省,深圳市,龙华区,114.023886,22.653026
611,平安银行(深圳梅龙支行),金融保险服务,银行,平安银行,广东省,深圳市,龙华区,114.027495,22.650245
612,中国农业银行(深圳锦华支行),金融保险服务,银行,中国农业银行,广东省,深圳市,龙华区,114.005547,22.647733
613,中国农业银行(龙城支行),金融保险服务,银行,中国农业银行,广东省,深圳市,龙华区,114.012744,22.657782
614,中国农业银行(深圳龙华支行),金融保险服务,银行,中国农业银行,广东省,深圳市,龙华区,114.020143,22.657913
615,中信银行(龙华支行),金融保险服务,银行,中信银行,广东省,深圳市,龙华区,114.024307,22.63015
616,深圳农村商业银行(花园支行),金融保险服务,银行,深圳农村商业银行,广东省,深圳市,龙华区,114.019108,22.660707
617,交通银行(龙新支行),金融保险服务,银行,交通银行,广东省,深圳市,龙华区,114.02759,22.627639
618,上海浦东发展银行(龙华支行),金融保险服务,银行,上海浦东发展银行,广东省,深圳市,龙华区,114.025909,22.635856
619,中国银行(锦绣支行),金融保险服务,银行,中国银行,广东省,深圳市,龙华区,114.026964,22.635017
620,中国邮政储蓄银行(龙华支行),金融保险服务,银行,中国邮政储蓄银行,广东省,深圳市,龙华区,114.015753,22.655582
621,中国农业银行(锦绣江南支行),金融保险服务,银行,中国农业银行,广东省,深圳市,龙华区,114.027525,22.638232
622,招商银行(深圳龙华支行),金融保险服务,银行,招商银行,广东省,深圳市,龙华区,114.028015,22.647977
623,平安银行(深圳水榭春天支行),金融保险服务,银行,平安银行,广东省,深圳市,龙华区,114.02782,22.624561
624,中国邮政储蓄银行(佳利营业所),金融保险服务,银行,中国邮政储蓄银行,广东省,深圳市,龙华区,114.009649,22.653107
625,深圳农村商业银行(胜龙支行),金融保险服务,银行,深圳农村商业银行,广东省,深圳市,龙华区,114.012675,22.65577
626,中国民生银行(深圳上塘社区支行),金融保险服务,银行,中国民生银行,广东省,深圳市,龙华区,114.015996,22.636245
627,深圳农村商业银行(和平路支行),金融保险服务,银行,深圳农村商业银行,广东省,深圳市,龙华区,114.030553,22.657007
628,中国建设银行(深圳上塘支行),金融保险服务,银行,中国建设银行,广东省,深圳市,龙华区,114.015039,22.637623
629,上海浦东发展银行,金融保险服务,银行,上海浦东发展银行,广东省,深圳市,龙华区,114.025959,22.635949
630,中信银行(南方科技大学),金融保险服务,银行,中信银行,广东省,深圳市,南山区,113.998637,22.599238
631,中国农业银行(塘朗支行),金融保险服务,银行,中国农业银行,广东省,深圳市,南山区,114.001032,22.589527
632,中国工商银行(红山支行),金融保险服务,银行,中国工商银行,广东省,深圳市,龙华区,114.026541,22.620698
633,江苏银行(大学城社区支行),金融保险服务,银行,银行,广东省,深圳市,南山区,114.000445,22.592583
634,中国邮政储蓄银行(塘朗支行),金融保险服务,银行,中国邮政储蓄银行,广东省,深圳市,南山区,113.993093,22.588965
635,平安银行(深圳南山智园支行),金融保险服务,银行,平安银行,广东省,深圳市,南山区,114.004731,22.594112
636,中国银行(大学城支行),金融保险服务,银行,中国银行,广东省,深圳市,南山区,114.000653,22.591622
637,中国光大银行(大学城支行),金融保险服务,银行,中国光大银行,广东省,深圳市,南山区,113.993117,22.589434
638,北京银行(装修中),金融保险服务,银行,北京银行,广东省,深圳市,龙华区,114.028355,22.621375
639,珠江村镇银行(龙华支行),金融保险服务,银行,银行,广东省,深圳市,龙华区,114.031349,22.621167
640,中国银行(红山支行),金融保险服务,银行,银行,广东省,深圳市,龙华区,114.025548,22.619526
641,深圳市农村商业银行,金融保险服务,银行,农村商业银行,广东省,深圳市,龙华区,114.01918,22.660702
642,大众银行(深圳龙华支行),金融保险服务,银行,大众银行(香港),广东省,深圳市,龙华区,114.026407,22.626011
643,华夏银行(深圳梅龙社区支行),金融保险服务,银行,华夏银行,广东省,深圳市,龙华区,114.030038,22.627636
644,中国民生银行(壹城中心社区支行),金融保险服务,银行,中国民生银行,广东省,深圳市,龙华区,114.030137,22.65298
645,广发银行(侨香支行),金融保险服务,银行,广发银行,广东省,深圳市,福田区,114.013093,22.550735
646,平安银行(深圳侨香支行),金融保险服务,银行,平安银行,广东省,深圳市,福田区,114.010697,22.54635
647,中国银行(侨香支行),金融保险服务,银行,中国银行,广东省,深圳市,福田区,114.015132,22.550435
648,中国建设银行(中旅公馆支行),金融保险服务,银行,中国建设银行,广东省,深圳市,福田区,114.015361,22.549372
649,招商银行(深圳侨香支行),金融保险服务,银行,招商银行,广东省,深圳市,福田区,114.013962,22.551505
650,招商银行(深圳爱华支行),金融保险服务,银行,招商银行,广东省,深圳市,福田区,114.012302,22.544544
651,中国农业银行(侨香支行),金融保险服务,银行,银行,广东省,深圳市,福田区,114.010179,22.547173
652,中信银行(深圳香蜜湖支行),金融保险服务,银行,中信银行,广东省,深圳市,福田区,114.01865,22.547991
653,广东华兴银行(深圳龙华支行),金融保险服务,银行,银行,广东省,深圳市,龙华区,114.027885,22.657646
654,华润银行(梅龙路),金融保险服务,银行,银行,广东省,深圳市,龙华区,114.030291,22.627098
655,东莞银行(深圳分行),金融保险服务,银行,银行,广东省,深圳市,福田区,114.023287,22.537344
656,平安银行(深圳车公庙支行),金融保险服务,银行,平安银行,广东省,深圳市,福田区,114.024593,22.534245
657,中国银行(竹子林支行),金融保险服务,银行,中国银行,广东省,深圳市,福田区,114.009166,22.534169
658,中国工商银行(喜年支行),金融保险服务,银行,中国工商银行,广东省,深圳市,福田区,114.023866,22.534737
659,中国光大银行(深圳分行营业部),金融保险服务,银行,中国光大银行,广东省,深圳市,福田区,114.00832,22.534061
660,中国农业银行(深圳车公庙支行),金融保险服务,银行,中国农业银行,广东省,深圳市,福田区,114.023176,22.531597
661,广发银行营业厅,金融保险服务,银行,广发银行,广东省,深圳市,福田区,114.02267,22.53038
662,广发银行(金谷支行),金融保险服务,银行,广发银行,广东省,深圳市,福田区,114.022677,22.530429
663,招商银行(滨河时代支行),金融保险服务,银行,招商银行,广东省,深圳市,福田区,114.027002,22.528594
664,招商银行(泰然金谷支行),金融保险服务,银行,招商银行,广东省,深圳市,福田区,114.024383,22.531293
665,中国农业银行(深圳竹子林支行),金融保险服务,银行,中国农业银行,广东省,深圳市,福田区,114.008855,22.534121
666,招商银行(深圳车公庙支行),金融保险服务,银行,招商银行,广东省,深圳市,福田区,114.030718,22.532942
667,中国工商银行(竹子林支行),金融保险服务,银行,中国工商银行,广东省,深圳市,福田区,114.010984,22.534754
668,中国建设银行(深圳园博园支行),金融保险服务,银行,中国建设银行,广东省,深圳市,福田区,114.006751,22.534546
669,中国工商银行(滨河支行),金融保险服务,银行,中国工商银行,广东省,深圳市,福田区,114.026607,22.527519
670,中国建设银行(深圳金沙支行),金融保险服务,银行,中国建设银行,广东省,深圳市,福田区,114.027122,22.527554
671,中国建设银行(深圳鸿景湾支行),金融保险服务,银行,中国建设银行,广东省,深圳市,福田区,114.028151,22.52214
672,中国农业银行(新纪元支行),金融保险服务,银行,中国农业银行,广东省,深圳市,福田区,114.026253,22.528091
673,中国工商银行(深圳车公庙支行),金融保险服务,银行,中国工商银行,广东省,深圳市,福田区,114.030903,22.531917
674,交通银行(深圳车公庙支行),金融保险服务,银行,交通银行,广东省,深圳市,福田区,114.025232,22.535144
675,中国建设银行(英龙支行),金融保险服务,银行,中国建设银行,广东省,深圳市,福田区,114.022569,22.534844
676,中国银行(东海支行),金融保险服务,银行,中国银行,广东省,深圳市,福田区,114.021245,22.536665
677,招商银行(总行大厦营业部),金融保险服务,银行,招商银行,广东省,深圳市,福田区,114.022922,22.536816
678,中国邮政储蓄银行(福田区支行),金融保险服务,银行,中国邮政储蓄银行,广东省,深圳市,福田区,114.028372,22.532762
679,中国银行(泰然金谷支行),金融保险服务,银行,中国银行,广东省,深圳市,福田区,114.02413,22.531713
680,华润银行(泰然支行),金融保险服务,银行,银行,广东省,深圳市,福田区,114.021712,22.531317
681,交通银行(深圳竹子林支行),金融保险服务,银行,交通银行,广东省,深圳市,福田区,114.01206,22.535119
682,中国建设银行(东海支行),金融保险服务,银行,中国建设银行,广东省,深圳市,福田区,114.024048,22.537425
683,中国邮政储蓄银行(竹子林支行),金融保险服务,银行,中国邮政储蓄银行,广东省,深圳市,福田区,114.012792,22.535928
684,华夏银行(竹子林支行),金融保险服务,银行,华夏银行,广东省,深圳市,福田区,114.010885,22.534589
685,招商银行(泰然支行),金融保险服务,银行,招商银行,广东省,深圳市,福田区,114.025813,22.535266
686,北京银行(深圳分行),金融保险服务,银行,北京银行,广东省,深圳市,福田区,114.025721,22.537534
687,平安银行(深圳香蜜湖支行),金融保险服务,银行,平安银行,广东省,深圳市,福田区,114.025331,22.537159
688,中国邮政储蓄银行(深圳下沙支行),金融保险服务,银行,中国邮政储蓄银行,广东省,深圳市,福田区,114.023978,22.524895
689,中国建设银行(深圳侨城东支行),金融保险服务,银行,中国建设银行,广东省,深圳市,福田区,113.996379,22.531709
690,友利银行(福田支行),金融保险服务,银行,银行,广东省,深圳市,福田区,114.022068,22.534554
691,渤海银行(深圳车公庙支行),金融保险服务,银行,银行,广东省,深圳市,福田区,114.023403,22.531605
692,中国光大银行(福田支行),金融保险服务,银行,中国光大银行,广东省,深圳市,福田区,114.026719,22.52748
693,中国民生银行(深圳深南支行),金融保险服务,银行,中国民生银行,广东省,深圳市,福田区,114.023192,22.534806
694,深圳农村商业银行(上沙支行),金融保险服务,银行,深圳农村商业银行,广东省,深圳市,福田区,114.028073,22.522123
695,中国光大银行(车公庙支行),金融保险服务,银行,中国光大银行,广东省,深圳市,福田区,114.020128,22.534406
696,中国工商银行(深圳侨香支行),金融保险服务,银行,中国工商银行,广东省,深圳市,福田区,114.021329,22.540325
697,徽商银行(深圳福田支行),金融保险服务,银行,银行,广东省,深圳市,福田区,114.024692,22.529897
698,广发银行(东海支行),金融保险服务,银行,广发银行,广东省,深圳市,福田区,114.019594,22.540354
699,中国光大银行(深南支行),金融保险服务,银行,中国光大银行,广东省,深圳市,福田区,114.030021,22.534345
700,中国民生银行(深圳香蜜支行),金融保险服务,银行,中国民生银行,广东省,深圳市,福田区,114.026668,22.537777
701,广东南粤银行(深圳福田支行),金融保险服务,银行,银行,广东省,深圳市,福田区,114.022903,22.534764
702,深圳农村商业银行(车公庙支行),金融保险服务,银行,深圳农村商业银行,广东省,深圳市,福田区,114.031101,22.536373
703,大众银行(福田支行),金融保险服务,银行,大众银行(香港),广东省,深圳市,福田区,114.024631,22.53508
704,中信银行(香林支行),金融保险服务,银行,中信银行,广东省,深圳市,福田区,114.019656,22.537074
705,中国工商银行(新澜支行),金融保险服务,银行,中国工商银行,广东省,深圳市,龙华区,114.055036,22.718452
706,中国农业银行(深圳观澜支行),金融保险服务,银行,中国农业银行,广东省,深圳市,龙华区,114.054609,22.717693
707,中国邮政储蓄银行(观澜营业所),金融保险服务,银行,中国邮政储蓄银行,广东省,深圳市,龙华区,114.055096,22.717913
708,平安银行(深圳观澜支行),金融保险服务,银行,平安银行,广东省,深圳市,龙华区,114.056187,22.714492
709,中国银行(观澜支行),金融保险服务,银行,中国银行,广东省,深圳市,龙华区,114.04956,22.70209
710,深圳农村商业银行(新澜支行),金融保险服务,银行,深圳农村商业银行,广东省,深圳市,龙华区,114.056533,22.716961
711,深圳农村商业银行,金融保险服务,银行,深圳农村商业银行,广东省,深圳市,龙华区,114.055947,22.713811
712,中国邮政储蓄银行(观城营业所),金融保险服务,银行,中国邮政储蓄银行,广东省,深圳市,龙华区,114.054737,22.714692
713,观澜农村信用合作社,金融保险服务,银行,农村商业银行,广东省,深圳市,龙华区,114.054322,22.717384
714,深圳农村商业银行(观澜支行),金融保险服务,银行,深圳农村商业银行,广东省,深圳市,龙华区,114.04374,22.705044
715,深圳农村商业银行(松元支行),金融保险服务,银行,深圳农村商业银行,广东省,深圳市,龙华区,114.069037,22.714636
716,中国建设银行(新澜微银行),金融保险服务,银行,中国建设银行,广东省,深圳市,龙华区,114.054596,22.718033
717,招商银行(观澜支行),金融保险服务,银行,招商银行,广东省,深圳市,龙华区,114.0576,22.717039
718,深圳农村商业银行(库坑支行),金融保险服务,银行,深圳农村商业银行,广东省,深圳市,龙华区,114.034417,22.736183
719,深圳农村商业银行福城支行,金融保险服务,银行,深圳农村商业银行,广东省,深圳市,龙华区,114.039543,22.711631
720,中国工商银行(观澜支行),金融保险服务,银行,中国工商银行,广东省,深圳市,龙华区,114.047833,22.695491
721,平安银行(深圳鹭湖支行),金融保险服务,银行,平安银行,广东省,深圳市,龙华区,114.063782,22.690347
722,中国农业银行(龙华新区支行),金融保险服务,银行,中国农业银行,广东省,深圳市,龙华区,114.049019,22.685591
723,上海浦东发展银行(观澜支行),金融保险服务,银行,上海浦东发展银行,广东省,深圳市,龙华区,114.048909,22.691035
724,中国建设银行(观澜支行),金融保险服务,银行,中国建设银行,广东省,深圳市,龙华区,114.048616,22.700239
725,中国建设银行(深圳鹭湖支行),金融保险服务,银行,中国建设银行,广东省,深圳市,龙华区,114.064239,22.690422
726,中国工商银行(龙华富士康支行),金融保险服务,银行,中国工商银行,广东省,深圳市,龙华区,114.047935,22.695467
727,深圳福田银座村镇银行(观澜支行),金融保险服务,银行,银行,广东省,深圳市,龙华区,114.052564,22.69057
728,中国银行(清湖支行),金融保险服务,银行,中国银行,广东省,深圳市,龙华区,114.036445,22.662846
729,中国邮政储蓄银行(中心园营业所),金融保险服务,银行,中国邮政储蓄银行,广东省,深圳市,龙华区,114.04758,22.700427
730,深圳农村商业银行,金融保险服务,银行,深圳农村商业银行,广东省,深圳市,龙华区,114.048655,22.701124
731,深圳宝安桂银村镇银行(观澜支行),金融保险服务,银行,银行,广东省,深圳市,龙华区,114.047541,22.695483
732,深圳农村商业银行(清湖支行),金融保险服务,银行,深圳农村商业银行,广东省,深圳市,龙华区,114.047929,22.672261
733,平安银行(深圳富士康支行),金融保险服务,银行,平安银行,广东省,深圳市,龙华区,114.050674,22.652795
734,中国工商银行(深圳坂田支行),金融保险服务,银行,中国工商银行,广东省,深圳市,龙岗区,114.060583,22.639368
735,中国建设银行(深圳五和支行),金融保险服务,银行,中国建设银行,广东省,深圳市,龙岗区,114.056913,22.63499
736,平安银行(深圳龙华支行),金融保险服务,银行,平安银行,广东省,深圳市,龙华区,114.032428,22.659749
737,广发银行(龙华支行),金融保险服务,银行,广发银行,广东省,深圳市,龙华区,114.037267,22.645263
738,深圳农村商业银行(龙华支行),金融保险服务,银行,深圳农村商业银行,广东省,深圳市,龙华区,114.037504,22.637957
739,中国农业银行(坂田支行),金融保险服务,银行,中国农业银行,广东省,深圳市,龙岗区,114.062208,22.633453
740,平安银行(深圳民治支行),金融保险服务,银行,平安银行,广东省,深圳市,龙华区,114.037273,22.634111
741,中国银行(坂田支行),金融保险服务,银行,中国银行,广东省,深圳市,龙岗区,114.068513,22.636104
742,中国邮政储蓄银行(深圳富士康支行),金融保险服务,银行,中国邮政储蓄银行,广东省,深圳市,龙华区,114.050735,22.653034
743,宝桂银行,金融保险服务,银行,银行,广东省,深圳市,龙华区,114.045218,22.637663
744,中国工商银行(深圳东环支行),金融保险服务,银行,中国工商银行,广东省,深圳市,龙华区,114.046195,22.643069
745,深圳农村商业银行(岗头支行),金融保险服务,银行,深圳农村商业银行,广东省,深圳市,龙岗区,114.063055,22.660911
746,江苏银行(五和支行),金融保险服务,银行,银行,广东省,深圳市,龙岗区,114.057752,22.636944
747,中国农业银行(民治支行),金融保险服务,银行,中国农业银行,广东省,深圳市,龙华区,114.038709,22.625391
748,宁波银行(深圳龙华支行),金融保险服务,银行,银行,广东省,深圳市,龙华区,114.045846,22.643098
749,中信银行(深圳民治支行),金融保险服务,银行,中信银行,广东省,深圳市,龙华区,114.037786,22.627425
750,中国银行(万科城支行),金融保险服务,银行,中国银行,广东省,深圳市,龙岗区,114.067466,22.649808
751,北京银行(龙华支行),金融保险服务,银行,北京银行,广东省,深圳市,龙华区,114.041711,22.6453
752,深圳福田银座村镇银行(龙华支行),金融保险服务,银行,银行,广东省,深圳市,龙华区,114.04013,22.645226
753,中国工商银行(深圳华为支行),金融保险服务,银行,中国工商银行,广东省,深圳市,龙岗区,114.064714,22.651291
754,招商银行(深圳坂田社区支行),金融保险服务,银行,招商银行,广东省,深圳市,龙岗区,114.057691,22.634694
755,平安银行(深圳坂田支行),金融保险服务,银行,平安银行,广东省,深圳市,龙岗区,114.069995,22.659834
756,中国邮政储蓄银行(坂田支行),金融保险服务,银行,中国邮政储蓄银行,广东省,深圳市,龙岗区,114.063865,22.635077
757,中国民生银行(龙华支行),金融保险服务,银行,中国民生银行,广东省,深圳市,龙华区,114.031465,22.627888
758,交通银行(深圳书香门第社区支行),金融保险服务,银行,交通银行,广东省,深圳市,龙华区,114.04735,22.59802
759,中国银行(民治支行),金融保险服务,银行,中国银行,广东省,深圳市,龙华区,114.04569,22.609412
760,中国建设银行(深圳民治支行),金融保险服务,银行,中国建设银行,广东省,深圳市,龙华区,114.044629,22.610925
761,珠海华润银行(民乐社区支行),金融保险服务,银行,银行,广东省,深圳市,龙华区,114.047516,22.60104
762,深圳农村商业银行(民乐支行),金融保险服务,银行,深圳农村商业银行,广东省,深圳市,龙华区,114.049172,22.599054
763,中国农业银行(深圳星河盛世支行),金融保险服务,银行,中国农业银行,广东省,深圳市,龙华区,114.046697,22.601908
764,深圳农村商业银行(五和支行),金融保险服务,银行,深圳农村商业银行,广东省,深圳市,龙岗区,114.061374,22.62106
765,华夏银行(龙华支行),金融保险服务,银行,华夏银行,广东省,深圳市,龙华区,114.041202,22.614513
766,深圳农村商业银行(民治支行),金融保险服务,银行,深圳农村商业银行,广东省,深圳市,龙华区,114.040947,22.618341
767,深圳农村商业银行(北站支行),金融保险服务,银行,深圳农村商业银行,广东省,深圳市,龙华区,114.034942,22.605283
768,中国农业银行(深圳龙悦居支行),金融保险服务,银行,中国农业银行,广东省,深圳市,龙华区,114.032515,22.603533
769,中国邮政储蓄银行(民康支行),金融保险服务,银行,中国邮政储蓄银行,广东省,深圳市,龙华区,114.040739,22.613468
770,中国工商银行(深圳民治支行),金融保险服务,银行,中国工商银行,广东省,深圳市,龙华区,114.033741,22.620583
771,中国邮政储蓄银行(民治支行),金融保险服务,银行,中国邮政储蓄银行,广东省,深圳市,龙华区,114.035365,22.621387
772,华夏银行(坂田支行),金融保险服务,银行,华夏银行,广东省,深圳市,龙岗区,114.058997,22.604286
773,中国建设银行,金融保险服务,银行,中国建设银行,广东省,深圳市,龙岗区,114.059241,22.604619
774,平安银行(深圳梅林支行),金融保险服务,银行,平安银行,广东省,深圳市,福田区,114.053593,22.564424
775,交通银行(深圳梅林支行),金融保险服务,银行,交通银行,广东省,深圳市,福田区,114.048691,22.564435
776,中国建设银行(深圳莲花北支行),金融保险服务,银行,中国建设银行,广东省,深圳市,福田区,114.054216,22.560293
777,深圳农村商业银行(梅林支行),金融保险服务,银行,深圳农村商业银行,广东省,深圳市,福田区,114.042852,22.562762
778,中国邮政储蓄银行(梅林支行),金融保险服务,银行,中国邮政储蓄银行,广东省,深圳市,福田区,114.048003,22.564886
779,中国农业银行(深圳梅林支行),金融保险服务,银行,中国农业银行,广东省,深圳市,福田区,114.057772,22.564284
780,中国工商银行(深圳莲花北支行),金融保险服务,银行,中国工商银行,广东省,深圳市,福田区,114.04924,22.558329
781,华夏银行(深圳梅华社区支行),金融保险服务,银行,华夏银行,广东省,深圳市,福田区,114.050602,22.564517
782,中国银行(梅林支行),金融保险服务,银行,中国银行,广东省,深圳市,福田区,114.061608,22.568115
783,平安银行(深圳卓越城支行),金融保险服务,银行,平安银行,广东省,深圳市,福田区,114.060123,22.571526
784,招商银行(金色家园支行),金融保险服务,银行,招商银行,广东省,深圳市,福田区,114.04431,22.553838
785,平安银行(深圳江苏大厦支行),金融保险服务,银行,平安银行,广东省,深圳市,福田区,114.055646,22.546295
786,中国农业银行(深圳梅丽路支行),金融保险服务,银行,中国农业银行,广东省,深圳市,福田区,114.04145,22.563951
787,交通银行(深圳景田支行),金融保险服务,银行,交通银行,广东省,深圳市,福田区,114.046419,22.55265
788,兴业银行(润裕花园社区支行),金融保险服务,银行,银行,广东省,深圳市,福田区,114.043767,22.56677
789,平安银行(深圳虹湾支行),金融保险服务,银行,平安银行,广东省,深圳市,福田区,114.037764,22.562882
790,中国银行(梅丽支行),金融保险服务,银行,中国银行,广东省,深圳市,福田区,114.039498,22.565152
791,中国光大银行(上梅林支行),金融保险服务,银行,中国光大银行,广东省,深圳市,福田区,114.053878,22.568088
792,招商银行(梅景支行),金融保险服务,银行,招商银行,广东省,深圳市,福田区,114.037744,22.56269
793,招商银行(梅林支行),金融保险服务,银行,招商银行,广东省,深圳市,福田区,114.061118,22.571049
794,中国工商银行(梅林一村支行),金融保险服务,银行,中国工商银行,广东省,深圳市,福田区,114.038773,22.564783
795,中国银行(福田支行),金融保险服务,银行,中国银行,广东省,深圳市,福田区,114.042197,22.546494
796,中国建设银行(深圳红荔支行),金融保险服务,银行,中国建设银行,广东省,深圳市,福田区,114.044693,22.550988
797,中国工商银行(深圳景田支行),金融保险服务,银行,中国工商银行,广东省,深圳市,福田区,114.04391,22.553722
798,上海浦东发展银行(梅林支行),金融保险服务,银行,上海浦东发展银行,广东省,深圳市,福田区,114.059799,22.564495
799,中国民生银行(深圳福田支行),金融保险服务,银行,中国民生银行,广东省,深圳市,福田区,114.047536,22.550851
800,中国建设银行(深圳梅林支行),金融保险服务,银行,中国建设银行,广东省,深圳市,福田区,114.061126,22.570905
801,深圳建设银行分行营业部,金融保险服务,银行,中国建设银行,广东省,深圳市,福田区,114.055725,22.54364
802,中国光大银行(景田支行),金融保险服务,银行,中国光大银行,广东省,深圳市,福田区,114.042687,22.554867
803,兴业银行(缔梦园社区支行),金融保险服务,银行,兴业银行,广东省,深圳市,福田区,114.040905,22.552269
804,招商银行(深圳福民支行),金融保险服务,银行,招商银行,广东省,深圳市,福田区,114.052372,22.522642
805,平安银行(深圳皇岗支行),金融保险服务,银行,平安银行,广东省,深圳市,福田区,114.059715,22.52505
806,中国银行(福民支行),金融保险服务,银行,中国银行,广东省,深圳市,福田区,114.053322,22.523584
807,平安银行(深圳石厦支行),金融保险服务,银行,平安银行,广东省,深圳市,福田区,114.051049,22.522634
808,中国建设银行(石厦支行),金融保险服务,银行,中国建设银行,广东省,深圳市,福田区,114.053492,22.520002
809,中国农业银行(深圳新洲支行),金融保险服务,银行,中国农业银行,广东省,深圳市,福田区,114.053251,22.522347
810,平安银行(深圳益田支行),金融保险服务,银行,平安银行,广东省,深圳市,福田区,114.053178,22.516426
811,广发银行(新洲支行),金融保险服务,银行,广发银行,广东省,深圳市,福田区,114.047552,22.52438
812,中国工商银行(益田支行),金融保险服务,银行,中国工商银行,广东省,深圳市,福田区,114.045156,22.518688
813,中国农业银行(新沙支行),金融保险服务,银行,中国农业银行,广东省,深圳市,福田区,114.044805,22.524329
814,中国建设银行(阳光四季微银行),金融保险服务,银行,中国建设银行,广东省,深圳市,福田区,114.051816,22.526142
815,华润银行(福田支行),金融保险服务,银行,银行,广东省,深圳市,福田区,114.05833,22.533226
816,兴业银行(深圳皇岗支行),金融保险服务,银行,兴业银行,广东省,深圳市,福田区,114.056997,22.52264
817,平安银行(深圳水围支行),金融保险服务,银行,平安银行,广东省,深圳市,福田区,114.064782,22.521266
818,广发银行(皇岗支行),金融保险服务,银行,广发银行,广东省,深圳市,福田区,114.058424,22.522708
819,平安银行(深圳时代金融支行),金融保险服务,银行,平安银行,广东省,深圳市,福田区,114.05484,22.538049
820,中国工商银行(福民支行),金融保险服务,银行,中国工商银行,广东省,深圳市,福田区,114.057045,22.524916
821,中国建设银行(深圳益民支行),金融保险服务,银行,中国建设银行,广东省,深圳市,福田区,114.058222,22.522673
822,中国建设银行(深圳金地支行),金融保险服务,银行,中国建设银行,广东省,深圳市,福田区,114.045558,22.517205
823,中国建设银行(深圳益田支行),金融保险服务,银行,中国建设银行,广东省,深圳市,福田区,114.051176,22.515747
824,中国邮政储蓄银行(深圳福民支行),金融保险服务,银行,中国邮政储蓄银行,广东省,深圳市,福田区,114.057551,22.522793
825,招商银行(深圳时代广场支行),金融保险服务,银行,招商银行,广东省,深圳市,福田区,114.057286,22.534401
826,中国建设银行(深圳铁路支行),金融保险服务,银行,中国建设银行,广东省,深圳市,福田区,114.042744,22.524889
827,华夏银行(深圳益田支行),金融保险服务,银行,华夏银行,广东省,深圳市,福田区,114.056155,22.524211
828,招商银行(深圳益田支行),金融保险服务,银行,招商银行,广东省,深圳市,福田区,114.046243,22.514939
829,中国工商银行(深圳福强支行),金融保险服务,银行,中国工商银行,广东省,深圳市,福田区,114.05835,22.515018
830,杭州银行(深圳福田支行),金融保险服务,银行,银行,广东省,深圳市,福田区,114.062483,22.523492
831,交通银行(深圳祥云天都社区支行),金融保险服务,银行,交通银行,广东省,深圳市,福田区,114.043658,22.521158
832,交通银行(深圳福田支行),金融保险服务,银行,交通银行,广东省,深圳市,福田区,114.062736,22.523495
833,中国民生银行(石厦社区支行),金融保险服务,银行,中国民生银行,广东省,深圳市,福田区,114.054875,22.526472
834,中信银行(深圳分行营业部),金融保险服务,银行,中信银行,广东省,深圳市,福田区,114.058098,22.534276
835,中信银行(深圳福强支行),金融保险服务,银行,中信银行,广东省,深圳市,福田区,114.046107,22.517992
836,深圳农村商业银行(福田支行),金融保险服务,银行,深圳农村商业银行,广东省,深圳市,福田区,114.063953,22.532298
837,上海浦东发展银行(分行营业部),金融保险服务,银行,上海浦东发展银行,广东省,深圳市,福田区,114.057595,22.532942
838,中国工商银行(深圳观澜湖支行),金融保险服务,银行,中国工商银行,广东省,深圳市,龙华区,114.07741,22.723729
839,深圳农村商业银行(新田支行),金融保险服务,银行,深圳农村商业银行,广东省,深圳市,龙华区,114.08674,22.702106
840,深圳农村商业银行(牛湖支行),金融保险服务,银行,深圳农村商业银行,广东省,深圳市,龙华区,114.073582,22.720782
841,中国邮政储蓄银行(新田支行),金融保险服务,银行,中国邮政储蓄银行,广东省,深圳市,龙华区,114.08879,22.701009
842,深圳农村商业银行(樟坑径支行),金融保险服务,银行,深圳农村商业银行,广东省,深圳市,龙华区,114.078142,22.685639
843,中国邮政储蓄银行(宝龙支行),金融保险服务,银行,中国邮政储蓄银行,广东省,深圳市,福田区,114.042751,22.527226
844,徽商银行(深圳分行),金融保险服务,银行,银行,广东省,深圳市,福田区,114.063577,22.534148
845,广发银行(福田支行),金融保险服务,银行,广发银行,广东省,深圳市,福田区,114.071345,22.539542
846,中国信托商业银行,金融保险服务,银行,银行,广东省,深圳市,福田区,114.058111,22.535964
847,中国民生银行(深圳皇岗支行),金融保险服务,银行,中国民生银行,广东省,深圳市,福田区,114.067671,22.533966
848,中国邮政储蓄银行(上沙支行),金融保险服务,银行,中国邮政储蓄银行,广东省,深圳市,福田区,114.066503,22.523077
849,中国邮政储蓄银行(雪象营业所),金融保险服务,银行,中国邮政储蓄银行,广东省,深圳市,龙岗区,114.090656,22.637603
850,深圳农村商业银行,金融保险服务,银行,深圳农村商业银行,广东省,深圳市,龙岗区,114.105676,22.654091
851,珠江村镇银行(坂田支行),金融保险服务,银行,银行,广东省,深圳市,龙岗区,114.079504,22.630746
852,深圳农村商业银行(雪象支行),金融保险服务,银行,银行,广东省,深圳市,龙岗区,114.078111,22.649338
853,中信银行(深圳坂田社区支行),金融保险服务,银行,中信银行,广东省,深圳市,龙岗区,114.075971,22.660147
854,广发银行(深圳分行坂田支行),金融保险服务,银行,广发银行,广东省,深圳市,龙岗区,114.071914,22.62354
855,深圳农村商业银行(扬马支行),金融保险服务,银行,深圳农村商业银行,广东省,深圳市,龙岗区,114.073534,22.62713
856,中国邮政储蓄银行(大靓支行),金融保险服务,银行,中国邮政储蓄银行,广东省,深圳市,龙岗区,114.109609,22.606457
857,中国邮政储蓄银行(二楼营业厅),金融保险服务,银行,中国邮政储蓄银行,广东省,深圳市,龙岗区,114.109627,22.606432
858,深圳农村商业银行(坂田国际中心支行),金融保险服务,银行,银行,广东省,深圳市,龙岗区,114.077065,22.618605
859,深圳福田银座村镇银行(坂田支行),金融保险服务,银行,银行,广东省,深圳市,龙岗区,114.074479,22.615761
860,招商银行(深圳第五园社区支行),金融保险服务,银行,招商银行,广东省,深圳市,龙岗区,114.072813,22.617789
861,平安银行(深圳八卦岭支行),金融保险服务,银行,平安银行,广东省,深圳市,福田区,114.099472,22.564616
862,交通银行(深圳八卦岭支行),金融保险服务,银行,交通银行,广东省,深圳市,福田区,114.099506,22.562761
863,中信银行(八卦岭支行),金融保险服务,银行,中信银行,广东省,深圳市,福田区,114.095204,22.558792
864,中国工商银行小企业金融业务中心,金融保险服务,银行,中国工商银行,广东省,深圳市,福田区,114.09559,22.560591
865,中国工商银行(八卦岭支行),金融保险服务,银行,中国工商银行,广东省,深圳市,福田区,114.095617,22.560828
866,兴业银行(深圳八卦岭支行),金融保险服务,银行,兴业银行,广东省,深圳市,福田区,114.095584,22.560613
867,招商银行(深圳八卦岭支行),金融保险服务,银行,招商银行,广东省,深圳市,福田区,114.10221,22.558643
868,中国民生银行(深圳上步支行),金融保险服务,银行,中国民生银行,广东省,深圳市,福田区,114.09579,22.558336
869,中国光大银行(深圳八卦岭支行),金融保险服务,银行,中国光大银行,广东省,深圳市,福田区,114.098384,22.562161
870,中国邮政储蓄银行(八卦岭支行),金融保险服务,银行,中国邮政储蓄银行,广东省,深圳市,福田区,114.099488,22.556649
871,平安银行(深圳旭飞支行),金融保险服务,银行,平安银行,广东省,深圳市,福田区,114.103225,22.558662
872,小电(中国民生银行深圳上步支行),金融保险服务,银行,中国民生银行,广东省,深圳市,福田区,114.095857,22.55833
873,中国农业银行(深圳八卦岭支行),金融保险服务,银行,中国农业银行,广东省,深圳市,福田区,114.102976,22.558989
874,深圳农村商业银行(红岭支行),金融保险服务,银行,深圳农村商业银行,广东省,深圳市,罗湖区,114.104915,22.552611
875,中国建设银行(深圳八卦岭支行),金融保险服务,银行,中国建设银行,广东省,深圳市,福田区,114.099402,22.563934
876,中国农业银行(红岭北路支行),金融保险服务,银行,中国农业银行,广东省,深圳市,福田区,114.103573,22.563904
877,招商银行(百花支行),金融保险服务,银行,招商银行,广东省,深圳市,福田区,114.092162,22.551014
878,中信银行(笋岗支行),金融保险服务,银行,中信银行,广东省,深圳市,罗湖区,114.10534,22.556669
879,中国建设银行(深圳星湖花园微银行),金融保险服务,银行,中国建设银行,广东省,深圳市,罗湖区,114.100459,22.567345
880,兴业银行(兴业社区支行),金融保险服务,银行,兴业银行,广东省,深圳市,福田区,114.095183,22.553747
881,浦发银行(百花支行),金融保险服务,银行,上海浦东发展银行,广东省,深圳市,福田区,114.090133,22.552866
882,中国银行(黄木岗支行),金融保险服务,银行,中国银行,广东省,深圳市,福田区,114.085238,22.554901
883,平安银行(梅园路),金融保险服务,银行,平安银行,广东省,深圳市,罗湖区,114.108263,22.561833
884,中国建设银行(深圳振兴支行),金融保险服务,银行,中国建设银行,广东省,深圳市,福田区,114.091559,22.546718
885,中国银行(长城支行),金融保险服务,银行,中国银行,广东省,深圳市,福田区,114.091489,22.550716
886,中国建设银行(深圳长城支行),金融保险服务,银行,中国建设银行,广东省,深圳市,福田区,114.089873,22.552237
887,中国工商银行(深圳园岭支行),金融保险服务,银行,中国工商银行,广东省,深圳市,福田区,114.098548,22.551935
888,广发银行(华强支行),金融保险服务,银行,广发银行,广东省,深圳市,福田区,114.0861,22.543819
889,中国工商银行(深圳百花支行),金融保险服务,银行,中国工商银行,广东省,深圳市,福田区,114.092837,22.551618
890,中国工商银行(深圳黄木岗支行),金融保险服务,银行,中国工商银行,广东省,深圳市,福田区,114.084759,22.555143
891,平安银行(深圳长城支行),金融保险服务,银行,平安银行,广东省,深圳市,福田区,114.088501,22.551497
892,中国农业银行(华强支行),金融保险服务,银行,中国农业银行,广东省,深圳市,福田区,114.087732,22.544217
893,中国建设银行(深圳长盛支行),金融保险服务,银行,中国建设银行,广东省,深圳市,福田区,114.08845,22.549488
894,交通银行(深圳红荔支行),金融保险服务,银行,交通银行,广东省,深圳市,福田区,114.085393,22.549258
895,平安银行(深圳分行营业部),金融保险服务,银行,平安银行,广东省,深圳市,福田区,114.096792,22.539722
896,平安银行(总行营业部),金融保险服务,银行,平安银行,广东省,深圳市,罗湖区,114.107394,22.540553
897,深圳福田银座村镇银行(福虹路),金融保险服务,银行,银行,广东省,深圳市,福田区,114.083612,22.538907
898,交通银行(深圳滨河支行),金融保险服务,银行,交通银行,广东省,深圳市,福田区,114.083865,22.530828
899,深圳农村商业银行(南园支行),金融保险服务,银行,深圳农村商业银行,广东省,深圳市,福田区,114.094771,22.537699
900,广发银行(深圳分行营业部),金融保险服务,银行,广发银行,广东省,深圳市,福田区,114.07152,22.539304
901,中国建设银行(深圳爱华支行),金融保险服务,银行,中国建设银行,广东省,深圳市,福田区,114.09246,22.53848
902,招商银行(福华支行),金融保险服务,银行,招商银行,广东省,深圳市,福田区,114.083613,22.538874
903,中国建设银行(深圳福祥支行),金融保险服务,银行,中国建设银行,广东省,深圳市,福田区,114.082992,22.532372
904,平安银行个人信贷中心,金融保险服务,银行,平安银行,广东省,深圳市,福田区,114.088941,22.541212
905,深圳农村商业银行(赤尾支行),金融保险服务,银行,深圳农村商业银行,广东省,深圳市,福田区,114.086147,22.53184
906,中国银行(福星支行),金融保险服务,银行,中国银行,广东省,深圳市,福田区,114.077434,22.532544
907,交通银行(华发支行),金融保险服务,银行,交通银行,广东省,深圳市,福田区,114.089467,22.541218
908,中国建设银行(深圳罗湖支行),金融保险服务,银行,中国建设银行,广东省,深圳市,罗湖区,114.106577,22.539635
909,中国工商银行(深圳皇岗支行),金融保险服务,银行,中国工商银行,广东省,深圳市,福田区,114.076791,22.528353
910,平安银行(深圳福星支行),金融保险服务,银行,平安银行,广东省,深圳市,福田区,114.081628,22.532754
911,中国农业银行(上步支行),金融保险服务,银行,中国农业银行,广东省,深圳市,福田区,114.083504,22.539341
912,平安银行(深圳中电支行),金融保险服务,银行,平安银行,广东省,深圳市,福田区,114.089062,22.541308
913,兴业银行(上步支行),金融保险服务,银行,兴业银行,广东省,深圳市,福田区,114.090564,22.540887
914,交通银行(华强支行),金融保险服务,银行,交通银行,广东省,深圳市,福田区,114.086005,22.540821
915,中国民生银行(深圳华强支行),金融保险服务,银行,中国民生银行,广东省,深圳市,福田区,114.084564,22.54106
916,兴业银行(鸿图大厦社区支行),金融保险服务,银行,兴业银行,广东省,深圳市,福田区,114.081082,22.535542
917,中国银行(红岭支行),金融保险服务,银行,中国银行,广东省,深圳市,福田区,114.10453,22.539949
918,中国工商银行(深圳福园支行),金融保险服务,银行,中国工商银行,广东省,深圳市,福田区,114.087163,22.538246
919,中国银行(滨河支行),金融保险服务,银行,中国银行,广东省,深圳市,福田区,114.094621,22.538941
920,中国建设银行(深圳上步支行),金融保险服务,银行,中国建设银行,广东省,深圳市,福田区,114.081419,22.537282
921,中国建设银行(鸿图大厦支行),金融保险服务,银行,中国建设银行,广东省,深圳市,福田区,114.081066,22.535552
922,招商银行(上步支行),金融保险服务,银行,招商银行,广东省,深圳市,福田区,114.102675,22.541219
923,中国银行(河套皇岗支行),金融保险服务,银行,中国银行,广东省,深圳市,福田区,114.07615,22.525304
924,招商银行(深圳金丰城支行),金融保险服务,银行,招商银行,广东省,深圳市,罗湖区,114.110114,22.540882
925,中国银行(北方大厦支行),金融保险服务,银行,中国银行,广东省,深圳市,福田区,114.085211,22.540153
926,中国光大银行(华强支行),金融保险服务,银行,中国光大银行,广东省,深圳市,福田区,114.08327,22.539804
927,中国建设银行(深圳深南中路支行),金融保险服务,银行,中国建设银行,广东省,深圳市,福田区,114.103064,22.540173
928,深圳农村商业银行1栋,金融保险服务,银行,深圳农村商业银行,广东省,深圳市,福田区,114.083812,22.537318
929,中国工商银行(深圳台湾花园支行),金融保险服务,银行,中国工商银行,广东省,深圳市,福田区,114.101865,22.537309
930,上海银行(深圳红岭支行),金融保险服务,银行,上海银行,广东省,深圳市,福田区,114.104404,22.537939
931,中国农业银行(深圳兴华支行),金融保险服务,银行,中国农业银行,广东省,深圳市,福田区,114.093435,22.540379
932,兴业银行(深圳深南支行),金融保险服务,银行,兴业银行,广东省,深圳市,福田区,114.077388,22.539351
933,交通银行(深圳分行),金融保险服务,银行,交通银行,广东省,深圳市,福田区,114.08375,22.540929
934,平安银行(深圳平湖支行),金融保险服务,银行,平安银行,广东省,深圳市,龙岗区,114.129142,22.696594
935,中国农业银行(深圳华南城支行),金融保险服务,银行,中国农业银行,广东省,深圳市,龙岗区,114.126768,22.677266
936,深圳农村商业银行(平湖支行),金融保险服务,银行,深圳农村商业银行,广东省,深圳市,龙岗区,114.132088,22.695043
937,中国银行(华南城支行),金融保险服务,银行,中国银行,广东省,深圳市,龙岗区,114.124587,22.675892
938,深圳福田银座村镇银行(富安大道),金融保险服务,银行,银行,广东省,深圳市,龙岗区,114.133641,22.682092
939,中国工商银行(深圳华南城支行),金融保险服务,银行,中国工商银行,广东省,深圳市,龙岗区,114.126796,22.675306
940,兴业银行,金融保险服务,银行,兴业银行,广东省,深圳市,龙岗区,114.124989,22.681708
941,中国建设银行(深圳华南城支行),金融保险服务,银行,中国建设银行,广东省,深圳市,龙岗区,114.123962,22.676765
942,中国银行(华南城支行),金融保险服务,银行,中国银行,广东省,深圳市,龙岗区,114.123899,22.675865
943,中国邮政储蓄银行(华南城支行),金融保险服务,银行,中国邮政储蓄银行,广东省,深圳市,龙岗区,114.130232,22.680097
944,交通银行(深圳平湖支行),金融保险服务,银行,交通银行,广东省,深圳市,龙岗区,114.126021,22.696568
945,中国邮政储蓄银行(富民路营业所),金融保险服务,银行,中国邮政储蓄银行,广东省,深圳市,龙岗区,114.142024,22.682976
946,中国农业银行(平湖支行),金融保险服务,银行,中国农业银行,广东省,深圳市,龙岗区,114.129355,22.698595
947,杭州银行(深圳平湖支行),金融保险服务,银行,银行,广东省,深圳市,龙岗区,114.120423,22.681472
948,中国建设银行(双拥街社区支行),金融保险服务,银行,中国建设银行,广东省,深圳市,龙岗区,114.132281,22.697937
949,中国工商银行(平湖支行),金融保险服务,银行,中国工商银行,广东省,深圳市,龙岗区,114.141675,22.69691
950,中国银行(平湖支行),金融保险服务,银行,中国银行,广东省,深圳市,龙岗区,114.144244,22.695126
951,深圳农村商业银行(良安田支行),金融保险服务,银行,深圳农村商业银行,广东省,深圳市,龙岗区,114.140883,22.670679
952,中国邮政储蓄银行(平湖营业所),金融保险服务,银行,中国邮政储蓄银行,广东省,深圳市,龙岗区,114.133162,22.699108
953,上海浦东发展银行(平湖支行),金融保险服务,银行,银行,广东省,深圳市,龙岗区,114.121576,22.676522
954,交通银行(深圳平建大厦社区支行),金融保险服务,银行,交通银行,广东省,深圳市,龙岗区,114.126124,22.69656
955,深圳农村商业银行(凤凰湖支行),金融保险服务,银行,深圳农村商业银行,广东省,深圳市,龙岗区,114.143287,22.695791
956,中国建设银行(平湖支行),金融保险服务,银行,中国建设银行,广东省,深圳市,龙岗区,114.142168,22.696678
957,中国工商银行(李朗支行),金融保险服务,银行,中国工商银行,广东省,深圳市,龙岗区,114.127121,22.642905
958,深圳农村商业银行(李朗支行),金融保险服务,银行,深圳农村商业银行,广东省,深圳市,龙岗区,114.135194,22.638908
959,平安银行(深圳三联天彩支行),金融保险服务,银行,平安银行,广东省,深圳市,龙岗区,114.114695,22.628793
960,招商银行(暂停营业),金融保险服务,银行,招商银行,广东省,深圳市,龙岗区,114.132654,22.623813
961,中国农业银行(深圳南湾支行),金融保险服务,银行,中国农业银行,广东省,深圳市,龙岗区,114.138338,22.625273
962,中信银行信用卡客服中心,金融保险服务,银行,银行,广东省,深圳市,龙岗区,114.115211,22.650245
963,中国建设银行(慢城社区支行),金融保险服务,银行,中国建设银行,广东省,深圳市,龙岗区,114.131056,22.622918
964,中国工商银行(深圳布吉支行),金融保险服务,银行,中国工商银行,广东省,深圳市,龙岗区,114.128048,22.658989
965,深圳农村商业银行(吉华支行),金融保险服务,银行,深圳农村商业银行,广东省,深圳市,龙岗区,114.116117,22.626814
966,宝生村镇银行(龙岗支行),金融保险服务,银行,银行,广东省,深圳市,龙岗区,114.138439,22.62503
967,招商银行(深圳布吉支行),金融保险服务,银行,招商银行,广东省,深圳市,龙岗区,114.122077,22.598354
968,中国建设银行(吉华支行),金融保险服务,银行,中国建设银行,广东省,深圳市,龙岗区,114.130282,22.608718
969,中国银行(罗岗支行),金融保险服务,银行,中国银行,广东省,深圳市,龙岗区,114.122397,22.598105
970,交通银行(深圳布吉支行),金融保险服务,银行,交通银行,广东省,深圳市,龙岗区,114.123771,22.608395
971,平安银行(深圳罗岗支行),金融保险服务,银行,平安银行,广东省,深圳市,龙岗区,114.131035,22.590597
972,中国银行(布吉支行),金融保险服务,银行,中国银行,广东省,深圳市,龙岗区,114.128271,22.607583
973,中国农业银行(罗岗支行),金融保险服务,银行,中国农业银行,广东省,深圳市,龙岗区,114.124253,22.595763
974,中国工商银行(深圳百合支行),金融保险服务,银行,中国工商银行,广东省,深圳市,龙岗区,114.121493,22.59825
975,广发银行,金融保险服务,银行,广发银行,广东省,深圳市,龙岗区,114.130045,22.608936
976,中国建设银行(布吉支行),金融保险服务,银行,中国建设银行,广东省,深圳市,龙岗区,114.117982,22.606453
977,中信银行(深圳布吉支行),金融保险服务,银行,中信银行,广东省,深圳市,龙岗区,114.123381,22.596004
978,中国工商银行(吉信支行),金融保险服务,银行,中国工商银行,广东省,深圳市,龙岗区,114.116979,22.600386
979,深圳农村商业银行(吉信支行),金融保险服务,银行,深圳农村商业银行,广东省,深圳市,龙岗区,114.117175,22.600747
980,中国农业银行(深圳布吉支行),金融保险服务,银行,中国农业银行,广东省,深圳市,龙岗区,114.117848,22.605368
981,中国建设银行(深圳罗岗支行),金融保险服务,银行,中国建设银行,广东省,深圳市,龙岗区,114.124257,22.593631
982,中国农业银行(振兴支行),金融保险服务,银行,中国农业银行,广东省,深圳市,龙岗区,114.117673,22.600484
983,中国建设银行(桂芳园社区支行),金融保险服务,银行,中国建设银行,广东省,深圳市,龙岗区,114.139902,22.608911
984,中国工商银行(深圳万象汇支行),金融保险服务,银行,中国工商银行,广东省,深圳市,龙岗区,114.130401,22.591495
985,中国银行(大芬支行),金融保险服务,银行,中国银行,广东省,深圳市,龙岗区,114.138305,22.612714
986,深圳农村商业银行布吉支行办理银行业务专用停车场(出入口),金融保险服务,银行,深圳农村商业银行,广东省,深圳市,龙岗区,114.125815,22.607017
987,华夏银行(深圳布吉支行),金融保险服务,银行,华夏银行,广东省,深圳市,龙岗区,114.127642,22.607425
988,中国邮政储蓄银行(百盛支行),金融保险服务,银行,银行,广东省,深圳市,龙岗区,114.12493,22.608096
989,深圳农村商业银行(金鹏支行),金融保险服务,银行,深圳农村商业银行,广东省,深圳市,龙岗区,114.118423,22.605997
990,平安银行(深圳布吉支行),金融保险服务,银行,平安银行,广东省,深圳市,龙岗区,114.112993,22.608008
991,中国银行(布吉老街支行),金融保险服务,银行,中国银行,广东省,深圳市,龙岗区,114.117532,22.600872
992,中国邮政储蓄银行(信义支行),金融保险服务,银行,中国邮政储蓄银行,广东省,深圳市,龙岗区,114.124378,22.594063
993,招商银行(深圳翠竹支行),金融保险服务,银行,招商银行,广东省,深圳市,罗湖区,114.130031,22.561193
994,交通银行(深圳翠竹支行),金融保险服务,银行,交通银行,广东省,深圳市,罗湖区,114.129522,22.559575
995,中国建设银行(翠园支行),金融保险服务,银行,中国建设银行,广东省,深圳市,罗湖区,114.130164,22.559904
996,中国工商银行(深圳翠竹北支行),金融保险服务,银行,中国工商银行,广东省,深圳市,罗湖区,114.130093,22.561566
997,中国民生银行(深圳东门支行),金融保险服务,银行,中国民生银行,广东省,深圳市,罗湖区,114.133641,22.557982
998,中国光大银行(华丽支行),金融保险服务,银行,中国光大银行,广东省,深圳市,罗湖区,114.132715,22.557355
999,中国农业银行(深圳金福支行),金融保险服务,银行,中国农业银行,广东省,深圳市,罗湖区,114.130384,22.557903
1000,招商银行(东门支行),金融保险服务,银行,招商银行,广东省,深圳市,罗湖区,114.131692,22.550949
1001,中国银行(水贝支行),金融保险服务,银行,中国银行,广东省,深圳市,罗湖区,114.126158,22.566507
1002,北京银行(翠竹社区支行),金融保险服务,银行,银行,广东省,深圳市,罗湖区,114.130242,22.561957
1003,中国工商银行(深圳洪湖支行),金融保险服务,银行,中国工商银行,广东省,深圳市,罗湖区,114.127015,22.566326
1004,平安银行(深圳罗湖支行),金融保险服务,银行,平安银行,广东省,深圳市,罗湖区,114.131854,22.545966
1005,平安银行(深圳水贝珠宝支行),金融保险服务,银行,平安银行,广东省,深圳市,罗湖区,114.12822,22.569417
1006,中国农业银行(珠宝中心支行),金融保险服务,银行,中国农业银行,广东省,深圳市,罗湖区,114.128083,22.567141
1007,中国银行(文锦广场支行),金融保险服务,银行,中国银行,广东省,深圳市,罗湖区,114.125366,22.557734
1008,中国邮政储蓄银行(深圳田贝支行),金融保险服务,银行,中国邮政储蓄银行,广东省,深圳市,罗湖区,114.128192,22.566572
1009,中国银行(水库新村支行),金融保险服务,银行,中国银行,广东省,深圳市,罗湖区,114.140002,22.561925
1010,中国光大银行(水贝支行),金融保险服务,银行,中国光大银行,广东省,深圳市,罗湖区,114.124122,22.566091
1011,中国农业银行(深圳翠竹支行),金融保险服务,银行,中国农业银行,广东省,深圳市,罗湖区,114.12926,22.569786
1012,中国建设银行(深圳翠竹支行),金融保险服务,银行,中国建设银行,广东省,深圳市,罗湖区,114.129762,22.570218
1013,中国工商银行(深圳水贝支行),金融保险服务,银行,中国工商银行,广东省,深圳市,罗湖区,114.126482,22.571025
1014,中国光大银行(田贝支行),金融保险服务,银行,中国光大银行,广东省,深圳市,罗湖区,114.122544,22.563844
1015,中国建设银行(深圳凤凰支行),金融保险服务,银行,中国建设银行,广东省,深圳市,罗湖区,114.131674,22.549735
1016,中国工商银行(深圳百仕达支行),金融保险服务,银行,中国工商银行,广东省,深圳市,罗湖区,114.135545,22.571994
1017,中国建设银行(深圳东乐支行),金融保险服务,银行,中国建设银行,广东省,深圳市,罗湖区,114.141622,22.567402
1018,中国建设银行(深圳碧波支行),金融保险服务,银行,中国建设银行,广东省,深圳市,罗湖区,114.142536,22.559887
1019,中国建设银行(深圳田贝支行),金融保险服务,银行,中国建设银行,广东省,深圳市,罗湖区,114.120175,22.558437
1020,平安银行(深圳东乐支行),金融保险服务,银行,平安银行,广东省,深圳市,罗湖区,114.138823,22.569401
1021,招商银行(百仕达支行),金融保险服务,银行,招商银行,广东省,深圳市,罗湖区,114.135312,22.571994
1022,兴业银行(深圳文锦支行),金融保险服务,银行,兴业银行,广东省,深圳市,罗湖区,114.13039,22.55009
1023,深圳农村商业银行(罗湖支行营业部),金融保险服务,银行,深圳农村商业银行,广东省,深圳市,罗湖区,114.117483,22.543629
1024,兴业银行(翠盈嘉园社区支行),金融保险服务,银行,兴业银行,广东省,深圳市,罗湖区,114.122794,22.55701
1025,中国工商银行(深圳宝湖支行),金融保险服务,银行,中国工商银行,广东省,深圳市,罗湖区,114.122068,22.556797
1026,兴业银行(水贝支行),金融保险服务,银行,兴业银行,广东省,深圳市,罗湖区,114.124704,22.567104
1027,平安银行(深圳东门支行),金融保险服务,银行,平安银行,广东省,深圳市,罗湖区,114.119504,22.543631
1028,中国银行(翠竹北路支行),金融保险服务,银行,中国银行,广东省,深圳市,罗湖区,114.126209,22.573486
1029,中国银行(华丽支行),金融保险服务,银行,中国银行,广东省,深圳市,罗湖区,114.134612,22.55225
1030,中国邮政储蓄银行(东湖支行),金融保险服务,银行,中国邮政储蓄银行,广东省,深圳市,罗湖区,114.141009,22.564913
1031,中国农业银行(中山花园支行),金融保险服务,银行,中国农业银行,广东省,深圳市,罗湖区,114.135637,22.548579
1032,交通银行(深圳东门支行),金融保险服务,银行,交通银行,广东省,深圳市,罗湖区,114.118952,22.548543
1033,中信银行(深圳罗湖支行),金融保险服务,银行,中信银行,广东省,深圳市,罗湖区,114.120242,22.542347
1034,中国农业银行(人民北路支行),金融保险服务,银行,中国农业银行,广东省,深圳市,罗湖区,114.121127,22.554839
1035,招商银行(深圳文锦渡支行),金融保险服务,银行,招商银行,广东省,深圳市,罗湖区,114.135805,22.545435
1036,中国建设银行(深圳黄贝岭支行),金融保险服务,银行,中国建设银行,广东省,深圳市,罗湖区,114.130479,22.544531
1037,广东南粤银行(深圳罗湖支行),金融保险服务,银行,银行,广东省,深圳市,罗湖区,114.125121,22.565734
1038,中国银行(英达花园支行),金融保险服务,银行,中国银行,广东省,深圳市,罗湖区,114.121688,22.576231
1039,上海浦东发展银行(文锦支行),金融保险服务,银行,上海浦东发展银行,广东省,深圳市,罗湖区,114.130201,22.54539
1040,中国光大银行(深南东路支行),金融保险服务,银行,中国光大银行,广东省,深圳市,罗湖区,114.126434,22.543914
1041,中国农业银行(深圳罗湖支行),金融保险服务,银行,中国农业银行,广东省,深圳市,罗湖区,114.124676,22.543931
1042,中国农业银行(深圳笋田支行),金融保险服务,银行,中国农业银行,广东省,深圳市,罗湖区,114.112647,22.567476
1043,中国银行(东乐支行),金融保险服务,银行,中国银行,广东省,深圳市,罗湖区,114.13561,22.57199
1044,中国银行(东门支行),金融保险服务,银行,中国银行,广东省,深圳市,罗湖区,114.121872,22.547206
1045,中国农业银行(东湖支行),金融保险服务,银行,中国农业银行,广东省,深圳市,罗湖区,114.143191,22.577572
1046,华润银行(百仕达社区支行),金融保险服务,银行,银行,广东省,深圳市,罗湖区,114.13789,22.569238
1047,中国农业银行(深圳东门支行),金融保险服务,银行,中国农业银行,广东省,深圳市,罗湖区,114.119184,22.546861
1048,中国工商银行(深圳深东支行),金融保险服务,银行,中国工商银行,广东省,深圳市,罗湖区,114.127985,22.544283
1049,中国农业银行(深圳东盛支行),金融保险服务,银行,中国农业银行,广东省,深圳市,罗湖区,114.126124,22.576839
1050,深圳农村商业银行(鹅公岭支行),金融保险服务,银行,深圳农村商业银行,广东省,深圳市,龙岗区,114.152241,22.680903
1051,广州银行(罗湖支行),金融保险服务,银行,银行,广东省,深圳市,罗湖区,114.122771,22.543537
1052,深圳罗湖蓝海村镇银行BOCB(水贝支行),金融保险服务,银行,银行,广东省,深圳市,罗湖区,114.128456,22.57102
1053,华夏银行(水贝支行),金融保险服务,银行,华夏银行,广东省,深圳市,罗湖区,114.124414,22.572443
1054,中国银行(振业城支行),金融保险服务,银行,中国银行,广东省,深圳市,龙岗区,114.181149,22.63507
1055,中国农业银行(深圳平湖海吉星支行),金融保险服务,银行,中国农业银行,广东省,深圳市,龙岗区,114.162523,22.645673
1056,中国工商银行(深圳横岗支行),金融保险服务,银行,中国工商银行,广东省,深圳市,龙岗区,114.187244,22.63778
1057,深圳农村商业银行(横岗支行),金融保险服务,银行,深圳农村商业银行,广东省,深圳市,龙岗区,114.189055,22.635038
1058,深圳农村商业银行(白泥坑支行),金融保险服务,银行,深圳农村商业银行,广东省,深圳市,龙岗区,114.156047,22.653375
1059,中国邮政储蓄银行(白泥坑支行),金融保险服务,银行,中国邮政储蓄银行,广东省,深圳市,龙岗区,114.15194,22.649042
1060,深圳农村商业银行(大望支行),金融保险服务,银行,深圳农村商业银行,广东省,深圳市,罗湖区,114.175276,22.600579
1061,中国邮政储蓄银行(沙湾支局),金融保险服务,银行,中国邮政储蓄银行,广东省,深圳市,罗湖区,114.164777,22.607316
1062,深圳农村商业银行(南湾支行),金融保险服务,银行,深圳农村商业银行,广东省,深圳市,龙岗区,114.154471,22.60615
1063,中国建设银行(深圳万科公园里支行),金融保险服务,银行,银行,广东省,深圳市,龙岗区,114.156331,22.605305
1064,深圳农村商业银行(沙西支行),金融保险服务,银行,深圳农村商业银行,广东省,深圳市,龙岗区,114.156697,22.618743
1065,中国光大银行(龙岗南湾支行),金融保险服务,银行,中国光大银行,广东省,深圳市,龙岗区,114.157282,22.604977
1066,珠海华润银行(公园里社区支行),金融保险服务,银行,银行,广东省,深圳市,龙岗区,114.156457,22.608458
1067,北京银行(深圳罗湖支行),金融保险服务,银行,北京银行,广东省,深圳市,罗湖区,114.114754,22.543314
1068,深圳农村商业银行(黄贝支行),金融保险服务,银行,深圳农村商业银行,广东省,深圳市,罗湖区,114.139414,22.5478
1069,杭州银行股份有限公司深圳罗湖支行,金融保险服务,银行,银行,广东省,深圳市,罗湖区,114.111809,22.543205
1070,平安银行(深圳莲塘支行),金融保险服务,银行,平安银行,广东省,深圳市,罗湖区,114.173794,22.561173
1071,中国银行(莲塘支行),金融保险服务,银行,中国银行,广东省,深圳市,罗湖区,114.172047,22.560458
1072,中国建设银行(深圳莲塘支行),金融保险服务,银行,中国建设银行,广东省,深圳市,罗湖区,114.173031,22.560629
1073,中国农业银行(深圳莲塘支行),金融保险服务,银行,中国农业银行,广东省,深圳市,罗湖区,114.171004,22.561832
1074,中国工商银行(深圳莲塘支行),金融保险服务,银行,中国工商银行,广东省,深圳市,罗湖区,114.169649,22.561935
1075,中国银行,金融保险服务,银行,中国银行,广东省,深圳市,罗湖区,114.169242,22.561941
1076,中国邮政储蓄银行(深圳莲塘支行),金融保险服务,银行,中国邮政储蓄银行,广东省,深圳市,罗湖区,114.17248,22.561441
1077,中国建设银行(深圳聚宝支行),金融保险服务,银行,中国建设银行,广东省,深圳市,罗湖区,114.169178,22.563442
1078,兴业银行(祥和花园社区支行),金融保险服务,银行,兴业银行,广东省,深圳市,罗湖区,114.169047,22.5617
1079,华润银行,金融保险服务,银行,银行,广东省,深圳市,罗湖区,114.169142,22.563391
1080,上海银行(深圳东部支行),金融保险服务,银行,上海银行,广东省,深圳市,罗湖区,114.156645,22.553311
1081,中国建设银行,金融保险服务,银行,中国建设银行,广东省,深圳市,龙岗区,114.230224,22.748908
1082,深圳农村商业银行,金融保险服务,银行,深圳农村商业银行,广东省,深圳市,龙岗区,114.230125,22.746616
1083,平安银行(深圳中心城支行),金融保险服务,银行,平安银行,广东省,深圳市,龙岗区,114.216305,22.721908
1084,中国银行(大运城支行),金融保险服务,银行,中国银行,广东省,深圳市,龙岗区,114.217224,22.721917
1085,上海浦东发展银行(龙城支行),金融保险服务,银行,上海浦东发展银行,广东省,深圳市,龙岗区,114.217593,22.722875
1086,中国工商银行(深圳龙城支行),金融保险服务,银行,中国工商银行,广东省,深圳市,龙岗区,114.216705,22.721917
1087,宁波银行(深圳龙岗支行),金融保险服务,银行,银行,广东省,深圳市,龙岗区,114.215664,22.721941
1088,深圳农村商业银行(和兴支行),金融保险服务,银行,深圳农村商业银行,广东省,深圳市,龙岗区,114.229415,22.721998
1089,招商银行(深圳龙城支行),金融保险服务,银行,招商银行,广东省,深圳市,龙岗区,114.217589,22.722964
1090,中国建设银行(深圳大运城支行),金融保险服务,银行,中国建设银行,广东省,深圳市,龙岗区,114.208093,22.709064
1091,中信银行(深圳龙岗支行),金融保险服务,银行,中信银行,广东省,深圳市,龙岗区,114.228659,22.722005
1092,深圳农村商业银行(黄阁坑支行),金融保险服务,银行,深圳农村商业银行,广东省,深圳市,龙岗区,114.212477,22.71201
1093,中国民生银行(龙城国际社区支行),金融保险服务,银行,中国民生银行,广东省,深圳市,龙岗区,114.230985,22.722123
1094,珠海华润银行,金融保险服务,银行,银行,广东省,深圳市,龙岗区,114.228162,22.728386
1095,珠海华润银行(深圳龙岗支行),金融保险服务,银行,银行,广东省,深圳市,龙岗区,114.228416,22.727604
1096,华夏银行(龙熙社区支行),金融保险服务,银行,华夏银行,广东省,深圳市,龙岗区,114.23041,22.727577
1097,平安银行(北理莫斯科支行),金融保险服务,银行,平安银行,广东省,深圳市,龙岗区,114.206116,22.679063
1098,中国银行(腾龙支行),金融保险服务,银行,中国银行,广东省,深圳市,龙岗区,114.219886,22.688475
1099,深圳农村商业银行(荷坳支行),金融保险服务,银行,农村商业银行,广东省,深圳市,龙岗区,114.222056,22.683893
1100,中国农业银行(深圳爱联支行),金融保险服务,银行,中国农业银行,广东省,深圳市,龙岗区,114.229324,22.698755
1101,中国建设银行(阳光天健微银行),金融保险服务,银行,中国建设银行,广东省,深圳市,龙岗区,114.222046,22.701219
1102,中国邮政储蓄银行(龙岗区支行),金融保险服务,银行,中国邮政储蓄银行,广东省,深圳市,龙岗区,114.231345,22.693372
1103,深圳农村商业银行(园山支行),金融保险服务,银行,深圳农村商业银行,广东省,深圳市,龙岗区,114.220381,22.662306
1104,中国农业银行(松柏路),金融保险服务,银行,中国农业银行,广东省,深圳市,龙岗区,114.210089,22.643978
1105,中国银行(横岗支行),金融保险服务,银行,中国银行,广东省,深圳市,龙岗区,114.21146,22.647732
1106,深圳农村商业银行(松柏支行),金融保险服务,银行,深圳农村商业银行,广东省,深圳市,龙岗区,114.211165,22.646928
1107,中国邮政储蓄银行(深圳宝华营业所),金融保险服务,银行,中国邮政储蓄银行,广东省,深圳市,龙岗区,114.210921,22.64434
1108,中国农业银行(深圳横岗支行),金融保险服务,银行,中国农业银行,广东省,深圳市,龙岗区,114.20776,22.64604
1109,平安银行(深圳横岗支行),金融保险服务,银行,平安银行,广东省,深圳市,龙岗区,114.19723,22.642232
1110,中国建设银行(深圳园山支行),金融保险服务,银行,中国建设银行,广东省,深圳市,龙岗区,114.20923,22.649585
1111,中信银行(横岗支行),金融保险服务,银行,中信银行,广东省,深圳市,龙岗区,114.208641,22.650263
1112,招商银行(横岗支行),金融保险服务,银行,招商银行,广东省,深圳市,龙岗区,114.195648,22.645095
1113,中国邮政储蓄银行(翠湖支行),金融保险服务,银行,中国邮政储蓄银行,广东省,深圳市,龙岗区,114.203759,22.643102
1114,中国银行(六约支行),金融保险服务,银行,中国银行,广东省,深圳市,龙岗区,114.195338,22.646428
1115,中国农业银行(横岗新区支行),金融保险服务,银行,中国农业银行,广东省,深圳市,龙岗区,114.194966,22.646848
1116,江苏银行(横岗支行),金融保险服务,银行,银行,广东省,深圳市,龙岗区,114.212176,22.65088
1117,交通银行(深圳横岗支行),金融保险服务,银行,交通银行,广东省,深圳市,龙岗区,114.19575,22.643292
1118,华夏银行深圳横岗支行,金融保险服务,银行,银行,广东省,深圳市,龙岗区,114.212131,22.650783
1119,上海浦东发展银行(横岗支行),金融保险服务,银行,上海浦东发展银行,广东省,深圳市,龙岗区,114.196787,22.64211
1120,中国光大银行(深圳横岗支行),金融保险服务,银行,中国光大银行,广东省,深圳市,龙岗区,114.20349,22.643308
1121,中国建设银行(深圳横岗支行),金融保险服务,银行,中国建设银行,广东省,深圳市,龙岗区,114.19245,22.646293
1122,中国邮政储蓄银行(横岗营业所),金融保险服务,银行,中国邮政储蓄银行,广东省,深圳市,龙岗区,114.198858,22.653745
1123,中国邮政储蓄银行(深圳六约营业所),金融保险服务,银行,中国邮政储蓄银行,广东省,深圳市,龙岗区,114.192287,22.636579
1124,兴业银行(深圳横岗支行),金融保险服务,银行,兴业银行,广东省,深圳市,龙岗区,114.211994,22.649984
1125,深圳农村商业银行,金融保险服务,银行,深圳农村商业银行,广东省,深圳市,龙岗区,114.191457,22.633398
1126,深圳农村商业银行(望桐路支行),金融保险服务,银行,深圳农村商业银行,广东省,深圳市,罗湖区,114.192567,22.592066
1127,深圳农村商业银行(西坑支行),金融保险服务,银行,深圳农村商业银行,广东省,深圳市,龙岗区,114.222967,22.618801
1128,深圳农村商业银行(四联支行),金融保险服务,银行,深圳农村商业银行,广东省,深圳市,龙岗区,114.200136,22.653848
1129,深圳农村商业银行(安良支行),金融保险服务,银行,深圳农村商业银行,广东省,深圳市,龙岗区,114.219347,22.629929
1130,中国农业银行(沙头角支行),金融保险服务,银行,中国农业银行,广东省,深圳市,盐田区,114.227439,22.550778
1131,中国建设银行(深圳沙头角支行),金融保险服务,银行,中国建设银行,广东省,深圳市,盐田区,114.231122,22.548323
1132,中国工商银行(深圳盐田支行),金融保险服务,银行,中国工商银行,广东省,深圳市,盐田区,114.230839,22.548167
1133,中国农业银行(深圳金融路支行),金融保险服务,银行,中国农业银行,广东省,深圳市,盐田区,114.230652,22.548041
1134,中国建设银行(园林路微银行),金融保险服务,银行,中国建设银行,广东省,深圳市,盐田区,114.222719,22.555703
1135,深圳农村商业银行(龙西支行),金融保险服务,银行,深圳农村商业银行,广东省,深圳市,龙岗区,114.248301,22.746572
1136,深圳农村商业银行(五联支行),金融保险服务,银行,深圳农村商业银行,广东省,深圳市,龙岗区,114.238247,22.746457
1137,深圳市农村商业银行(五联路支行),金融保险服务,银行,农村商业银行,广东省,深圳市,龙岗区,114.238326,22.746419
1138,招商银行(龙岗支行),金融保险服务,银行,招商银行,广东省,深圳市,龙岗区,114.251097,22.723458
1139,中国工商银行(龙翔支行),金融保险服务,银行,中国工商银行,广东省,深圳市,龙岗区,114.251561,22.721722
1140,中国银行(龙岗支行),金融保险服务,银行,中国银行,广东省,深圳市,龙岗区,114.247434,22.723276
1141,深圳农村商业银行(龙岗支行),金融保险服务,银行,深圳农村商业银行,广东省,深圳市,龙岗区,114.249257,22.723162
1142,广州银行(龙岗支行),金融保险服务,银行,银行,广东省,深圳市,龙岗区,114.252977,22.726529
1143,中国农业银行(珠江广场支行),金融保险服务,银行,中国农业银行,广东省,深圳市,龙岗区,114.25003,22.72258
1144,中国光大银行(龙岗支行),金融保险服务,银行,中国光大银行,广东省,深圳市,龙岗区,114.253632,22.719459
1145,华夏银行(龙岗支行),金融保险服务,银行,华夏银行,广东省,深圳市,龙岗区,114.248572,22.72388
1146,平安银行(深圳龙岗支行),金融保险服务,银行,平安银行,广东省,深圳市,龙岗区,114.238036,22.713479
1147,深圳农村商业银行(南联支行),金融保险服务,银行,深圳农村商业银行,广东省,深圳市,龙岗区,114.255462,22.718833
1148,中国建设银行(深圳龙岗支行),金融保险服务,银行,中国建设银行,广东省,深圳市,龙岗区,114.250441,22.722341
1149,华夏银行(宝能all city购物中心龙岗店),金融保险服务,银行,华夏银行,广东省,深圳市,龙岗区,114.248553,22.723888
1150,江苏银行(深圳龙岗支行),金融保险服务,银行,银行,广东省,深圳市,龙岗区,114.251442,22.726202
1151,广发银行(龙岗支行),金融保险服务,银行,广发银行,广东省,深圳市,龙岗区,114.235468,22.724576
1152,交通银行(深圳龙岗支行),金融保险服务,银行,交通银行,广东省,深圳市,龙岗区,114.237563,22.725013
1153,中国农业银行(深圳中心城支行),金融保险服务,银行,中国农业银行,广东省,深圳市,龙岗区,114.241174,22.719898
1154,中国银行(龙兴支行),金融保险服务,银行,中国银行,广东省,深圳市,龙岗区,114.270016,22.723915
1155,中银富登,金融保险服务,银行,银行,广东省,深圳市,龙岗区,114.251099,22.725277
1156,农村商业银行龙岗支行(龙城建设路店),金融保险服务,银行,农村商业银行,广东省,深圳市,龙岗区,114.249384,22.723299
1157,中国民生银行(龙城支行),金融保险服务,银行,中国民生银行,广东省,深圳市,龙岗区,114.244278,22.730058
1158,上海浦东发展银行(龙岗支行),金融保险服务,银行,上海浦东发展银行,广东省,深圳市,龙岗区,114.241491,22.714356
1159,中国邮政储蓄银行(万象天成营业所),金融保险服务,银行,中国邮政储蓄银行,广东省,深圳市,龙岗区,114.253093,22.723307
1160,深圳龙岗中银富登村镇银行,金融保险服务,银行,银行,广东省,深圳市,龙岗区,114.251009,22.725132
1161,东莞银行(深圳龙岗支行),金融保险服务,银行,银行,广东省,深圳市,龙岗区,114.251416,22.728093
1162,中国建设银行(峦山谷社区支行),金融保险服务,银行,中国建设银行,广东省,深圳市,龙岗区,114.268271,22.687831
1163,中国邮政储蓄银行爱联营业所,金融保险服务,银行,中国邮政储蓄银行,广东省,深圳市,龙岗区,114.23534,22.693482
1164,深圳农村商业银行(龙城支行),金融保险服务,银行,深圳农村商业银行,广东省,深圳市,龙岗区,114.232621,22.696164
1165,宁波银行,金融保险服务,银行,银行,广东省,深圳市,龙岗区,114.244402,22.664124
1166,杭州银行(龙岗支行),金融保险服务,银行,银行,广东省,深圳市,龙岗区,114.231671,22.694424
1167,北京银行(龙岗支行),金融保险服务,银行,北京银行,广东省,深圳市,龙岗区,114.233681,22.697893
1168,渤海银行(深圳龙岗支行),金融保险服务,银行,银行,广东省,深圳市,龙岗区,114.232657,22.722196
1169,兴业银行(龙岗支行),金融保险服务,银行,兴业银行,广东省,深圳市,龙岗区,114.238429,22.711611
1170,浙商银行(深圳龙岗支行),金融保险服务,银行,银行,广东省,深圳市,龙岗区,114.244194,22.732094
1171,中国邮政储蓄银行(深圳大康支行),金融保险服务,银行,中国邮政储蓄银行,广东省,深圳市,龙岗区,114.231771,22.644008
1172,深圳农村商业银行(大康支行),金融保险服务,银行,深圳农村商业银行,广东省,深圳市,龙岗区,114.232568,22.644878
1173,深圳农村商业银行(鹏达支行),金融保险服务,银行,深圳农村商业银行,广东省,深圳市,龙岗区,114.269021,22.723077
1174,中国农业银行(公园大地支行),金融保险服务,银行,中国农业银行,广东省,深圳市,龙岗区,114.23475,22.708406
1175,平安银行(深圳盐田支行),金融保险服务,银行,平安银行,广东省,深圳市,盐田区,114.257459,22.591514
1176,邮储银行(盐田档案中心),金融保险服务,银行,银行,广东省,深圳市,盐田区,114.247505,22.598081
1177,中国银行(金港支行),金融保险服务,银行,中国银行,广东省,深圳市,盐田区,114.255169,22.589508
1178,中国农业银行(深圳盐田支行),金融保险服务,银行,中国农业银行,广东省,深圳市,盐田区,114.254662,22.588499
1179,中国建设银行(梧桐山支行),金融保险服务,银行,中国建设银行,广东省,深圳市,盐田区,114.256946,22.589759
1180,中国工商银行(盐田港区支行),金融保险服务,银行,中国工商银行,广东省,深圳市,盐田区,114.25141,22.588754
1181,桂林米粉店人人乐入口处和农业银行,金融保险服务,银行,中国农业银行,广东省,深圳市,盐田区,114.254671,22.588427
1182,徽商银行(深圳龙岗支行),金融保险服务,银行,银行,广东省,深圳市,龙岗区,114.235859,22.709401
1183,宁波银行(深圳盐田支行),金融保险服务,银行,银行,广东省,深圳市,盐田区,114.250318,22.566344
1184,善行银行,金融保险服务,银行,银行,广东省,深圳市,盐田区,114.246265,22.563544
1185,北京银行(大百汇生命健康产业园小微支行),金融保险服务,银行,北京银行,广东省,深圳市,盐田区,114.250135,22.566179
1186,平安银行(深圳沙头角支行),金融保险服务,银行,平安银行,广东省,深圳市,盐田区,114.231785,22.549806
1187,招商银行(深圳盐田支行),金融保险服务,银行,招商银行,广东省,深圳市,盐田区,114.237385,22.55071
1188,中国银行(东部支行),金融保险服务,银行,中国银行,广东省,深圳市,盐田区,114.231516,22.548961
1189,交通银行(深圳盐田支行),金融保险服务,银行,交通银行,广东省,深圳市,盐田区,114.234611,22.553151
1190,上海银行股份有限公司深圳盐田支行,金融保险服务,银行,银行,广东省,深圳市,盐田区,114.243957,22.557348
1191,中国工商银行(深圳保税区支行),金融保险服务,银行,中国工商银行,广东省,深圳市,盐田区,114.239291,22.556781
1192,中国民生银行(深圳盐田支行),金融保险服务,银行,中国民生银行,广东省,深圳市,盐田区,114.231485,22.546545
1193,中国建设银行(盐田支行),金融保险服务,银行,中国建设银行,广东省,深圳市,盐田区,114.237271,22.554623
1194,兴业银行(深圳盐田支行),金融保险服务,银行,兴业银行,广东省,深圳市,盐田区,114.235064,22.551115
1195,中国邮政储蓄银行(深圳沙盐支行),金融保险服务,银行,中国邮政储蓄银行,广东省,深圳市,盐田区,114.237093,22.551892
1196,中信银行(盐田支行),金融保险服务,银行,中信银行,广东省,深圳市,盐田区,114.236942,22.549735
1197,中国农业银行(深圳东部支行),金融保险服务,银行,中国农业银行,广东省,深圳市,盐田区,114.238865,22.555568
1198,中国建设银行(深圳碧桐海苑支行),金融保险服务,银行,中国建设银行,广东省,深圳市,盐田区,114.236809,22.55956
1199,深圳农村商业银行(盐田支行),金融保险服务,银行,深圳农村商业银行,广东省,深圳市,盐田区,114.240606,22.553274
1200,江苏银行(深圳沙头角社区支行),金融保险服务,银行,银行,广东省,深圳市,盐田区,114.237276,22.551877
1201,中国工商银行(深圳中英街支行),金融保险服务,银行,中国工商银行,广东省,深圳市,盐田区,114.23146,22.543941
1202,中国邮政储蓄银行(深圳新生营业所),金融保险服务,银行,中国邮政储蓄银行,广东省,深圳市,龙岗区,114.270853,22.74142
1203,中国工商银行(深圳双龙支行),金融保险服务,银行,中国工商银行,广东省,深圳市,龙岗区,114.271123,22.726103
1204,深圳农村商业银行(坪西支行),金融保险服务,银行,深圳农村商业银行,广东省,深圳市,龙岗区,114.284192,22.76297
1205,中国工商银行(坪地支行),金融保险服务,银行,中国工商银行,广东省,深圳市,龙岗区,114.300863,22.770431
1206,深圳农村商业银行(坪地支行),金融保险服务,银行,深圳农村商业银行,广东省,深圳市,龙岗区,114.306004,22.768873
1207,中国建设银行(深圳坪地支行),金融保险服务,银行,中国建设银行,广东省,深圳市,龙岗区,114.306962,22.767007
1208,中国银行(坪地支行),金融保险服务,银行,中国银行,广东省,深圳市,龙岗区,114.310309,22.770486
1209,中国农业银行(坪地支行),金融保险服务,银行,中国农业银行,广东省,深圳市,龙岗区,114.308619,22.771202
1210,中国农业银行(新生支行),金融保险服务,银行,中国农业银行,广东省,深圳市,龙岗区,114.277262,22.748155
1211,中国农业银行(裕华支行),金融保险服务,银行,中国农业银行,广东省,深圳市,龙岗区,114.305925,22.769462
1212,中国农业银行(深圳坪地支行),金融保险服务,银行,中国农业银行,广东省,深圳市,龙岗区,114.308664,22.771539
1213,中国邮政储蓄银行(坪地营业所),金融保险服务,银行,中国邮政储蓄银行,广东省,深圳市,龙岗区,114.306272,22.76631
1214,鼎业村镇银行(坪地支行),金融保险服务,银行,银行,广东省,深圳市,龙岗区,114.299784,22.780422
1215,中国邮政储蓄银行(源盛营业所),金融保险服务,银行,中国邮政储蓄银行,广东省,深圳市,龙岗区,114.290983,22.72281
1216,深圳农村商业银行(龙东支行),金融保险服务,银行,深圳农村商业银行,广东省,深圳市,龙岗区,114.290881,22.723115
1217,中国工商银行(龙东支行),金融保险服务,银行,中国工商银行,广东省,深圳市,龙岗区,114.296375,22.722629
1218,平安银行(深圳双龙支行),金融保险服务,银行,平安银行,广东省,深圳市,龙岗区,114.271482,22.721147
1219,深圳农村商业银行(工业区支行),金融保险服务,银行,深圳农村商业银行,广东省,深圳市,龙岗区,114.301257,22.731316
1220,中国农业银行(深圳龙兴支行),金融保险服务,银行,中国农业银行,广东省,深圳市,龙岗区,114.2768,22.729724
1221,深圳农村商业银行(新生支行),金融保险服务,银行,深圳农村商业银行,广东省,深圳市,龙岗区,114.282111,22.740933
1222,深圳农村商业银行(同乐支行),金融保险服务,银行,深圳农村商业银行,广东省,深圳市,龙岗区,114.307583,22.71078
1223,中国邮政储蓄银行(龙岗支行),金融保险服务,银行,中国邮政储蓄银行,广东省,深圳市,龙岗区,114.276593,22.730352
1224,深圳农村商业银行(大和支行),金融保险服务,银行,深圳农村商业银行,广东省,深圳市,龙岗区,114.278944,22.731178
1225,深圳农村商业银行(福宁支行),金融保险服务,银行,深圳农村商业银行,广东省,深圳市,龙岗区,114.273099,22.733369
1226,中国邮政储蓄银行(宝荷支行),金融保险服务,银行,中国邮政储蓄银行,广东省,深圳市,龙岗区,114.290058,22.688658
1227,深圳农村商业银行(碧岭支行),金融保险服务,银行,农村商业银行,广东省,深圳市,坪山区,114.291176,22.667833
1228,中国光大银行(宝龙支行),金融保险服务,银行,中国光大银行,广东省,深圳市,龙岗区,114.298383,22.688881
1229,深圳农村商业银行,金融保险服务,银行,深圳农村商业银行,广东省,深圳市,龙岗区,114.28659,22.69385
1230,深圳农村商业银行(南约支行),金融保险服务,银行,深圳农村商业银行,广东省,深圳市,龙岗区,114.276374,22.69574
1231,中国邮政储蓄银行(盐田支行),金融保险服务,银行,中国邮政储蓄银行,广东省,深圳市,盐田区,114.272405,22.586699
1232,深圳农村商业银行(盐港支行)(暂停营业),金融保险服务,银行,深圳农村商业银行,广东省,深圳市,盐田区,114.27756,22.586649
1233,中国建设银行(深圳湾仔大梅沙奥特莱斯支行),金融保险服务,银行,中国建设银行,广东省,深圳市,盐田区,114.308833,22.599916
1234,深圳农村商业银行(坪惠支行),金融保险服务,银行,深圳农村商业银行,广东省,深圳市,龙岗区,114.326943,22.786789
1235,深圳农村商业银行(年丰支行),金融保险服务,银行,深圳农村商业银行,广东省,深圳市,龙岗区,114.331563,22.765717
1236,深圳农村商业银行(坪东支行),金融保险服务,银行,深圳农村商业银行,广东省,深圳市,龙岗区,114.31367,22.767035
1237,深圳农村商业银行(富民支行),金融保险服务,银行,深圳农村商业银行,广东省,深圳市,龙岗区,114.313984,22.774642
1238,银行承兑汇票,金融保险服务,银行,银行,广东省,深圳市,坪山区,114.350242,22.758641
1239,中国农业银行(阳新路)(暂停营业),金融保险服务,银行,中国农业银行,广东省,深圳市,龙岗区,114.315192,22.714045
1240,中国农业银行(坪山区支行),金融保险服务,银行,中国农业银行,广东省,深圳市,坪山区,114.344196,22.705497
1241,中国银行(坪山区支行),金融保险服务,银行,中国银行,广东省,深圳市,坪山区,114.344084,22.705841
1242,上海浦东发展银行(坪山支行),金融保险服务,银行,上海浦东发展银行,广东省,深圳市,坪山区,114.32903,22.677865
1243,中信银行(深圳坪山支行),金融保险服务,银行,中信银行,广东省,深圳市,坪山区,114.334129,22.680955
1244,中国银行(坪山支行),金融保险服务,银行,中国银行,广东省,深圳市,坪山区,114.33841,22.684724
1245,华夏银行(深圳坪山支行),金融保险服务,银行,银行,广东省,深圳市,坪山区,114.333897,22.681707
1246,中国民生银行(坪山支行),金融保险服务,银行,中国民生银行,广东省,深圳市,坪山区,114.330028,22.67844
1247,宁波银行(深圳坪山支行),金融保险服务,银行,银行,广东省,深圳市,坪山区,114.335105,22.68147
1248,平安银行(深圳坪山新区支行),金融保险服务,银行,平安银行,广东省,深圳市,坪山区,114.346614,22.696042
1249,交通银行(深圳坪山支行),金融保险服务,银行,交通银行,广东省,深圳市,坪山区,114.34328,22.686181
1250,浙商银行(深圳坪山支行),金融保险服务,银行,银行,广东省,深圳市,坪山区,114.335434,22.680559
1251,江苏银行(深圳坪山支行),金融保险服务,银行,银行,广东省,深圳市,坪山区,114.328513,22.678928
1252,珠江村镇银行,金融保险服务,银行,银行,广东省,深圳市,坪山区,114.334059,22.676725
1253,深圳农村商业银行(东门支行),金融保险服务,银行,深圳农村商业银行,广东省,深圳市,坪山区,114.350414,22.686562
1254,中国农业银行(深圳坪山支行),金融保险服务,银行,中国农业银行,广东省,深圳市,坪山区,114.347932,22.689539
1255,中国邮政储蓄银行(坪山营业所),金融保险服务,银行,中国邮政储蓄银行,广东省,深圳市,坪山区,114.341686,22.690039
1256,中国工商银行(深圳坪山支行),金融保险服务,银行,中国工商银行,广东省,深圳市,坪山区,114.336174,22.682195
1257,深圳农村商业银行(六联支行),金融保险服务,银行,深圳农村商业银行,广东省,深圳市,坪山区,114.338315,22.691795
1258,深圳农村商业银行(坪山支行),金融保险服务,银行,深圳农村商业银行,广东省,深圳市,坪山区,114.347627,22.697393
1259,招商银行(坪山支行),金融保险服务,银行,招商银行,广东省,深圳市,坪山区,114.337965,22.693084
1260,中国建设银行(坪山支行),金融保险服务,银行,中国建设银行,广东省,深圳市,坪山区,114.33919,22.683774
1261,中国邮政储蓄银行(深圳建设营业所),金融保险服务,银行,中国邮政储蓄银行,广东省,深圳市,坪山区,114.348322,22.68952
1262,深圳坪山珠江村镇银行(益田假日世界),金融保险服务,银行,银行,广东省,深圳市,坪山区,114.338991,22.693655
1263,深圳农村商业银行(汤坑支行),金融保险服务,银行,深圳农村商业银行,广东省,深圳市,坪山区,114.319219,22.673748
1264,平安银行(深圳梅沙支行),金融保险服务,银行,平安银行,广东省,深圳市,盐田区,114.312887,22.599187
1265,中国建设银行(龙湾市场路),金融保险服务,银行,中国建设银行,广东省,深圳市,坪山区,114.369832,22.755056
1266,中国农业银行(坑梓支行),金融保险服务,银行,中国农业银行,广东省,深圳市,坪山区,114.370898,22.744422
1267,中国银行(坑梓支行),金融保险服务,银行,中国银行,广东省,深圳市,坪山区,114.371359,22.744384
1268,深圳农村商业银行(秀新支行),金融保险服务,银行,深圳农村商业银行,广东省,深圳市,坪山区,114.378803,22.747058
1269,中国邮政储蓄银行(坑梓支行),金融保险服务,银行,中国邮政储蓄银行,广东省,深圳市,坪山区,114.383375,22.747225
1270,中国建设银行(深圳坑梓支行),金融保险服务,银行,中国建设银行,广东省,深圳市,坪山区,114.373559,22.744153
1271,深圳农村商业银行(坑梓支行),金融保险服务,银行,深圳农村商业银行,广东省,深圳市,坪山区,114.372933,22.744449
1272,深圳农村商业银行(老坑支行),金融保险服务,银行,深圳农村商业银行,广东省,深圳市,坪山区,114.371389,22.73561
1273,深圳农村商业银行(沙坣支行),金融保险服务,银行,深圳农村商业银行,广东省,深圳市,坪山区,114.36295,22.686717
1274,深圳农村商业银行,金融保险服务,银行,深圳农村商业银行,广东省,深圳市,坪山区,114.357987,22.682385
1275,深圳农村商业银行(石井支行),金融保险服务,银行,深圳农村商业银行,广东省,深圳市,坪山区,114.378701,22.689134
1276,深圳农村商业银行(沙田支行),金融保险服务,银行,深圳农村商业银行,广东省,深圳市,坪山区,114.401678,22.757506
1277,深圳农村商业银行(金沙支行),金融保险服务,银行,深圳农村商业银行,广东省,深圳市,坪山区,114.397902,22.753375
1278,深圳农村商业银行(大工业区支行),金融保险服务,银行,深圳农村商业银行,广东省,深圳市,坪山区,114.396273,22.711363
1279,中信银行(竹韵花园支行),金融保险服务,银行,中信银行,广东省,深圳市,坪山区,114.402094,22.70331
1280,农村商业银行,金融保险服务,银行,农村商业银行,广东省,深圳市,坪山区,114.404152,22.69293
1281,深圳农村商业银行(田坑支行),金融保险服务,银行,深圳农村商业银行,广东省,深圳市,坪山区,114.404342,22.693111
1282,中国工商银行(深圳葵涌支行),金融保险服务,银行,中国工商银行,广东省,深圳市,龙岗区,114.42157,22.632155
1283,中国银行(葵涌支行),金融保险服务,银行,中国银行,广东省,深圳市,龙岗区,114.420041,22.62937
1284,中国农业银行(葵涌支行),金融保险服务,银行,中国农业银行,广东省,深圳市,龙岗区,114.421746,22.632598
1285,深圳农村商业银行(葵涌支行),金融保险服务,银行,深圳农村商业银行,广东省,深圳市,龙岗区,114.421825,22.632503
1286,中国邮政储蓄银行(葵冲营业所),金融保险服务,银行,中国邮政储蓄银行,广东省,深圳市,龙岗区,114.418691,22.630538
1287,中国建设银行(葵涌支行),金融保险服务,银行,中国建设银行,广东省,深圳市,龙岗区,114.418637,22.629517
1288,平安银行(深圳大鹏支行),金融保险服务,银行,平安银行,广东省,深圳市,龙岗区,114.426656,22.639709
1289,中信银行(深圳大鹏新区支行),金融保险服务,银行,中信银行,广东省,深圳市,龙岗区,114.424995,22.639342
1290,深圳农村商业银行(土洋分社),金融保险服务,银行,深圳农村商业银行,广东省,深圳市,龙岗区,114.40562,22.61396
1291,中国建设银行(深圳大鹏支行),金融保险服务,银行,中国建设银行,广东省,深圳市,龙岗区,114.480981,22.596207
1292,交通银行(大鹏支行),金融保险服务,银行,交通银行,广东省,深圳市,龙岗区,114.480865,22.596279
1293,中国银行(大鹏支行),金融保险服务,银行,中国银行,广东省,深圳市,龙岗区,114.475704,22.592662
1294,深圳农村商业银行(大鹏支行),金融保险服务,银行,深圳农村商业银行,广东省,深圳市,龙岗区,114.479417,22.596261
1295,中国农业银行(深圳大鹏支行),金融保险服务,银行,中国农业银行,广东省,深圳市,龙岗区,114.474904,22.593552
1296,中国邮政储蓄银行(大鹏营业所),金融保险服务,银行,中国邮政储蓄银行,广东省,深圳市,龙岗区,114.473798,22.595584
1297,深圳农村商业银行(水头支行),金融保险服务,银行,深圳农村商业银行,广东省,深圳市,龙岗区,114.494268,22.566333
1298,深圳农村商业银行(南澳支行),金融保险服务,银行,深圳农村商业银行,广东省,深圳市,龙岗区,114.492777,22.534242
1299,中国农业银行ATM(南澳支行),金融保险服务,银行,中国农业银行,广东省,深圳市,龙岗区,114.492447,22.534245
1300,深圳农村商业银行(鹏城支行),金融保险服务,银行,深圳农村商业银行,广东省,深圳市,龙岗区,114.512087,22.592085
1301,深圳农村商业银行(新大支行),金融保险服务,银行,深圳农村商业银行,广东省,深圳市,龙岗区,114.516762,22.535095
1302,深圳农村商业银行(东冲支行),金融保险服务,银行,深圳农村商业银行,广东省,深圳市,龙岗区,114.572829,22.493659
